tag,step,value,fold,seed
rollout/ep_len_mean,512,1.0,f2005,42
rollout/ep_len_mean,1024,1.0,f2005,42
rollout/ep_len_mean,1536,1.0,f2005,42
rollout/ep_len_mean,2048,1.0,f2005,42
rollout/ep_len_mean,2560,1.0,f2005,42
rollout/ep_len_mean,3072,1.0,f2005,42
rollout/ep_len_mean,3584,1.0,f2005,42
rollout/ep_len_mean,4096,1.0,f2005,42
rollout/ep_len_mean,4608,1.0,f2005,42
rollout/ep_len_mean,5120,1.0,f2005,42
rollout/ep_len_mean,5632,1.0,f2005,42
rollout/ep_len_mean,6144,1.0,f2005,42
rollout/ep_len_mean,6656,1.0,f2005,42
rollout/ep_len_mean,7168,1.0,f2005,42
rollout/ep_len_mean,7680,1.0,f2005,42
rollout/ep_len_mean,8192,1.0,f2005,42
rollout/ep_len_mean,8704,1.0,f2005,42
rollout/ep_len_mean,9216,1.0,f2005,42
rollout/ep_len_mean,9728,1.0,f2005,42
rollout/ep_len_mean,10240,1.0,f2005,42
rollout/ep_len_mean,10752,1.0,f2005,42
rollout/ep_len_mean,11264,1.0,f2005,42
rollout/ep_len_mean,11776,1.0,f2005,42
rollout/ep_len_mean,12288,1.0,f2005,42
rollout/ep_len_mean,12800,1.0,f2005,42
rollout/ep_len_mean,13312,1.0,f2005,42
rollout/ep_len_mean,13824,1.0,f2005,42
rollout/ep_len_mean,14336,1.0,f2005,42
rollout/ep_len_mean,14848,1.0,f2005,42
rollout/ep_len_mean,15360,1.0,f2005,42
rollout/ep_len_mean,15872,1.0,f2005,42
rollout/ep_len_mean,16384,1.0,f2005,42
rollout/ep_len_mean,16896,1.0,f2005,42
rollout/ep_len_mean,17408,1.0,f2005,42
rollout/ep_len_mean,17920,1.0,f2005,42
rollout/ep_len_mean,18432,1.0,f2005,42
rollout/ep_len_mean,18944,1.0,f2005,42
rollout/ep_len_mean,19456,1.0,f2005,42
rollout/ep_len_mean,19968,1.0,f2005,42
rollout/ep_len_mean,20480,1.0,f2005,42
rollout/ep_len_mean,20992,1.0,f2005,42
rollout/ep_len_mean,21504,1.0,f2005,42
rollout/ep_len_mean,22016,1.0,f2005,42
rollout/ep_len_mean,22528,1.0,f2005,42
rollout/ep_len_mean,23040,1.0,f2005,42
rollout/ep_len_mean,23552,1.0,f2005,42
rollout/ep_len_mean,24064,1.0,f2005,42
rollout/ep_len_mean,24576,1.0,f2005,42
rollout/ep_rew_mean,512,1.1258691549301147,f2005,42
rollout/ep_rew_mean,1024,1.0992465019226074,f2005,42
rollout/ep_rew_mean,1536,1.117677092552185,f2005,42
rollout/ep_rew_mean,2048,1.1195366382598877,f2005,42
rollout/ep_rew_mean,2560,1.1136382818222046,f2005,42
rollout/ep_rew_mean,3072,1.1342811584472656,f2005,42
rollout/ep_rew_mean,3584,1.1295198202133179,f2005,42
rollout/ep_rew_mean,4096,1.1231757402420044,f2005,42
rollout/ep_rew_mean,4608,1.1530975103378296,f2005,42
rollout/ep_rew_mean,5120,1.1315233707427979,f2005,42
rollout/ep_rew_mean,5632,1.1298459768295288,f2005,42
rollout/ep_rew_mean,6144,1.143810749053955,f2005,42
rollout/ep_rew_mean,6656,1.1603736877441406,f2005,42
rollout/ep_rew_mean,7168,1.1470606327056885,f2005,42
rollout/ep_rew_mean,7680,1.1447843313217163,f2005,42
rollout/ep_rew_mean,8192,1.1640044450759888,f2005,42
rollout/ep_rew_mean,8704,1.15372633934021,f2005,42
rollout/ep_rew_mean,9216,1.152174949645996,f2005,42
rollout/ep_rew_mean,9728,1.1711688041687012,f2005,42
rollout/ep_rew_mean,10240,1.1503534317016602,f2005,42
rollout/ep_rew_mean,10752,1.1346797943115234,f2005,42
rollout/ep_rew_mean,11264,1.1534231901168823,f2005,42
rollout/ep_rew_mean,11776,1.1567189693450928,f2005,42
rollout/ep_rew_mean,12288,1.1710946559906006,f2005,42
rollout/ep_rew_mean,12800,1.1793248653411865,f2005,42
rollout/ep_rew_mean,13312,1.1806647777557373,f2005,42
rollout/ep_rew_mean,13824,1.169229507446289,f2005,42
rollout/ep_rew_mean,14336,1.1617140769958496,f2005,42
rollout/ep_rew_mean,14848,1.1717585325241089,f2005,42
rollout/ep_rew_mean,15360,1.1607807874679565,f2005,42
rollout/ep_rew_mean,15872,1.1511080265045166,f2005,42
rollout/ep_rew_mean,16384,1.1822879314422607,f2005,42
rollout/ep_rew_mean,16896,1.148150086402893,f2005,42
rollout/ep_rew_mean,17408,1.1663503646850586,f2005,42
rollout/ep_rew_mean,17920,1.1610548496246338,f2005,42
rollout/ep_rew_mean,18432,1.1789050102233887,f2005,42
rollout/ep_rew_mean,18944,1.1825522184371948,f2005,42
rollout/ep_rew_mean,19456,1.1699881553649902,f2005,42
rollout/ep_rew_mean,19968,1.1691505908966064,f2005,42
rollout/ep_rew_mean,20480,1.1821075677871704,f2005,42
rollout/ep_rew_mean,20992,1.182422399520874,f2005,42
rollout/ep_rew_mean,21504,1.1736228466033936,f2005,42
rollout/ep_rew_mean,22016,1.1851743459701538,f2005,42
rollout/ep_rew_mean,22528,1.1757365465164185,f2005,42
rollout/ep_rew_mean,23040,1.1645574569702148,f2005,42
rollout/ep_rew_mean,23552,1.1733202934265137,f2005,42
rollout/ep_rew_mean,24064,1.1830898523330688,f2005,42
rollout/ep_rew_mean,24576,1.1773293018341064,f2005,42
time/fps,512,1.0,f2005,42
time/fps,1024,1.0,f2005,42
time/fps,1536,1.0,f2005,42
time/fps,2048,1.0,f2005,42
time/fps,2560,1.0,f2005,42
time/fps,3072,1.0,f2005,42
time/fps,3584,1.0,f2005,42
time/fps,4096,1.0,f2005,42
time/fps,4608,1.0,f2005,42
time/fps,5120,1.0,f2005,42
time/fps,5632,1.0,f2005,42
time/fps,6144,1.0,f2005,42
time/fps,6656,1.0,f2005,42
time/fps,7168,1.0,f2005,42
time/fps,7680,1.0,f2005,42
time/fps,8192,1.0,f2005,42
time/fps,8704,1.0,f2005,42
time/fps,9216,1.0,f2005,42
time/fps,9728,1.0,f2005,42
time/fps,10240,1.0,f2005,42
time/fps,10752,1.0,f2005,42
time/fps,11264,1.0,f2005,42
time/fps,11776,2.0,f2005,42
time/fps,12288,2.0,f2005,42
time/fps,12800,2.0,f2005,42
time/fps,13312,2.0,f2005,42
time/fps,13824,2.0,f2005,42
time/fps,14336,2.0,f2005,42
time/fps,14848,2.0,f2005,42
time/fps,15360,2.0,f2005,42
time/fps,15872,2.0,f2005,42
time/fps,16384,2.0,f2005,42
time/fps,16896,2.0,f2005,42
time/fps,17408,2.0,f2005,42
time/fps,17920,2.0,f2005,42
time/fps,18432,2.0,f2005,42
time/fps,18944,2.0,f2005,42
time/fps,19456,2.0,f2005,42
time/fps,19968,2.0,f2005,42
time/fps,20480,2.0,f2005,42
time/fps,20992,2.0,f2005,42
time/fps,21504,2.0,f2005,42
time/fps,22016,2.0,f2005,42
time/fps,22528,2.0,f2005,42
time/fps,23040,3.0,f2005,42
time/fps,23552,3.0,f2005,42
time/fps,24064,3.0,f2005,42
time/fps,24576,3.0,f2005,42
train/approx_kl,1024,0.004922753199934959,f2005,42
train/approx_kl,1536,0.004108008928596973,f2005,42
train/approx_kl,2048,0.005837149452418089,f2005,42
train/approx_kl,2560,0.009129758924245834,f2005,42
train/approx_kl,3072,0.00796517450362444,f2005,42
train/approx_kl,3584,0.010790449567139149,f2005,42
train/approx_kl,4096,0.00899600051343441,f2005,42
train/approx_kl,4608,0.009281042031943798,f2005,42
train/approx_kl,5120,0.009372681379318237,f2005,42
train/approx_kl,5632,0.01306167058646679,f2005,42
train/approx_kl,6144,0.011485112830996513,f2005,42
train/approx_kl,6656,0.008675020188093185,f2005,42
train/approx_kl,7168,0.010909194126725197,f2005,42
train/approx_kl,7680,0.011873701587319374,f2005,42
train/approx_kl,8192,0.008779589086771011,f2005,42
train/approx_kl,8704,0.011791259050369263,f2005,42
train/approx_kl,9216,0.008725279942154884,f2005,42
train/approx_kl,9728,0.008881045505404472,f2005,42
train/approx_kl,10240,0.010006831958889961,f2005,42
train/approx_kl,10752,0.008592061698436737,f2005,42
train/approx_kl,11264,0.008784567005932331,f2005,42
train/approx_kl,11776,0.01028287224471569,f2005,42
train/approx_kl,12288,0.014667234383523464,f2005,42
train/approx_kl,12800,0.01174320187419653,f2005,42
train/approx_kl,13312,0.010909010656177998,f2005,42
train/approx_kl,13824,0.015764791518449783,f2005,42
train/approx_kl,14336,0.010352479293942451,f2005,42
train/approx_kl,14848,0.0093909353017807,f2005,42
train/approx_kl,15360,0.008967099711298943,f2005,42
train/approx_kl,15872,0.013001695275306702,f2005,42
train/approx_kl,16384,0.01032845675945282,f2005,42
train/approx_kl,16896,0.01364397443830967,f2005,42
train/approx_kl,17408,0.008993111550807953,f2005,42
train/approx_kl,17920,0.010835866443812847,f2005,42
train/approx_kl,18432,0.01236150972545147,f2005,42
train/approx_kl,18944,0.01101658120751381,f2005,42
train/approx_kl,19456,0.011247685179114342,f2005,42
train/approx_kl,19968,0.006869225297123194,f2005,42
train/approx_kl,20480,0.010532592423260212,f2005,42
train/approx_kl,20992,0.007064196281135082,f2005,42
train/approx_kl,21504,0.010484546422958374,f2005,42
train/approx_kl,22016,0.009715680032968521,f2005,42
train/approx_kl,22528,0.011531757190823555,f2005,42
train/approx_kl,23040,0.014437015168368816,f2005,42
train/approx_kl,23552,0.010366084054112434,f2005,42
train/approx_kl,24064,0.014301775023341179,f2005,42
train/approx_kl,24576,0.011469126679003239,f2005,42
train/clip_fraction,1024,0.02011718787252903,f2005,42
train/clip_fraction,1536,0.0107421875,f2005,42
train/clip_fraction,2048,0.01601562462747097,f2005,42
train/clip_fraction,2560,0.03671874850988388,f2005,42
train/clip_fraction,3072,0.04218750074505806,f2005,42
train/clip_fraction,3584,0.05820312350988388,f2005,42
train/clip_fraction,4096,0.0478515625,f2005,42
train/clip_fraction,4608,0.048828125,f2005,42
train/clip_fraction,5120,0.0537109375,f2005,42
train/clip_fraction,5632,0.0712890625,f2005,42
train/clip_fraction,6144,0.06171875074505806,f2005,42
train/clip_fraction,6656,0.05410156399011612,f2005,42
train/clip_fraction,7168,0.05429687350988388,f2005,42
train/clip_fraction,7680,0.06699218600988388,f2005,42
train/clip_fraction,8192,0.04160156100988388,f2005,42
train/clip_fraction,8704,0.07421875,f2005,42
train/clip_fraction,9216,0.05683593824505806,f2005,42
train/clip_fraction,9728,0.048828125,f2005,42
train/clip_fraction,10240,0.0634765625,f2005,42
train/clip_fraction,10752,0.03828125074505806,f2005,42
train/clip_fraction,11264,0.05136718600988388,f2005,42
train/clip_fraction,11776,0.07363281399011612,f2005,42
train/clip_fraction,12288,0.08476562798023224,f2005,42
train/clip_fraction,12800,0.07148437201976776,f2005,42
train/clip_fraction,13312,0.06718750298023224,f2005,42
train/clip_fraction,13824,0.09511718899011612,f2005,42
train/clip_fraction,14336,0.064453125,f2005,42
train/clip_fraction,14848,0.0625,f2005,42
train/clip_fraction,15360,0.05410156399011612,f2005,42
train/clip_fraction,15872,0.08222655951976776,f2005,42
train/clip_fraction,16384,0.0625,f2005,42
train/clip_fraction,16896,0.08671875298023224,f2005,42
train/clip_fraction,17408,0.06484375149011612,f2005,42
train/clip_fraction,17920,0.06035156175494194,f2005,42
train/clip_fraction,18432,0.0625,f2005,42
train/clip_fraction,18944,0.06562499701976776,f2005,42
train/clip_fraction,19456,0.08417968451976776,f2005,42
train/clip_fraction,19968,0.04726562649011612,f2005,42
train/clip_fraction,20480,0.07148437201976776,f2005,42
train/clip_fraction,20992,0.03945312649011612,f2005,42
train/clip_fraction,21504,0.0712890625,f2005,42
train/clip_fraction,22016,0.0595703125,f2005,42
train/clip_fraction,22528,0.0849609375,f2005,42
train/clip_fraction,23040,0.11933593451976776,f2005,42
train/clip_fraction,23552,0.10136719048023224,f2005,42
train/clip_fraction,24064,0.09824218600988388,f2005,42
train/clip_fraction,24576,0.072265625,f2005,42
train/clip_range,1024,0.20000000298023224,f2005,42
train/clip_range,1536,0.20000000298023224,f2005,42
train/clip_range,2048,0.20000000298023224,f2005,42
train/clip_range,2560,0.20000000298023224,f2005,42
train/clip_range,3072,0.20000000298023224,f2005,42
train/clip_range,3584,0.20000000298023224,f2005,42
train/clip_range,4096,0.20000000298023224,f2005,42
train/clip_range,4608,0.20000000298023224,f2005,42
train/clip_range,5120,0.20000000298023224,f2005,42
train/clip_range,5632,0.20000000298023224,f2005,42
train/clip_range,6144,0.20000000298023224,f2005,42
train/clip_range,6656,0.20000000298023224,f2005,42
train/clip_range,7168,0.20000000298023224,f2005,42
train/clip_range,7680,0.20000000298023224,f2005,42
train/clip_range,8192,0.20000000298023224,f2005,42
train/clip_range,8704,0.20000000298023224,f2005,42
train/clip_range,9216,0.20000000298023224,f2005,42
train/clip_range,9728,0.20000000298023224,f2005,42
train/clip_range,10240,0.20000000298023224,f2005,42
train/clip_range,10752,0.20000000298023224,f2005,42
train/clip_range,11264,0.20000000298023224,f2005,42
train/clip_range,11776,0.20000000298023224,f2005,42
train/clip_range,12288,0.20000000298023224,f2005,42
train/clip_range,12800,0.20000000298023224,f2005,42
train/clip_range,13312,0.20000000298023224,f2005,42
train/clip_range,13824,0.20000000298023224,f2005,42
train/clip_range,14336,0.20000000298023224,f2005,42
train/clip_range,14848,0.20000000298023224,f2005,42
train/clip_range,15360,0.20000000298023224,f2005,42
train/clip_range,15872,0.20000000298023224,f2005,42
train/clip_range,16384,0.20000000298023224,f2005,42
train/clip_range,16896,0.20000000298023224,f2005,42
train/clip_range,17408,0.20000000298023224,f2005,42
train/clip_range,17920,0.20000000298023224,f2005,42
train/clip_range,18432,0.20000000298023224,f2005,42
train/clip_range,18944,0.20000000298023224,f2005,42
train/clip_range,19456,0.20000000298023224,f2005,42
train/clip_range,19968,0.20000000298023224,f2005,42
train/clip_range,20480,0.20000000298023224,f2005,42
train/clip_range,20992,0.20000000298023224,f2005,42
train/clip_range,21504,0.20000000298023224,f2005,42
train/clip_range,22016,0.20000000298023224,f2005,42
train/clip_range,22528,0.20000000298023224,f2005,42
train/clip_range,23040,0.20000000298023224,f2005,42
train/clip_range,23552,0.20000000298023224,f2005,42
train/clip_range,24064,0.20000000298023224,f2005,42
train/clip_range,24576,0.20000000298023224,f2005,42
train/entropy_loss,1024,-3.6758575439453125,f2005,42
train/entropy_loss,1536,-3.6646792888641357,f2005,42
train/entropy_loss,2048,-3.6426258087158203,f2005,42
train/entropy_loss,2560,-3.6213254928588867,f2005,42
train/entropy_loss,3072,-3.6009082794189453,f2005,42
train/entropy_loss,3584,-3.5777387619018555,f2005,42
train/entropy_loss,4096,-3.547945737838745,f2005,42
train/entropy_loss,4608,-3.5104784965515137,f2005,42
train/entropy_loss,5120,-3.472162961959839,f2005,42
train/entropy_loss,5632,-3.453559160232544,f2005,42
train/entropy_loss,6144,-3.4302964210510254,f2005,42
train/entropy_loss,6656,-3.4112281799316406,f2005,42
train/entropy_loss,7168,-3.391542911529541,f2005,42
train/entropy_loss,7680,-3.3618226051330566,f2005,42
train/entropy_loss,8192,-3.3347203731536865,f2005,42
train/entropy_loss,8704,-3.316286325454712,f2005,42
train/entropy_loss,9216,-3.2937867641448975,f2005,42
train/entropy_loss,9728,-3.2669177055358887,f2005,42
train/entropy_loss,10240,-3.2523202896118164,f2005,42
train/entropy_loss,10752,-3.2384231090545654,f2005,42
train/entropy_loss,11264,-3.207787036895752,f2005,42
train/entropy_loss,11776,-3.174943208694458,f2005,42
train/entropy_loss,12288,-3.1382033824920654,f2005,42
train/entropy_loss,12800,-3.0990381240844727,f2005,42
train/entropy_loss,13312,-3.073935031890869,f2005,42
train/entropy_loss,13824,-3.0596470832824707,f2005,42
train/entropy_loss,14336,-3.0422441959381104,f2005,42
train/entropy_loss,14848,-3.011986255645752,f2005,42
train/entropy_loss,15360,-2.983255624771118,f2005,42
train/entropy_loss,15872,-2.9656052589416504,f2005,42
train/entropy_loss,16384,-2.952543258666992,f2005,42
train/entropy_loss,16896,-2.9355475902557373,f2005,42
train/entropy_loss,17408,-2.91255784034729,f2005,42
train/entropy_loss,17920,-2.8890883922576904,f2005,42
train/entropy_loss,18432,-2.8723018169403076,f2005,42
train/entropy_loss,18944,-2.8573906421661377,f2005,42
train/entropy_loss,19456,-2.840449333190918,f2005,42
train/entropy_loss,19968,-2.820769786834717,f2005,42
train/entropy_loss,20480,-2.8000965118408203,f2005,42
train/entropy_loss,20992,-2.7799510955810547,f2005,42
train/entropy_loss,21504,-2.765181303024292,f2005,42
train/entropy_loss,22016,-2.7510809898376465,f2005,42
train/entropy_loss,22528,-2.738180160522461,f2005,42
train/entropy_loss,23040,-2.7193892002105713,f2005,42
train/entropy_loss,23552,-2.699427843093872,f2005,42
train/entropy_loss,24064,-2.683251142501831,f2005,42
train/entropy_loss,24576,-2.6633493900299072,f2005,42
train/explained_variance,1024,-20.754087448120117,f2005,42
train/explained_variance,1536,-7.522225379943848,f2005,42
train/explained_variance,2048,-3.153123378753662,f2005,42
train/explained_variance,2560,-1.0734171867370605,f2005,42
train/explained_variance,3072,-1.3498032093048096,f2005,42
train/explained_variance,3584,-1.4956464767456055,f2005,42
train/explained_variance,4096,-1.3351855278015137,f2005,42
train/explained_variance,4608,-1.2698259353637695,f2005,42
train/explained_variance,5120,-1.0530126094818115,f2005,42
train/explained_variance,5632,-1.2372686862945557,f2005,42
train/explained_variance,6144,-0.7129920721054077,f2005,42
train/explained_variance,6656,-1.442868709564209,f2005,42
train/explained_variance,7168,-0.5543402433395386,f2005,42
train/explained_variance,7680,-0.9268290996551514,f2005,42
train/explained_variance,8192,-0.7143059968948364,f2005,42
train/explained_variance,8704,-0.6641103029251099,f2005,42
train/explained_variance,9216,-0.41369736194610596,f2005,42
train/explained_variance,9728,-0.3845024108886719,f2005,42
train/explained_variance,10240,-0.3428936004638672,f2005,42
train/explained_variance,10752,-0.3439514636993408,f2005,42
train/explained_variance,11264,-0.27922165393829346,f2005,42
train/explained_variance,11776,-0.30620813369750977,f2005,42
train/explained_variance,12288,-0.2875858545303345,f2005,42
train/explained_variance,12800,-0.2617431879043579,f2005,42
train/explained_variance,13312,-0.2335829734802246,f2005,42
train/explained_variance,13824,-0.2944263219833374,f2005,42
train/explained_variance,14336,-0.28121066093444824,f2005,42
train/explained_variance,14848,-0.28713178634643555,f2005,42
train/explained_variance,15360,-0.3103562593460083,f2005,42
train/explained_variance,15872,0.020808756351470947,f2005,42
train/explained_variance,16384,-0.2233964204788208,f2005,42
train/explained_variance,16896,-0.24242937564849854,f2005,42
train/explained_variance,17408,-0.1088106632232666,f2005,42
train/explained_variance,17920,-0.22710347175598145,f2005,42
train/explained_variance,18432,-0.2763732671737671,f2005,42
train/explained_variance,18944,-0.16213953495025635,f2005,42
train/explained_variance,19456,-0.21380436420440674,f2005,42
train/explained_variance,19968,-0.004933595657348633,f2005,42
train/explained_variance,20480,-0.0804213285446167,f2005,42
train/explained_variance,20992,-0.004346370697021484,f2005,42
train/explained_variance,21504,-0.019809484481811523,f2005,42
train/explained_variance,22016,-0.01120901107788086,f2005,42
train/explained_variance,22528,-0.16933000087738037,f2005,42
train/explained_variance,23040,0.02265554666519165,f2005,42
train/explained_variance,23552,-0.07450664043426514,f2005,42
train/explained_variance,24064,0.07893490791320801,f2005,42
train/explained_variance,24576,-0.10766196250915527,f2005,42
train/learning_rate,1024,0.0003000000142492354,f2005,42
train/learning_rate,1536,0.0003000000142492354,f2005,42
train/learning_rate,2048,0.0003000000142492354,f2005,42
train/learning_rate,2560,0.0003000000142492354,f2005,42
train/learning_rate,3072,0.0003000000142492354,f2005,42
train/learning_rate,3584,0.0003000000142492354,f2005,42
train/learning_rate,4096,0.0003000000142492354,f2005,42
train/learning_rate,4608,0.0003000000142492354,f2005,42
train/learning_rate,5120,0.0003000000142492354,f2005,42
train/learning_rate,5632,0.0003000000142492354,f2005,42
train/learning_rate,6144,0.0003000000142492354,f2005,42
train/learning_rate,6656,0.0003000000142492354,f2005,42
train/learning_rate,7168,0.0003000000142492354,f2005,42
train/learning_rate,7680,0.0003000000142492354,f2005,42
train/learning_rate,8192,0.0003000000142492354,f2005,42
train/learning_rate,8704,0.0003000000142492354,f2005,42
train/learning_rate,9216,0.0003000000142492354,f2005,42
train/learning_rate,9728,0.0003000000142492354,f2005,42
train/learning_rate,10240,0.0003000000142492354,f2005,42
train/learning_rate,10752,0.0003000000142492354,f2005,42
train/learning_rate,11264,0.0003000000142492354,f2005,42
train/learning_rate,11776,0.0003000000142492354,f2005,42
train/learning_rate,12288,0.0003000000142492354,f2005,42
train/learning_rate,12800,0.0003000000142492354,f2005,42
train/learning_rate,13312,0.0003000000142492354,f2005,42
train/learning_rate,13824,0.0003000000142492354,f2005,42
train/learning_rate,14336,0.0003000000142492354,f2005,42
train/learning_rate,14848,0.0003000000142492354,f2005,42
train/learning_rate,15360,0.0003000000142492354,f2005,42
train/learning_rate,15872,0.0003000000142492354,f2005,42
train/learning_rate,16384,0.0003000000142492354,f2005,42
train/learning_rate,16896,0.0003000000142492354,f2005,42
train/learning_rate,17408,0.0003000000142492354,f2005,42
train/learning_rate,17920,0.0003000000142492354,f2005,42
train/learning_rate,18432,0.0003000000142492354,f2005,42
train/learning_rate,18944,0.0003000000142492354,f2005,42
train/learning_rate,19456,0.0003000000142492354,f2005,42
train/learning_rate,19968,0.0003000000142492354,f2005,42
train/learning_rate,20480,0.0003000000142492354,f2005,42
train/learning_rate,20992,0.0003000000142492354,f2005,42
train/learning_rate,21504,0.0003000000142492354,f2005,42
train/learning_rate,22016,0.0003000000142492354,f2005,42
train/learning_rate,22528,0.0003000000142492354,f2005,42
train/learning_rate,23040,0.0003000000142492354,f2005,42
train/learning_rate,23552,0.0003000000142492354,f2005,42
train/learning_rate,24064,0.0003000000142492354,f2005,42
train/learning_rate,24576,0.0003000000142492354,f2005,42
train/loss,1024,0.5505691766738892,f2005,42
train/loss,1536,0.44149383902549744,f2005,42
train/loss,2048,0.3369927406311035,f2005,42
train/loss,2560,0.2016654908657074,f2005,42
train/loss,3072,0.09360798448324203,f2005,42
train/loss,3584,0.03755216673016548,f2005,42
train/loss,4096,0.006265435367822647,f2005,42
train/loss,4608,-0.02055518887937069,f2005,42
train/loss,5120,-0.00030130520462989807,f2005,42
train/loss,5632,-0.015576492995023727,f2005,42
train/loss,6144,-0.01872098445892334,f2005,42
train/loss,6656,-0.014913257211446762,f2005,42
train/loss,7168,-0.013630158267915249,f2005,42
train/loss,7680,-0.027871202677488327,f2005,42
train/loss,8192,-0.03570045158267021,f2005,42
train/loss,8704,-0.01997954770922661,f2005,42
train/loss,9216,-0.02219090238213539,f2005,42
train/loss,9728,-0.02385738492012024,f2005,42
train/loss,10240,0.007080524228513241,f2005,42
train/loss,10752,-0.019309669733047485,f2005,42
train/loss,11264,-0.022605285048484802,f2005,42
train/loss,11776,-0.022659678012132645,f2005,42
train/loss,12288,-0.0312093086540699,f2005,42
train/loss,12800,-0.032480183988809586,f2005,42
train/loss,13312,-0.04038222134113312,f2005,42
train/loss,13824,-0.024181503802537918,f2005,42
train/loss,14336,-0.023666217923164368,f2005,42
train/loss,14848,-0.009268861263990402,f2005,42
train/loss,15360,-0.015493927523493767,f2005,42
train/loss,15872,-0.024743853136897087,f2005,42
train/loss,16384,-0.026179874315857887,f2005,42
train/loss,16896,-0.030849561095237732,f2005,42
train/loss,17408,-0.025760896503925323,f2005,42
train/loss,17920,-0.018250860273838043,f2005,42
train/loss,18432,-0.043451473116874695,f2005,42
train/loss,18944,-0.02112310379743576,f2005,42
train/loss,19456,-0.039896152913570404,f2005,42
train/loss,19968,-0.02649659663438797,f2005,42
train/loss,20480,-0.027520673349499702,f2005,42
train/loss,20992,-0.028073959052562714,f2005,42
train/loss,21504,-0.02605876699090004,f2005,42
train/loss,22016,-0.017981916666030884,f2005,42
train/loss,22528,-0.014889378100633621,f2005,42
train/loss,23040,-0.01910005696117878,f2005,42
train/loss,23552,-0.02108057215809822,f2005,42
train/loss,24064,-0.030557550489902496,f2005,42
train/loss,24576,-0.02367297001183033,f2005,42
train/policy_gradient_loss,1024,-0.009517219848930836,f2005,42
train/policy_gradient_loss,1536,-0.009257500059902668,f2005,42
train/policy_gradient_loss,2048,-0.011597968637943268,f2005,42
train/policy_gradient_loss,2560,-0.020132899284362793,f2005,42
train/policy_gradient_loss,3072,-0.020566022023558617,f2005,42
train/policy_gradient_loss,3584,-0.019585438072681427,f2005,42
train/policy_gradient_loss,4096,-0.01749272085726261,f2005,42
train/policy_gradient_loss,4608,-0.01790018379688263,f2005,42
train/policy_gradient_loss,5120,-0.01666199415922165,f2005,42
train/policy_gradient_loss,5632,-0.019091201946139336,f2005,42
train/policy_gradient_loss,6144,-0.019454315304756165,f2005,42
train/policy_gradient_loss,6656,-0.018008580431342125,f2005,42
train/policy_gradient_loss,7168,-0.016661183908581734,f2005,42
train/policy_gradient_loss,7680,-0.018393870443105698,f2005,42
train/policy_gradient_loss,8192,-0.016957106068730354,f2005,42
train/policy_gradient_loss,8704,-0.019028233364224434,f2005,42
train/policy_gradient_loss,9216,-0.01632496528327465,f2005,42
train/policy_gradient_loss,9728,-0.016175314784049988,f2005,42
train/policy_gradient_loss,10240,-0.01775696501135826,f2005,42
train/policy_gradient_loss,10752,-0.014604262076318264,f2005,42
train/policy_gradient_loss,11264,-0.01836147904396057,f2005,42
train/policy_gradient_loss,11776,-0.01905948854982853,f2005,42
train/policy_gradient_loss,12288,-0.023799266666173935,f2005,42
train/policy_gradient_loss,12800,-0.01527033094316721,f2005,42
train/policy_gradient_loss,13312,-0.01647976040840149,f2005,42
train/policy_gradient_loss,13824,-0.020051410421729088,f2005,42
train/policy_gradient_loss,14336,-0.017869340255856514,f2005,42
train/policy_gradient_loss,14848,-0.018639886751770973,f2005,42
train/policy_gradient_loss,15360,-0.01621684618294239,f2005,42
train/policy_gradient_loss,15872,-0.020679345354437828,f2005,42
train/policy_gradient_loss,16384,-0.02025311067700386,f2005,42
train/policy_gradient_loss,16896,-0.02051461488008499,f2005,42
train/policy_gradient_loss,17408,-0.01986771821975708,f2005,42
train/policy_gradient_loss,17920,-0.018932726234197617,f2005,42
train/policy_gradient_loss,18432,-0.019569074735045433,f2005,42
train/policy_gradient_loss,18944,-0.015492609702050686,f2005,42
train/policy_gradient_loss,19456,-0.02084951102733612,f2005,42
train/policy_gradient_loss,19968,-0.015606462955474854,f2005,42
train/policy_gradient_loss,20480,-0.017183197662234306,f2005,42
train/policy_gradient_loss,20992,-0.013987123966217041,f2005,42
train/policy_gradient_loss,21504,-0.0174866933375597,f2005,42
train/policy_gradient_loss,22016,-0.014438017271459103,f2005,42
train/policy_gradient_loss,22528,-0.020238997414708138,f2005,42
train/policy_gradient_loss,23040,-0.022031176835298538,f2005,42
train/policy_gradient_loss,23552,-0.021181751042604446,f2005,42
train/policy_gradient_loss,24064,-0.020637456327676773,f2005,42
train/policy_gradient_loss,24576,-0.019275935366749763,f2005,42
train/std,1024,0.6063216924667358,f2005,42
train/std,1536,0.6032180786132812,f2005,42
train/std,2048,0.5998380184173584,f2005,42
train/std,2560,0.5966895818710327,f2005,42
train/std,3072,0.5941078662872314,f2005,42
train/std,3584,0.5899139642715454,f2005,42
train/std,4096,0.5856247544288635,f2005,42
train/std,4608,0.5788480043411255,f2005,42
train/std,5120,0.575512170791626,f2005,42
train/std,5632,0.5728696584701538,f2005,42
train/std,6144,0.5694182515144348,f2005,42
train/std,6656,0.5678557753562927,f2005,42
train/std,7168,0.5641400218009949,f2005,42
train/std,7680,0.5598770976066589,f2005,42
train/std,8192,0.5574601888656616,f2005,42
train/std,8704,0.5549521446228027,f2005,42
train/std,9216,0.551440954208374,f2005,42
train/std,9728,0.5483281016349792,f2005,42
train/std,10240,0.5477277040481567,f2005,42
train/std,10752,0.5441403985023499,f2005,42
train/std,11264,0.5399906635284424,f2005,42
train/std,11776,0.535443902015686,f2005,42
train/std,12288,0.5299980044364929,f2005,42
train/std,12800,0.5257436633110046,f2005,42
train/std,13312,0.5236479640007019,f2005,42
train/std,13824,0.5222334861755371,f2005,42
train/std,14336,0.5193151235580444,f2005,42
train/std,14848,0.5152325630187988,f2005,42
train/std,15360,0.5123686790466309,f2005,42
train/std,15872,0.5111067295074463,f2005,42
train/std,16384,0.5096191763877869,f2005,42
train/std,16896,0.507316529750824,f2005,42
train/std,17408,0.504346489906311,f2005,42
train/std,17920,0.5020703673362732,f2005,42
train/std,18432,0.5007097125053406,f2005,42
train/std,18944,0.4991436004638672,f2005,42
train/std,19456,0.49707865715026855,f2005,42
train/std,19968,0.4950932264328003,f2005,42
train/std,20480,0.49275749921798706,f2005,42
train/std,20992,0.4911075830459595,f2005,42
train/std,21504,0.4895213842391968,f2005,42
train/std,22016,0.4885057806968689,f2005,42
train/std,22528,0.4869987964630127,f2005,42
train/std,23040,0.4844699501991272,f2005,42
train/std,23552,0.48276060819625854,f2005,42
train/std,24064,0.48094648122787476,f2005,42
train/std,24576,0.47848063707351685,f2005,42
train/value_loss,1024,1.3448466062545776,f2005,42
train/value_loss,1536,1.0507638454437256,f2005,42
train/value_loss,2048,0.8399108052253723,f2005,42
train/value_loss,2560,0.5873948335647583,f2005,42
train/value_loss,3072,0.3802969455718994,f2005,42
train/value_loss,3584,0.2177337110042572,f2005,42
train/value_loss,4096,0.08316957950592041,f2005,42
train/value_loss,4608,0.04346076399087906,f2005,42
train/value_loss,5120,0.032819658517837524,f2005,42
train/value_loss,5632,0.03677567467093468,f2005,42
train/value_loss,6144,0.03298760578036308,f2005,42
train/value_loss,6656,0.03302648290991783,f2005,42
train/value_loss,7168,0.03146681934595108,f2005,42
train/value_loss,7680,0.03270963951945305,f2005,42
train/value_loss,8192,0.02451542392373085,f2005,42
train/value_loss,8704,0.022897211834788322,f2005,42
train/value_loss,9216,0.02171463891863823,f2005,42
train/value_loss,9728,0.02305765450000763,f2005,42
train/value_loss,10240,0.019514044746756554,f2005,42
train/value_loss,10752,0.023535260930657387,f2005,42
train/value_loss,11264,0.022337600588798523,f2005,42
train/value_loss,11776,0.020482352003455162,f2005,42
train/value_loss,12288,0.020691953599452972,f2005,42
train/value_loss,12800,0.019339188933372498,f2005,42
train/value_loss,13312,0.0187973789870739,f2005,42
train/value_loss,13824,0.019461166113615036,f2005,42
train/value_loss,14336,0.018724743276834488,f2005,42
train/value_loss,14848,0.01826060190796852,f2005,42
train/value_loss,15360,0.01658570021390915,f2005,42
train/value_loss,15872,0.017542706802487373,f2005,42
train/value_loss,16384,0.017369696870446205,f2005,42
train/value_loss,16896,0.014627572149038315,f2005,42
train/value_loss,17408,0.018511714413762093,f2005,42
train/value_loss,17920,0.014008971862494946,f2005,42
train/value_loss,18432,0.016872795298695564,f2005,42
train/value_loss,18944,0.010734740644693375,f2005,42
train/value_loss,19456,0.013458862900733948,f2005,42
train/value_loss,19968,0.014636878855526447,f2005,42
train/value_loss,20480,0.010986872017383575,f2005,42
train/value_loss,20992,0.01293287891894579,f2005,42
train/value_loss,21504,0.012053665705025196,f2005,42
train/value_loss,22016,0.012443923391401768,f2005,42
train/value_loss,22528,0.011826706118881702,f2005,42
train/value_loss,23040,0.012114216573536396,f2005,42
train/value_loss,23552,0.012075992301106453,f2005,42
train/value_loss,24064,0.010331390425562859,f2005,42
train/value_loss,24576,0.010937524028122425,f2005,42
rollout/ep_len_mean,512,1.0,f2005,43
rollout/ep_len_mean,1024,1.0,f2005,43
rollout/ep_len_mean,1536,1.0,f2005,43
rollout/ep_len_mean,2048,1.0,f2005,43
rollout/ep_len_mean,2560,1.0,f2005,43
rollout/ep_len_mean,3072,1.0,f2005,43
rollout/ep_len_mean,3584,1.0,f2005,43
rollout/ep_len_mean,4096,1.0,f2005,43
rollout/ep_len_mean,4608,1.0,f2005,43
rollout/ep_len_mean,5120,1.0,f2005,43
rollout/ep_len_mean,5632,1.0,f2005,43
rollout/ep_len_mean,6144,1.0,f2005,43
rollout/ep_len_mean,6656,1.0,f2005,43
rollout/ep_len_mean,7168,1.0,f2005,43
rollout/ep_len_mean,7680,1.0,f2005,43
rollout/ep_len_mean,8192,1.0,f2005,43
rollout/ep_len_mean,8704,1.0,f2005,43
rollout/ep_len_mean,9216,1.0,f2005,43
rollout/ep_len_mean,9728,1.0,f2005,43
rollout/ep_len_mean,10240,1.0,f2005,43
rollout/ep_len_mean,10752,1.0,f2005,43
rollout/ep_len_mean,11264,1.0,f2005,43
rollout/ep_len_mean,11776,1.0,f2005,43
rollout/ep_len_mean,12288,1.0,f2005,43
rollout/ep_len_mean,12800,1.0,f2005,43
rollout/ep_len_mean,13312,1.0,f2005,43
rollout/ep_len_mean,13824,1.0,f2005,43
rollout/ep_len_mean,14336,1.0,f2005,43
rollout/ep_len_mean,14848,1.0,f2005,43
rollout/ep_len_mean,15360,1.0,f2005,43
rollout/ep_len_mean,15872,1.0,f2005,43
rollout/ep_len_mean,16384,1.0,f2005,43
rollout/ep_len_mean,16896,1.0,f2005,43
rollout/ep_len_mean,17408,1.0,f2005,43
rollout/ep_len_mean,17920,1.0,f2005,43
rollout/ep_len_mean,18432,1.0,f2005,43
rollout/ep_len_mean,18944,1.0,f2005,43
rollout/ep_len_mean,19456,1.0,f2005,43
rollout/ep_len_mean,19968,1.0,f2005,43
rollout/ep_len_mean,20480,1.0,f2005,43
rollout/ep_len_mean,20992,1.0,f2005,43
rollout/ep_len_mean,21504,1.0,f2005,43
rollout/ep_len_mean,22016,1.0,f2005,43
rollout/ep_len_mean,22528,1.0,f2005,43
rollout/ep_len_mean,23040,1.0,f2005,43
rollout/ep_len_mean,23552,1.0,f2005,43
rollout/ep_len_mean,24064,1.0,f2005,43
rollout/ep_len_mean,24576,1.0,f2005,43
rollout/ep_rew_mean,512,1.1292568445205688,f2005,43
rollout/ep_rew_mean,1024,1.1087942123413086,f2005,43
rollout/ep_rew_mean,1536,1.1029810905456543,f2005,43
rollout/ep_rew_mean,2048,1.1234766244888306,f2005,43
rollout/ep_rew_mean,2560,1.1378744840621948,f2005,43
rollout/ep_rew_mean,3072,1.1475802659988403,f2005,43
rollout/ep_rew_mean,3584,1.1171056032180786,f2005,43
rollout/ep_rew_mean,4096,1.1404404640197754,f2005,43
rollout/ep_rew_mean,4608,1.120957612991333,f2005,43
rollout/ep_rew_mean,5120,1.1374150514602661,f2005,43
rollout/ep_rew_mean,5632,1.1350189447402954,f2005,43
rollout/ep_rew_mean,6144,1.1480050086975098,f2005,43
rollout/ep_rew_mean,6656,1.1408225297927856,f2005,43
rollout/ep_rew_mean,7168,1.134060263633728,f2005,43
rollout/ep_rew_mean,7680,1.1546987295150757,f2005,43
rollout/ep_rew_mean,8192,1.1419708728790283,f2005,43
rollout/ep_rew_mean,8704,1.1666983366012573,f2005,43
rollout/ep_rew_mean,9216,1.1566098928451538,f2005,43
rollout/ep_rew_mean,9728,1.1788849830627441,f2005,43
rollout/ep_rew_mean,10240,1.1372956037521362,f2005,43
rollout/ep_rew_mean,10752,1.1634033918380737,f2005,43
rollout/ep_rew_mean,11264,1.1613656282424927,f2005,43
rollout/ep_rew_mean,11776,1.169316053390503,f2005,43
rollout/ep_rew_mean,12288,1.1664836406707764,f2005,43
rollout/ep_rew_mean,12800,1.175543189048767,f2005,43
rollout/ep_rew_mean,13312,1.1604084968566895,f2005,43
rollout/ep_rew_mean,13824,1.1814916133880615,f2005,43
rollout/ep_rew_mean,14336,1.1594538688659668,f2005,43
rollout/ep_rew_mean,14848,1.1610018014907837,f2005,43
rollout/ep_rew_mean,15360,1.1726890802383423,f2005,43
rollout/ep_rew_mean,15872,1.1730339527130127,f2005,43
rollout/ep_rew_mean,16384,1.1768854856491089,f2005,43
rollout/ep_rew_mean,16896,1.184661865234375,f2005,43
rollout/ep_rew_mean,17408,1.1486082077026367,f2005,43
rollout/ep_rew_mean,17920,1.166323184967041,f2005,43
rollout/ep_rew_mean,18432,1.1778932809829712,f2005,43
rollout/ep_rew_mean,18944,1.179015874862671,f2005,43
rollout/ep_rew_mean,19456,1.1718006134033203,f2005,43
rollout/ep_rew_mean,19968,1.1590739488601685,f2005,43
rollout/ep_rew_mean,20480,1.1826846599578857,f2005,43
rollout/ep_rew_mean,20992,1.1836577653884888,f2005,43
rollout/ep_rew_mean,21504,1.1886239051818848,f2005,43
rollout/ep_rew_mean,22016,1.1858172416687012,f2005,43
rollout/ep_rew_mean,22528,1.1794333457946777,f2005,43
rollout/ep_rew_mean,23040,1.1714788675308228,f2005,43
rollout/ep_rew_mean,23552,1.1626070737838745,f2005,43
rollout/ep_rew_mean,24064,1.185753345489502,f2005,43
rollout/ep_rew_mean,24576,1.1793543100357056,f2005,43
time/fps,512,3.0,f2005,43
time/fps,1024,3.0,f2005,43
time/fps,1536,3.0,f2005,43
time/fps,2048,3.0,f2005,43
time/fps,2560,3.0,f2005,43
time/fps,3072,4.0,f2005,43
time/fps,3584,4.0,f2005,43
time/fps,4096,4.0,f2005,43
time/fps,4608,4.0,f2005,43
time/fps,5120,4.0,f2005,43
time/fps,5632,4.0,f2005,43
time/fps,6144,4.0,f2005,43
time/fps,6656,4.0,f2005,43
time/fps,7168,4.0,f2005,43
time/fps,7680,4.0,f2005,43
time/fps,8192,4.0,f2005,43
time/fps,8704,5.0,f2005,43
time/fps,9216,5.0,f2005,43
time/fps,9728,5.0,f2005,43
time/fps,10240,5.0,f2005,43
time/fps,10752,5.0,f2005,43
time/fps,11264,5.0,f2005,43
time/fps,11776,5.0,f2005,43
time/fps,12288,5.0,f2005,43
time/fps,12800,5.0,f2005,43
time/fps,13312,5.0,f2005,43
time/fps,13824,5.0,f2005,43
time/fps,14336,5.0,f2005,43
time/fps,14848,5.0,f2005,43
time/fps,15360,5.0,f2005,43
time/fps,15872,5.0,f2005,43
time/fps,16384,5.0,f2005,43
time/fps,16896,5.0,f2005,43
time/fps,17408,5.0,f2005,43
time/fps,17920,5.0,f2005,43
time/fps,18432,6.0,f2005,43
time/fps,18944,6.0,f2005,43
time/fps,19456,6.0,f2005,43
time/fps,19968,6.0,f2005,43
time/fps,20480,6.0,f2005,43
time/fps,20992,6.0,f2005,43
time/fps,21504,6.0,f2005,43
time/fps,22016,6.0,f2005,43
time/fps,22528,6.0,f2005,43
time/fps,23040,6.0,f2005,43
time/fps,23552,6.0,f2005,43
time/fps,24064,6.0,f2005,43
time/fps,24576,6.0,f2005,43
train/approx_kl,1024,0.0054749054834246635,f2005,43
train/approx_kl,1536,0.0038010121788829565,f2005,43
train/approx_kl,2048,0.00999116338789463,f2005,43
train/approx_kl,2560,0.00943332351744175,f2005,43
train/approx_kl,3072,0.009470405988395214,f2005,43
train/approx_kl,3584,0.009212952107191086,f2005,43
train/approx_kl,4096,0.010808492079377174,f2005,43
train/approx_kl,4608,0.009436220861971378,f2005,43
train/approx_kl,5120,0.01433778926730156,f2005,43
train/approx_kl,5632,0.009570564143359661,f2005,43
train/approx_kl,6144,0.01142803393304348,f2005,43
train/approx_kl,6656,0.01061196718364954,f2005,43
train/approx_kl,7168,0.012339006178081036,f2005,43
train/approx_kl,7680,0.011631939560174942,f2005,43
train/approx_kl,8192,0.018155984580516815,f2005,43
train/approx_kl,8704,0.008689943701028824,f2005,43
train/approx_kl,9216,0.009920183569192886,f2005,43
train/approx_kl,9728,0.012430799193680286,f2005,43
train/approx_kl,10240,0.014468573965132236,f2005,43
train/approx_kl,10752,0.012596048414707184,f2005,43
train/approx_kl,11264,0.008639613166451454,f2005,43
train/approx_kl,11776,0.0107717989012599,f2005,43
train/approx_kl,12288,0.013845686800777912,f2005,43
train/approx_kl,12800,0.011758221313357353,f2005,43
train/approx_kl,13312,0.01378515176475048,f2005,43
train/approx_kl,13824,0.010723354294896126,f2005,43
train/approx_kl,14336,0.009198618121445179,f2005,43
train/approx_kl,14848,0.013728408142924309,f2005,43
train/approx_kl,15360,0.01029275543987751,f2005,43
train/approx_kl,15872,0.010759099386632442,f2005,43
train/approx_kl,16384,0.01241664681583643,f2005,43
train/approx_kl,16896,0.007668431848287582,f2005,43
train/approx_kl,17408,0.01055072620511055,f2005,43
train/approx_kl,17920,0.010509217157959938,f2005,43
train/approx_kl,18432,0.007804159075021744,f2005,43
train/approx_kl,18944,0.00766913965344429,f2005,43
train/approx_kl,19456,0.013467170298099518,f2005,43
train/approx_kl,19968,0.006591523997485638,f2005,43
train/approx_kl,20480,0.010646313428878784,f2005,43
train/approx_kl,20992,0.0107958372682333,f2005,43
train/approx_kl,21504,0.01648356392979622,f2005,43
train/approx_kl,22016,0.012949546799063683,f2005,43
train/approx_kl,22528,0.012114006094634533,f2005,43
train/approx_kl,23040,0.012359170243144035,f2005,43
train/approx_kl,23552,0.008243917487561703,f2005,43
train/approx_kl,24064,0.012474041432142258,f2005,43
train/approx_kl,24576,0.008553569205105305,f2005,43
train/clip_fraction,1024,0.0146484375,f2005,43
train/clip_fraction,1536,0.008007812313735485,f2005,43
train/clip_fraction,2048,0.04746093600988388,f2005,43
train/clip_fraction,2560,0.04765624925494194,f2005,43
train/clip_fraction,3072,0.04238281399011612,f2005,43
train/clip_fraction,3584,0.04355468600988388,f2005,43
train/clip_fraction,4096,0.048828125,f2005,43
train/clip_fraction,4608,0.04316406324505806,f2005,43
train/clip_fraction,5120,0.08808593451976776,f2005,43
train/clip_fraction,5632,0.06132812425494194,f2005,43
train/clip_fraction,6144,0.06503906100988388,f2005,43
train/clip_fraction,6656,0.05703125149011612,f2005,43
train/clip_fraction,7168,0.08359374850988388,f2005,43
train/clip_fraction,7680,0.06406249850988388,f2005,43
train/clip_fraction,8192,0.11874999850988388,f2005,43
train/clip_fraction,8704,0.04179687425494194,f2005,43
train/clip_fraction,9216,0.05800781399011612,f2005,43
train/clip_fraction,9728,0.06328125298023224,f2005,43
train/clip_fraction,10240,0.11074218899011612,f2005,43
train/clip_fraction,10752,0.10781250149011612,f2005,43
train/clip_fraction,11264,0.04628906399011612,f2005,43
train/clip_fraction,11776,0.06992187350988388,f2005,43
train/clip_fraction,12288,0.07988281548023224,f2005,43
train/clip_fraction,12800,0.07246093451976776,f2005,43
train/clip_fraction,13312,0.08222655951976776,f2005,43
train/clip_fraction,13824,0.06679687649011612,f2005,43
train/clip_fraction,14336,0.0615234375,f2005,43
train/clip_fraction,14848,0.12734374403953552,f2005,43
train/clip_fraction,15360,0.0634765625,f2005,43
train/clip_fraction,15872,0.07871093600988388,f2005,43
train/clip_fraction,16384,0.087890625,f2005,43
train/clip_fraction,16896,0.05117187649011612,f2005,43
train/clip_fraction,17408,0.07558593899011612,f2005,43
train/clip_fraction,17920,0.05820312350988388,f2005,43
train/clip_fraction,18432,0.04843749850988388,f2005,43
train/clip_fraction,18944,0.0380859375,f2005,43
train/clip_fraction,19456,0.08417968451976776,f2005,43
train/clip_fraction,19968,0.02363281324505806,f2005,43
train/clip_fraction,20480,0.06308593600988388,f2005,43
train/clip_fraction,20992,0.05703125149011612,f2005,43
train/clip_fraction,21504,0.10234375298023224,f2005,43
train/clip_fraction,22016,0.08906249701976776,f2005,43
train/clip_fraction,22528,0.072265625,f2005,43
train/clip_fraction,23040,0.0888671875,f2005,43
train/clip_fraction,23552,0.04960937425494194,f2005,43
train/clip_fraction,24064,0.08984375,f2005,43
train/clip_fraction,24576,0.06464843451976776,f2005,43
train/clip_range,1024,0.20000000298023224,f2005,43
train/clip_range,1536,0.20000000298023224,f2005,43
train/clip_range,2048,0.20000000298023224,f2005,43
train/clip_range,2560,0.20000000298023224,f2005,43
train/clip_range,3072,0.20000000298023224,f2005,43
train/clip_range,3584,0.20000000298023224,f2005,43
train/clip_range,4096,0.20000000298023224,f2005,43
train/clip_range,4608,0.20000000298023224,f2005,43
train/clip_range,5120,0.20000000298023224,f2005,43
train/clip_range,5632,0.20000000298023224,f2005,43
train/clip_range,6144,0.20000000298023224,f2005,43
train/clip_range,6656,0.20000000298023224,f2005,43
train/clip_range,7168,0.20000000298023224,f2005,43
train/clip_range,7680,0.20000000298023224,f2005,43
train/clip_range,8192,0.20000000298023224,f2005,43
train/clip_range,8704,0.20000000298023224,f2005,43
train/clip_range,9216,0.20000000298023224,f2005,43
train/clip_range,9728,0.20000000298023224,f2005,43
train/clip_range,10240,0.20000000298023224,f2005,43
train/clip_range,10752,0.20000000298023224,f2005,43
train/clip_range,11264,0.20000000298023224,f2005,43
train/clip_range,11776,0.20000000298023224,f2005,43
train/clip_range,12288,0.20000000298023224,f2005,43
train/clip_range,12800,0.20000000298023224,f2005,43
train/clip_range,13312,0.20000000298023224,f2005,43
train/clip_range,13824,0.20000000298023224,f2005,43
train/clip_range,14336,0.20000000298023224,f2005,43
train/clip_range,14848,0.20000000298023224,f2005,43
train/clip_range,15360,0.20000000298023224,f2005,43
train/clip_range,15872,0.20000000298023224,f2005,43
train/clip_range,16384,0.20000000298023224,f2005,43
train/clip_range,16896,0.20000000298023224,f2005,43
train/clip_range,17408,0.20000000298023224,f2005,43
train/clip_range,17920,0.20000000298023224,f2005,43
train/clip_range,18432,0.20000000298023224,f2005,43
train/clip_range,18944,0.20000000298023224,f2005,43
train/clip_range,19456,0.20000000298023224,f2005,43
train/clip_range,19968,0.20000000298023224,f2005,43
train/clip_range,20480,0.20000000298023224,f2005,43
train/clip_range,20992,0.20000000298023224,f2005,43
train/clip_range,21504,0.20000000298023224,f2005,43
train/clip_range,22016,0.20000000298023224,f2005,43
train/clip_range,22528,0.20000000298023224,f2005,43
train/clip_range,23040,0.20000000298023224,f2005,43
train/clip_range,23552,0.20000000298023224,f2005,43
train/clip_range,24064,0.20000000298023224,f2005,43
train/clip_range,24576,0.20000000298023224,f2005,43
train/entropy_loss,1024,-3.673445224761963,f2005,43
train/entropy_loss,1536,-3.668649196624756,f2005,43
train/entropy_loss,2048,-3.656989097595215,f2005,43
train/entropy_loss,2560,-3.6282994747161865,f2005,43
train/entropy_loss,3072,-3.6004550457000732,f2005,43
train/entropy_loss,3584,-3.5812363624572754,f2005,43
train/entropy_loss,4096,-3.5514960289001465,f2005,43
train/entropy_loss,4608,-3.5137104988098145,f2005,43
train/entropy_loss,5120,-3.4758851528167725,f2005,43
train/entropy_loss,5632,-3.4464385509490967,f2005,43
train/entropy_loss,6144,-3.4212207794189453,f2005,43
train/entropy_loss,6656,-3.3859992027282715,f2005,43
train/entropy_loss,7168,-3.350832462310791,f2005,43
train/entropy_loss,7680,-3.3309707641601562,f2005,43
train/entropy_loss,8192,-3.308562755584717,f2005,43
train/entropy_loss,8704,-3.280888795852661,f2005,43
train/entropy_loss,9216,-3.251288414001465,f2005,43
train/entropy_loss,9728,-3.2251362800598145,f2005,43
train/entropy_loss,10240,-3.2025060653686523,f2005,43
train/entropy_loss,10752,-3.178341865539551,f2005,43
train/entropy_loss,11264,-3.1519439220428467,f2005,43
train/entropy_loss,11776,-3.126431703567505,f2005,43
train/entropy_loss,12288,-3.1034064292907715,f2005,43
train/entropy_loss,12800,-3.0761053562164307,f2005,43
train/entropy_loss,13312,-3.058063507080078,f2005,43
train/entropy_loss,13824,-3.034093141555786,f2005,43
train/entropy_loss,14336,-3.015127420425415,f2005,43
train/entropy_loss,14848,-2.9976255893707275,f2005,43
train/entropy_loss,15360,-2.978107213973999,f2005,43
train/entropy_loss,15872,-2.954287528991699,f2005,43
train/entropy_loss,16384,-2.9256417751312256,f2005,43
train/entropy_loss,16896,-2.8940436840057373,f2005,43
train/entropy_loss,17408,-2.861104726791382,f2005,43
train/entropy_loss,17920,-2.835214614868164,f2005,43
train/entropy_loss,18432,-2.814528465270996,f2005,43
train/entropy_loss,18944,-2.8002772331237793,f2005,43
train/entropy_loss,19456,-2.782360076904297,f2005,43
train/entropy_loss,19968,-2.767245292663574,f2005,43
train/entropy_loss,20480,-2.74467134475708,f2005,43
train/entropy_loss,20992,-2.7250864505767822,f2005,43
train/entropy_loss,21504,-2.710507392883301,f2005,43
train/entropy_loss,22016,-2.6887826919555664,f2005,43
train/entropy_loss,22528,-2.66007399559021,f2005,43
train/entropy_loss,23040,-2.6374640464782715,f2005,43
train/entropy_loss,23552,-2.620591878890991,f2005,43
train/entropy_loss,24064,-2.6005055904388428,f2005,43
train/entropy_loss,24576,-2.5812385082244873,f2005,43
train/explained_variance,1024,-31.536251068115234,f2005,43
train/explained_variance,1536,-10.406122207641602,f2005,43
train/explained_variance,2048,-1.9929494857788086,f2005,43
train/explained_variance,2560,-0.9111427068710327,f2005,43
train/explained_variance,3072,-1.1408934593200684,f2005,43
train/explained_variance,3584,-1.1926698684692383,f2005,43
train/explained_variance,4096,-0.7070938348770142,f2005,43
train/explained_variance,4608,-0.7865575551986694,f2005,43
train/explained_variance,5120,-0.6821928024291992,f2005,43
train/explained_variance,5632,-0.8563882112503052,f2005,43
train/explained_variance,6144,-0.521479606628418,f2005,43
train/explained_variance,6656,-0.454268217086792,f2005,43
train/explained_variance,7168,-0.5539486408233643,f2005,43
train/explained_variance,7680,-0.30469846725463867,f2005,43
train/explained_variance,8192,-0.28115367889404297,f2005,43
train/explained_variance,8704,-0.3497833013534546,f2005,43
train/explained_variance,9216,-0.46306562423706055,f2005,43
train/explained_variance,9728,-0.37795329093933105,f2005,43
train/explained_variance,10240,-0.3245832920074463,f2005,43
train/explained_variance,10752,-0.052380919456481934,f2005,43
train/explained_variance,11264,-0.09737467765808105,f2005,43
train/explained_variance,11776,-0.11821269989013672,f2005,43
train/explained_variance,12288,-0.15526926517486572,f2005,43
train/explained_variance,12800,-0.007162928581237793,f2005,43
train/explained_variance,13312,-0.15291070938110352,f2005,43
train/explained_variance,13824,-0.05551302433013916,f2005,43
train/explained_variance,14336,-0.03259289264678955,f2005,43
train/explained_variance,14848,-0.11880779266357422,f2005,43
train/explained_variance,15360,-0.13405275344848633,f2005,43
train/explained_variance,15872,-0.08792197704315186,f2005,43
train/explained_variance,16384,-0.30898022651672363,f2005,43
train/explained_variance,16896,-0.12703561782836914,f2005,43
train/explained_variance,17408,-0.08114147186279297,f2005,43
train/explained_variance,17920,-0.01674783229827881,f2005,43
train/explained_variance,18432,-0.002032756805419922,f2005,43
train/explained_variance,18944,-0.09738528728485107,f2005,43
train/explained_variance,19456,-0.0408247709274292,f2005,43
train/explained_variance,19968,0.014748811721801758,f2005,43
train/explained_variance,20480,0.06138002872467041,f2005,43
train/explained_variance,20992,-0.03044307231903076,f2005,43
train/explained_variance,21504,0.04796820878982544,f2005,43
train/explained_variance,22016,0.07822418212890625,f2005,43
train/explained_variance,22528,-0.05608224868774414,f2005,43
train/explained_variance,23040,0.10617023706436157,f2005,43
train/explained_variance,23552,0.033731043338775635,f2005,43
train/explained_variance,24064,0.10714340209960938,f2005,43
train/explained_variance,24576,0.07455700635910034,f2005,43
train/learning_rate,1024,0.0003000000142492354,f2005,43
train/learning_rate,1536,0.0003000000142492354,f2005,43
train/learning_rate,2048,0.0003000000142492354,f2005,43
train/learning_rate,2560,0.0003000000142492354,f2005,43
train/learning_rate,3072,0.0003000000142492354,f2005,43
train/learning_rate,3584,0.0003000000142492354,f2005,43
train/learning_rate,4096,0.0003000000142492354,f2005,43
train/learning_rate,4608,0.0003000000142492354,f2005,43
train/learning_rate,5120,0.0003000000142492354,f2005,43
train/learning_rate,5632,0.0003000000142492354,f2005,43
train/learning_rate,6144,0.0003000000142492354,f2005,43
train/learning_rate,6656,0.0003000000142492354,f2005,43
train/learning_rate,7168,0.0003000000142492354,f2005,43
train/learning_rate,7680,0.0003000000142492354,f2005,43
train/learning_rate,8192,0.0003000000142492354,f2005,43
train/learning_rate,8704,0.0003000000142492354,f2005,43
train/learning_rate,9216,0.0003000000142492354,f2005,43
train/learning_rate,9728,0.0003000000142492354,f2005,43
train/learning_rate,10240,0.0003000000142492354,f2005,43
train/learning_rate,10752,0.0003000000142492354,f2005,43
train/learning_rate,11264,0.0003000000142492354,f2005,43
train/learning_rate,11776,0.0003000000142492354,f2005,43
train/learning_rate,12288,0.0003000000142492354,f2005,43
train/learning_rate,12800,0.0003000000142492354,f2005,43
train/learning_rate,13312,0.0003000000142492354,f2005,43
train/learning_rate,13824,0.0003000000142492354,f2005,43
train/learning_rate,14336,0.0003000000142492354,f2005,43
train/learning_rate,14848,0.0003000000142492354,f2005,43
train/learning_rate,15360,0.0003000000142492354,f2005,43
train/learning_rate,15872,0.0003000000142492354,f2005,43
train/learning_rate,16384,0.0003000000142492354,f2005,43
train/learning_rate,16896,0.0003000000142492354,f2005,43
train/learning_rate,17408,0.0003000000142492354,f2005,43
train/learning_rate,17920,0.0003000000142492354,f2005,43
train/learning_rate,18432,0.0003000000142492354,f2005,43
train/learning_rate,18944,0.0003000000142492354,f2005,43
train/learning_rate,19456,0.0003000000142492354,f2005,43
train/learning_rate,19968,0.0003000000142492354,f2005,43
train/learning_rate,20480,0.0003000000142492354,f2005,43
train/learning_rate,20992,0.0003000000142492354,f2005,43
train/learning_rate,21504,0.0003000000142492354,f2005,43
train/learning_rate,22016,0.0003000000142492354,f2005,43
train/learning_rate,22528,0.0003000000142492354,f2005,43
train/learning_rate,23040,0.0003000000142492354,f2005,43
train/learning_rate,23552,0.0003000000142492354,f2005,43
train/learning_rate,24064,0.0003000000142492354,f2005,43
train/learning_rate,24576,0.0003000000142492354,f2005,43
train/loss,1024,0.5639706254005432,f2005,43
train/loss,1536,0.4463077783584595,f2005,43
train/loss,2048,0.2955647110939026,f2005,43
train/loss,2560,0.1923438012599945,f2005,43
train/loss,3072,0.10388793051242828,f2005,43
train/loss,3584,0.006561171263456345,f2005,43
train/loss,4096,-0.01728006824851036,f2005,43
train/loss,4608,-0.022517655044794083,f2005,43
train/loss,5120,-0.02961820177733898,f2005,43
train/loss,5632,-0.006536224856972694,f2005,43
train/loss,6144,-0.031888801604509354,f2005,43
train/loss,6656,-0.013582204468548298,f2005,43
train/loss,7168,-0.022215494886040688,f2005,43
train/loss,7680,-0.03217680752277374,f2005,43
train/loss,8192,-0.043422020971775055,f2005,43
train/loss,8704,-0.03639903664588928,f2005,43
train/loss,9216,-0.03707689791917801,f2005,43
train/loss,9728,-0.020016003400087357,f2005,43
train/loss,10240,-0.029489800333976746,f2005,43
train/loss,10752,-0.031748414039611816,f2005,43
train/loss,11264,-0.01940060593187809,f2005,43
train/loss,11776,-0.017140384763479233,f2005,43
train/loss,12288,-0.026397475972771645,f2005,43
train/loss,12800,-0.026672618463635445,f2005,43
train/loss,13312,-0.04135176166892052,f2005,43
train/loss,13824,-0.03216424584388733,f2005,43
train/loss,14336,-0.02361237443983555,f2005,43
train/loss,14848,-0.03535066545009613,f2005,43
train/loss,15360,-0.03719865530729294,f2005,43
train/loss,15872,-0.03174098581075668,f2005,43
train/loss,16384,-0.014642830938100815,f2005,43
train/loss,16896,-0.03105408512055874,f2005,43
train/loss,17408,-0.02635914459824562,f2005,43
train/loss,17920,-0.018625997006893158,f2005,43
train/loss,18432,-0.029060184955596924,f2005,43
train/loss,18944,-0.023079287260770798,f2005,43
train/loss,19456,-0.0342126190662384,f2005,43
train/loss,19968,-0.0073612285777926445,f2005,43
train/loss,20480,-0.02385028637945652,f2005,43
train/loss,20992,-0.02984020859003067,f2005,43
train/loss,21504,-0.03107110783457756,f2005,43
train/loss,22016,-0.029251232743263245,f2005,43
train/loss,22528,-0.023446694016456604,f2005,43
train/loss,23040,-0.018645869567990303,f2005,43
train/loss,23552,-0.025695599615573883,f2005,43
train/loss,24064,-0.03579142317175865,f2005,43
train/loss,24576,-0.03079332411289215,f2005,43
train/policy_gradient_loss,1024,-0.011483496986329556,f2005,43
train/policy_gradient_loss,1536,-0.00737813301384449,f2005,43
train/policy_gradient_loss,2048,-0.022152137011289597,f2005,43
train/policy_gradient_loss,2560,-0.023658759891986847,f2005,43
train/policy_gradient_loss,3072,-0.019404452294111252,f2005,43
train/policy_gradient_loss,3584,-0.02338358201086521,f2005,43
train/policy_gradient_loss,4096,-0.018932202830910683,f2005,43
train/policy_gradient_loss,4608,-0.016075236722826958,f2005,43
train/policy_gradient_loss,5120,-0.0232112854719162,f2005,43
train/policy_gradient_loss,5632,-0.01821599341928959,f2005,43
train/policy_gradient_loss,6144,-0.02273692563176155,f2005,43
train/policy_gradient_loss,6656,-0.020169153809547424,f2005,43
train/policy_gradient_loss,7168,-0.020519966259598732,f2005,43
train/policy_gradient_loss,7680,-0.022585084661841393,f2005,43
train/policy_gradient_loss,8192,-0.028038784861564636,f2005,43
train/policy_gradient_loss,8704,-0.016315875574946404,f2005,43
train/policy_gradient_loss,9216,-0.018830496817827225,f2005,43
train/policy_gradient_loss,9728,-0.022043701261281967,f2005,43
train/policy_gradient_loss,10240,-0.022312404587864876,f2005,43
train/policy_gradient_loss,10752,-0.021856514737010002,f2005,43
train/policy_gradient_loss,11264,-0.01512001734226942,f2005,43
train/policy_gradient_loss,11776,-0.016992729157209396,f2005,43
train/policy_gradient_loss,12288,-0.0223184023052454,f2005,43
train/policy_gradient_loss,12800,-0.018173931166529655,f2005,43
train/policy_gradient_loss,13312,-0.019403262063860893,f2005,43
train/policy_gradient_loss,13824,-0.01719372719526291,f2005,43
train/policy_gradient_loss,14336,-0.016448568552732468,f2005,43
train/policy_gradient_loss,14848,-0.025828087702393532,f2005,43
train/policy_gradient_loss,15360,-0.020527616143226624,f2005,43
train/policy_gradient_loss,15872,-0.019233660772442818,f2005,43
train/policy_gradient_loss,16384,-0.02152184769511223,f2005,43
train/policy_gradient_loss,16896,-0.015267823822796345,f2005,43
train/policy_gradient_loss,17408,-0.016169797629117966,f2005,43
train/policy_gradient_loss,17920,-0.01926516182720661,f2005,43
train/policy_gradient_loss,18432,-0.016909953206777573,f2005,43
train/policy_gradient_loss,18944,-0.013689340092241764,f2005,43
train/policy_gradient_loss,19456,-0.01874806545674801,f2005,43
train/policy_gradient_loss,19968,-0.012164155021309853,f2005,43
train/policy_gradient_loss,20480,-0.0193401500582695,f2005,43
train/policy_gradient_loss,20992,-0.01773745007812977,f2005,43
train/policy_gradient_loss,21504,-0.02231149934232235,f2005,43
train/policy_gradient_loss,22016,-0.02317880094051361,f2005,43
train/policy_gradient_loss,22528,-0.02073017694056034,f2005,43
train/policy_gradient_loss,23040,-0.01925208419561386,f2005,43
train/policy_gradient_loss,23552,-0.015487710013985634,f2005,43
train/policy_gradient_loss,24064,-0.02286255918443203,f2005,43
train/policy_gradient_loss,24576,-0.018857281655073166,f2005,43
train/std,1024,0.6057826280593872,f2005,43
train/std,1536,0.6050803661346436,f2005,43
train/std,2048,0.6020671129226685,f2005,43
train/std,2560,0.5968424677848816,f2005,43
train/std,3072,0.5941781997680664,f2005,43
train/std,3584,0.5906635522842407,f2005,43
train/std,4096,0.5857349038124084,f2005,43
train/std,4608,0.5800303220748901,f2005,43
train/std,5120,0.574960470199585,f2005,43
train/std,5632,0.5718185305595398,f2005,43
train/std,6144,0.5676543116569519,f2005,43
train/std,6656,0.5620335936546326,f2005,43
train/std,7168,0.5587939023971558,f2005,43
train/std,7680,0.5563011169433594,f2005,43
train/std,8192,0.55286705493927,f2005,43
train/std,8704,0.5489524602890015,f2005,43
train/std,9216,0.5452180504798889,f2005,43
train/std,9728,0.5423287153244019,f2005,43
train/std,10240,0.5393667221069336,f2005,43
train/std,10752,0.5360945463180542,f2005,43
train/std,11264,0.5325055718421936,f2005,43
train/std,11776,0.5299371480941772,f2005,43
train/std,12288,0.5263990759849548,f2005,43
train/std,12800,0.5240434408187866,f2005,43
train/std,13312,0.521287202835083,f2005,43
train/std,13824,0.5188831090927124,f2005,43
train/std,14336,0.5168482065200806,f2005,43
train/std,14848,0.5146089196205139,f2005,43
train/std,15360,0.5122414231300354,f2005,43
train/std,15872,0.5092297792434692,f2005,43
train/std,16384,0.5053836107254028,f2005,43
train/std,16896,0.5013818740844727,f2005,43
train/std,17408,0.4976873993873596,f2005,43
train/std,17920,0.49468332529067993,f2005,43
train/std,18432,0.4934493899345398,f2005,43
train/std,18944,0.4915943741798401,f2005,43
train/std,19456,0.49014341831207275,f2005,43
train/std,19968,0.4882110357284546,f2005,43
train/std,20480,0.4853473901748657,f2005,43
train/std,20992,0.4840119481086731,f2005,43
train/std,21504,0.48230528831481934,f2005,43
train/std,22016,0.4791477620601654,f2005,43
train/std,22528,0.47598797082901,f2005,43
train/std,23040,0.4743061661720276,f2005,43
train/std,23552,0.4720783233642578,f2005,43
train/std,24064,0.47015848755836487,f2005,43
train/std,24576,0.46858417987823486,f2005,43
train/value_loss,1024,1.4048620462417603,f2005,43
train/value_loss,1536,1.0734260082244873,f2005,43
train/value_loss,2048,0.786512017250061,f2005,43
train/value_loss,2560,0.5793730020523071,f2005,43
train/value_loss,3072,0.38985875248908997,f2005,43
train/value_loss,3584,0.19067353010177612,f2005,43
train/value_loss,4096,0.0667211040854454,f2005,43
train/value_loss,4608,0.03547072783112526,f2005,43
train/value_loss,5120,0.031866516917943954,f2005,43
train/value_loss,5632,0.027427123859524727,f2005,43
train/value_loss,6144,0.028867170214653015,f2005,43
train/value_loss,6656,0.02182960696518421,f2005,43
train/value_loss,7168,0.02294914796948433,f2005,43
train/value_loss,7680,0.022811736911535263,f2005,43
train/value_loss,8192,0.022960107773542404,f2005,43
train/value_loss,8704,0.02129441872239113,f2005,43
train/value_loss,9216,0.020860597491264343,f2005,43
train/value_loss,9728,0.017060650512576103,f2005,43
train/value_loss,10240,0.018834464251995087,f2005,43
train/value_loss,10752,0.018671605736017227,f2005,43
train/value_loss,11264,0.018669161945581436,f2005,43
train/value_loss,11776,0.01820467785000801,f2005,43
train/value_loss,12288,0.019637467339634895,f2005,43
train/value_loss,12800,0.016819261014461517,f2005,43
train/value_loss,13312,0.018707338720560074,f2005,43
train/value_loss,13824,0.014883817173540592,f2005,43
train/value_loss,14336,0.014313414692878723,f2005,43
train/value_loss,14848,0.017329497262835503,f2005,43
train/value_loss,15360,0.0154614532366395,f2005,43
train/value_loss,15872,0.016318365931510925,f2005,43
train/value_loss,16384,0.013581209816038609,f2005,43
train/value_loss,16896,0.01441538892686367,f2005,43
train/value_loss,17408,0.013269356451928616,f2005,43
train/value_loss,17920,0.011427599005401134,f2005,43
train/value_loss,18432,0.013259810395538807,f2005,43
train/value_loss,18944,0.011265573091804981,f2005,43
train/value_loss,19456,0.012383230961859226,f2005,43
train/value_loss,19968,0.012070671655237675,f2005,43
train/value_loss,20480,0.013600645586848259,f2005,43
train/value_loss,20992,0.011335259303450584,f2005,43
train/value_loss,21504,0.009541059844195843,f2005,43
train/value_loss,22016,0.010627290233969688,f2005,43
train/value_loss,22528,0.00947990920394659,f2005,43
train/value_loss,23040,0.010238615795969963,f2005,43
train/value_loss,23552,0.010606348514556885,f2005,43
train/value_loss,24064,0.01000570971518755,f2005,43
train/value_loss,24576,0.00970868393778801,f2005,43
rollout/ep_len_mean,512,1.0,f2005,44
rollout/ep_len_mean,1024,1.0,f2005,44
rollout/ep_len_mean,1536,1.0,f2005,44
rollout/ep_len_mean,2048,1.0,f2005,44
rollout/ep_len_mean,2560,1.0,f2005,44
rollout/ep_len_mean,3072,1.0,f2005,44
rollout/ep_len_mean,3584,1.0,f2005,44
rollout/ep_len_mean,4096,1.0,f2005,44
rollout/ep_len_mean,4608,1.0,f2005,44
rollout/ep_len_mean,5120,1.0,f2005,44
rollout/ep_len_mean,5632,1.0,f2005,44
rollout/ep_len_mean,6144,1.0,f2005,44
rollout/ep_len_mean,6656,1.0,f2005,44
rollout/ep_len_mean,7168,1.0,f2005,44
rollout/ep_len_mean,7680,1.0,f2005,44
rollout/ep_len_mean,8192,1.0,f2005,44
rollout/ep_len_mean,8704,1.0,f2005,44
rollout/ep_len_mean,9216,1.0,f2005,44
rollout/ep_len_mean,9728,1.0,f2005,44
rollout/ep_len_mean,10240,1.0,f2005,44
rollout/ep_len_mean,10752,1.0,f2005,44
rollout/ep_len_mean,11264,1.0,f2005,44
rollout/ep_len_mean,11776,1.0,f2005,44
rollout/ep_len_mean,12288,1.0,f2005,44
rollout/ep_len_mean,12800,1.0,f2005,44
rollout/ep_len_mean,13312,1.0,f2005,44
rollout/ep_len_mean,13824,1.0,f2005,44
rollout/ep_len_mean,14336,1.0,f2005,44
rollout/ep_len_mean,14848,1.0,f2005,44
rollout/ep_len_mean,15360,1.0,f2005,44
rollout/ep_len_mean,15872,1.0,f2005,44
rollout/ep_len_mean,16384,1.0,f2005,44
rollout/ep_len_mean,16896,1.0,f2005,44
rollout/ep_len_mean,17408,1.0,f2005,44
rollout/ep_len_mean,17920,1.0,f2005,44
rollout/ep_rew_mean,512,1.1178854703903198,f2005,44
rollout/ep_rew_mean,1024,1.120690107345581,f2005,44
rollout/ep_rew_mean,1536,1.1223459243774414,f2005,44
rollout/ep_rew_mean,2048,1.1148793697357178,f2005,44
rollout/ep_rew_mean,2560,1.129670262336731,f2005,44
rollout/ep_rew_mean,3072,1.1412853002548218,f2005,44
rollout/ep_rew_mean,3584,1.1356871128082275,f2005,44
rollout/ep_rew_mean,4096,1.1366677284240723,f2005,44
rollout/ep_rew_mean,4608,1.1532000303268433,f2005,44
rollout/ep_rew_mean,5120,1.1243354082107544,f2005,44
rollout/ep_rew_mean,5632,1.1366413831710815,f2005,44
rollout/ep_rew_mean,6144,1.147356390953064,f2005,44
rollout/ep_rew_mean,6656,1.17403244972229,f2005,44
rollout/ep_rew_mean,7168,1.1509766578674316,f2005,44
rollout/ep_rew_mean,7680,1.1567597389221191,f2005,44
rollout/ep_rew_mean,8192,1.149711012840271,f2005,44
rollout/ep_rew_mean,8704,1.1534396409988403,f2005,44
rollout/ep_rew_mean,9216,1.1726897954940796,f2005,44
rollout/ep_rew_mean,9728,1.1566364765167236,f2005,44
rollout/ep_rew_mean,10240,1.1388133764266968,f2005,44
rollout/ep_rew_mean,10752,1.1493443250656128,f2005,44
rollout/ep_rew_mean,11264,1.1546374559402466,f2005,44
rollout/ep_rew_mean,11776,1.159511923789978,f2005,44
rollout/ep_rew_mean,12288,1.1840389966964722,f2005,44
rollout/ep_rew_mean,12800,1.1587791442871094,f2005,44
rollout/ep_rew_mean,13312,1.1681956052780151,f2005,44
rollout/ep_rew_mean,13824,1.1593812704086304,f2005,44
rollout/ep_rew_mean,14336,1.170486330986023,f2005,44
rollout/ep_rew_mean,14848,1.171398401260376,f2005,44
rollout/ep_rew_mean,15360,1.160926103591919,f2005,44
rollout/ep_rew_mean,15872,1.1608026027679443,f2005,44
rollout/ep_rew_mean,16384,1.1689010858535767,f2005,44
rollout/ep_rew_mean,16896,1.184684157371521,f2005,44
rollout/ep_rew_mean,17408,1.1591107845306396,f2005,44
rollout/ep_rew_mean,17920,1.175012469291687,f2005,44
time/fps,512,5.0,f2005,44
time/fps,1024,3.0,f2005,44
time/fps,1536,3.0,f2005,44
time/fps,2048,4.0,f2005,44
time/fps,2560,4.0,f2005,44
time/fps,3072,4.0,f2005,44
time/fps,3584,4.0,f2005,44
time/fps,4096,4.0,f2005,44
time/fps,4608,4.0,f2005,44
time/fps,5120,4.0,f2005,44
time/fps,5632,4.0,f2005,44
time/fps,6144,4.0,f2005,44
time/fps,6656,4.0,f2005,44
time/fps,7168,4.0,f2005,44
time/fps,7680,4.0,f2005,44
time/fps,8192,4.0,f2005,44
time/fps,8704,4.0,f2005,44
time/fps,9216,4.0,f2005,44
time/fps,9728,4.0,f2005,44
time/fps,10240,4.0,f2005,44
time/fps,10752,4.0,f2005,44
time/fps,11264,4.0,f2005,44
time/fps,11776,4.0,f2005,44
time/fps,12288,4.0,f2005,44
time/fps,12800,4.0,f2005,44
time/fps,13312,4.0,f2005,44
time/fps,13824,4.0,f2005,44
time/fps,14336,4.0,f2005,44
time/fps,14848,4.0,f2005,44
time/fps,15360,4.0,f2005,44
time/fps,15872,4.0,f2005,44
time/fps,16384,4.0,f2005,44
time/fps,16896,4.0,f2005,44
time/fps,17408,4.0,f2005,44
time/fps,17920,4.0,f2005,44
train/approx_kl,1024,0.0063854968175292015,f2005,44
train/approx_kl,1536,0.005461046937853098,f2005,44
train/approx_kl,2048,0.009891333058476448,f2005,44
train/approx_kl,2560,0.008402377367019653,f2005,44
train/approx_kl,3072,0.010882081463932991,f2005,44
train/approx_kl,3584,0.014538397081196308,f2005,44
train/approx_kl,4096,0.008957330137491226,f2005,44
train/approx_kl,4608,0.008921435102820396,f2005,44
train/approx_kl,5120,0.012162383645772934,f2005,44
train/approx_kl,5632,0.008341999724507332,f2005,44
train/approx_kl,6144,0.009811030700802803,f2005,44
train/approx_kl,6656,0.008557090535759926,f2005,44
train/approx_kl,7168,0.010470881126821041,f2005,44
train/approx_kl,7680,0.010803223587572575,f2005,44
train/approx_kl,8192,0.009643624536693096,f2005,44
train/approx_kl,8704,0.012629161588847637,f2005,44
train/approx_kl,9216,0.008888356387615204,f2005,44
train/approx_kl,9728,0.007446116767823696,f2005,44
train/approx_kl,10240,0.009035076946020126,f2005,44
train/approx_kl,10752,0.012148979119956493,f2005,44
train/approx_kl,11264,0.013814214617013931,f2005,44
train/approx_kl,11776,0.008586306124925613,f2005,44
train/approx_kl,12288,0.00607927655801177,f2005,44
train/approx_kl,12800,0.007837916724383831,f2005,44
train/approx_kl,13312,0.015408270061016083,f2005,44
train/approx_kl,13824,0.011738516390323639,f2005,44
train/approx_kl,14336,0.010554727166891098,f2005,44
train/approx_kl,14848,0.009675664827227592,f2005,44
train/approx_kl,15360,0.009520362131297588,f2005,44
train/approx_kl,15872,0.011919833719730377,f2005,44
train/approx_kl,16384,0.009717811830341816,f2005,44
train/approx_kl,16896,0.012322923168540001,f2005,44
train/approx_kl,17408,0.01226683147251606,f2005,44
train/approx_kl,17920,0.006333952769637108,f2005,44
train/clip_fraction,1024,0.02890625037252903,f2005,44
train/clip_fraction,1536,0.015625,f2005,44
train/clip_fraction,2048,0.05156249925494194,f2005,44
train/clip_fraction,2560,0.03203124925494194,f2005,44
train/clip_fraction,3072,0.05507812649011612,f2005,44
train/clip_fraction,3584,0.09042968600988388,f2005,44
train/clip_fraction,4096,0.03593749925494194,f2005,44
train/clip_fraction,4608,0.06503906100988388,f2005,44
train/clip_fraction,5120,0.05488281324505806,f2005,44
train/clip_fraction,5632,0.03652343899011612,f2005,44
train/clip_fraction,6144,0.048828125,f2005,44
train/clip_fraction,6656,0.03730468824505806,f2005,44
train/clip_fraction,7168,0.07441405951976776,f2005,44
train/clip_fraction,7680,0.05996093899011612,f2005,44
train/clip_fraction,8192,0.05585937574505806,f2005,44
train/clip_fraction,8704,0.07792969048023224,f2005,44
train/clip_fraction,9216,0.07753906399011612,f2005,44
train/clip_fraction,9728,0.0302734375,f2005,44
train/clip_fraction,10240,0.05703125149011612,f2005,44
train/clip_fraction,10752,0.0673828125,f2005,44
train/clip_fraction,11264,0.07968749850988388,f2005,44
train/clip_fraction,11776,0.06796874850988388,f2005,44
train/clip_fraction,12288,0.02910156175494194,f2005,44
train/clip_fraction,12800,0.04335937649011612,f2005,44
train/clip_fraction,13312,0.09101562201976776,f2005,44
train/clip_fraction,13824,0.06386718899011612,f2005,44
train/clip_fraction,14336,0.05644531175494194,f2005,44
train/clip_fraction,14848,0.05332031100988388,f2005,44
train/clip_fraction,15360,0.04902343824505806,f2005,44
train/clip_fraction,15872,0.08281250298023224,f2005,44
train/clip_fraction,16384,0.078125,f2005,44
train/clip_fraction,16896,0.09414062649011612,f2005,44
train/clip_fraction,17408,0.08144531399011612,f2005,44
train/clip_fraction,17920,0.04179687425494194,f2005,44
train/clip_range,1024,0.20000000298023224,f2005,44
train/clip_range,1536,0.20000000298023224,f2005,44
train/clip_range,2048,0.20000000298023224,f2005,44
train/clip_range,2560,0.20000000298023224,f2005,44
train/clip_range,3072,0.20000000298023224,f2005,44
train/clip_range,3584,0.20000000298023224,f2005,44
train/clip_range,4096,0.20000000298023224,f2005,44
train/clip_range,4608,0.20000000298023224,f2005,44
train/clip_range,5120,0.20000000298023224,f2005,44
train/clip_range,5632,0.20000000298023224,f2005,44
train/clip_range,6144,0.20000000298023224,f2005,44
train/clip_range,6656,0.20000000298023224,f2005,44
train/clip_range,7168,0.20000000298023224,f2005,44
train/clip_range,7680,0.20000000298023224,f2005,44
train/clip_range,8192,0.20000000298023224,f2005,44
train/clip_range,8704,0.20000000298023224,f2005,44
train/clip_range,9216,0.20000000298023224,f2005,44
train/clip_range,9728,0.20000000298023224,f2005,44
train/clip_range,10240,0.20000000298023224,f2005,44
train/clip_range,10752,0.20000000298023224,f2005,44
train/clip_range,11264,0.20000000298023224,f2005,44
train/clip_range,11776,0.20000000298023224,f2005,44
train/clip_range,12288,0.20000000298023224,f2005,44
train/clip_range,12800,0.20000000298023224,f2005,44
train/clip_range,13312,0.20000000298023224,f2005,44
train/clip_range,13824,0.20000000298023224,f2005,44
train/clip_range,14336,0.20000000298023224,f2005,44
train/clip_range,14848,0.20000000298023224,f2005,44
train/clip_range,15360,0.20000000298023224,f2005,44
train/clip_range,15872,0.20000000298023224,f2005,44
train/clip_range,16384,0.20000000298023224,f2005,44
train/clip_range,16896,0.20000000298023224,f2005,44
train/clip_range,17408,0.20000000298023224,f2005,44
train/clip_range,17920,0.20000000298023224,f2005,44
train/entropy_loss,1024,-3.671966314315796,f2005,44
train/entropy_loss,1536,-3.657410144805908,f2005,44
train/entropy_loss,2048,-3.6388471126556396,f2005,44
train/entropy_loss,2560,-3.615473747253418,f2005,44
train/entropy_loss,3072,-3.5851829051971436,f2005,44
train/entropy_loss,3584,-3.5627329349517822,f2005,44
train/entropy_loss,4096,-3.538052558898926,f2005,44
train/entropy_loss,4608,-3.5036733150482178,f2005,44
train/entropy_loss,5120,-3.467733383178711,f2005,44
train/entropy_loss,5632,-3.4413437843322754,f2005,44
train/entropy_loss,6144,-3.415728807449341,f2005,44
train/entropy_loss,6656,-3.390664577484131,f2005,44
train/entropy_loss,7168,-3.3635780811309814,f2005,44
train/entropy_loss,7680,-3.347074270248413,f2005,44
train/entropy_loss,8192,-3.3204545974731445,f2005,44
train/entropy_loss,8704,-3.2910349369049072,f2005,44
train/entropy_loss,9216,-3.2669379711151123,f2005,44
train/entropy_loss,9728,-3.236670970916748,f2005,44
train/entropy_loss,10240,-3.2124745845794678,f2005,44
train/entropy_loss,10752,-3.19844126701355,f2005,44
train/entropy_loss,11264,-3.179875135421753,f2005,44
train/entropy_loss,11776,-3.1495556831359863,f2005,44
train/entropy_loss,12288,-3.12131667137146,f2005,44
train/entropy_loss,12800,-3.095534086227417,f2005,44
train/entropy_loss,13312,-3.0743823051452637,f2005,44
train/entropy_loss,13824,-3.062561273574829,f2005,44
train/entropy_loss,14336,-3.040602684020996,f2005,44
train/entropy_loss,14848,-3.0156919956207275,f2005,44
train/entropy_loss,15360,-2.9877781867980957,f2005,44
train/entropy_loss,15872,-2.9685850143432617,f2005,44
train/entropy_loss,16384,-2.9553682804107666,f2005,44
train/entropy_loss,16896,-2.939039468765259,f2005,44
train/entropy_loss,17408,-2.915297031402588,f2005,44
train/entropy_loss,17920,-2.8909311294555664,f2005,44
train/explained_variance,1024,-26.0727481842041,f2005,44
train/explained_variance,1536,-8.565240859985352,f2005,44
train/explained_variance,2048,-2.3822977542877197,f2005,44
train/explained_variance,2560,-1.7495582103729248,f2005,44
train/explained_variance,3072,-1.3648309707641602,f2005,44
train/explained_variance,3584,-2.385788679122925,f2005,44
train/explained_variance,4096,-1.3852665424346924,f2005,44
train/explained_variance,4608,-1.7386078834533691,f2005,44
train/explained_variance,5120,-1.6111514568328857,f2005,44
train/explained_variance,5632,-1.5746865272521973,f2005,44
train/explained_variance,6144,-1.1601405143737793,f2005,44
train/explained_variance,6656,-0.8364602327346802,f2005,44
train/explained_variance,7168,-0.978460431098938,f2005,44
train/explained_variance,7680,-0.8456156253814697,f2005,44
train/explained_variance,8192,-0.722303032875061,f2005,44
train/explained_variance,8704,-0.5001667737960815,f2005,44
train/explained_variance,9216,-0.6867966651916504,f2005,44
train/explained_variance,9728,-0.5786585807800293,f2005,44
train/explained_variance,10240,-0.45437562465667725,f2005,44
train/explained_variance,10752,-0.4651297330856323,f2005,44
train/explained_variance,11264,-0.284088134765625,f2005,44
train/explained_variance,11776,-0.21604585647583008,f2005,44
train/explained_variance,12288,-0.34188103675842285,f2005,44
train/explained_variance,12800,-0.515837550163269,f2005,44
train/explained_variance,13312,-0.18912982940673828,f2005,44
train/explained_variance,13824,-0.3620337247848511,f2005,44
train/explained_variance,14336,-0.17933452129364014,f2005,44
train/explained_variance,14848,-0.0770653486251831,f2005,44
train/explained_variance,15360,-0.23620092868804932,f2005,44
train/explained_variance,15872,-0.11655056476593018,f2005,44
train/explained_variance,16384,-0.1422494649887085,f2005,44
train/explained_variance,16896,-0.26276707649230957,f2005,44
train/explained_variance,17408,-0.18957483768463135,f2005,44
train/explained_variance,17920,-0.12463951110839844,f2005,44
train/learning_rate,1024,0.0003000000142492354,f2005,44
train/learning_rate,1536,0.0003000000142492354,f2005,44
train/learning_rate,2048,0.0003000000142492354,f2005,44
train/learning_rate,2560,0.0003000000142492354,f2005,44
train/learning_rate,3072,0.0003000000142492354,f2005,44
train/learning_rate,3584,0.0003000000142492354,f2005,44
train/learning_rate,4096,0.0003000000142492354,f2005,44
train/learning_rate,4608,0.0003000000142492354,f2005,44
train/learning_rate,5120,0.0003000000142492354,f2005,44
train/learning_rate,5632,0.0003000000142492354,f2005,44
train/learning_rate,6144,0.0003000000142492354,f2005,44
train/learning_rate,6656,0.0003000000142492354,f2005,44
train/learning_rate,7168,0.0003000000142492354,f2005,44
train/learning_rate,7680,0.0003000000142492354,f2005,44
train/learning_rate,8192,0.0003000000142492354,f2005,44
train/learning_rate,8704,0.0003000000142492354,f2005,44
train/learning_rate,9216,0.0003000000142492354,f2005,44
train/learning_rate,9728,0.0003000000142492354,f2005,44
train/learning_rate,10240,0.0003000000142492354,f2005,44
train/learning_rate,10752,0.0003000000142492354,f2005,44
train/learning_rate,11264,0.0003000000142492354,f2005,44
train/learning_rate,11776,0.0003000000142492354,f2005,44
train/learning_rate,12288,0.0003000000142492354,f2005,44
train/learning_rate,12800,0.0003000000142492354,f2005,44
train/learning_rate,13312,0.0003000000142492354,f2005,44
train/learning_rate,13824,0.0003000000142492354,f2005,44
train/learning_rate,14336,0.0003000000142492354,f2005,44
train/learning_rate,14848,0.0003000000142492354,f2005,44
train/learning_rate,15360,0.0003000000142492354,f2005,44
train/learning_rate,15872,0.0003000000142492354,f2005,44
train/learning_rate,16384,0.0003000000142492354,f2005,44
train/learning_rate,16896,0.0003000000142492354,f2005,44
train/learning_rate,17408,0.0003000000142492354,f2005,44
train/learning_rate,17920,0.0003000000142492354,f2005,44
train/loss,1024,0.575515627861023,f2005,44
train/loss,1536,0.3914097547531128,f2005,44
train/loss,2048,0.2974235415458679,f2005,44
train/loss,2560,0.20497022569179535,f2005,44
train/loss,3072,0.08322747051715851,f2005,44
train/loss,3584,0.01660856604576111,f2005,44
train/loss,4096,-0.02262893319129944,f2005,44
train/loss,4608,-0.012297339737415314,f2005,44
train/loss,5120,-0.01348169893026352,f2005,44
train/loss,5632,-0.0024532824754714966,f2005,44
train/loss,6144,-0.014642332680523396,f2005,44
train/loss,6656,-0.006828848272562027,f2005,44
train/loss,7168,-0.030013080686330795,f2005,44
train/loss,7680,-0.01956336759030819,f2005,44
train/loss,8192,-0.02053777128458023,f2005,44
train/loss,8704,-0.008515438996255398,f2005,44
train/loss,9216,0.007391646504402161,f2005,44
train/loss,9728,-0.01189366914331913,f2005,44
train/loss,10240,-0.013297855854034424,f2005,44
train/loss,10752,-0.01822204515337944,f2005,44
train/loss,11264,-0.028536248952150345,f2005,44
train/loss,11776,-0.022742338478565216,f2005,44
train/loss,12288,-0.007062610238790512,f2005,44
train/loss,12800,-0.015372497960925102,f2005,44
train/loss,13312,-0.01290788035839796,f2005,44
train/loss,13824,-0.039579037576913834,f2005,44
train/loss,14336,-0.0381074883043766,f2005,44
train/loss,14848,-0.02740407921373844,f2005,44
train/loss,15360,-0.009695932269096375,f2005,44
train/loss,15872,-0.03506804630160332,f2005,44
train/loss,16384,-0.018268492072820663,f2005,44
train/loss,16896,-0.03662445396184921,f2005,44
train/loss,17408,-0.03427587449550629,f2005,44
train/loss,17920,-0.018390998244285583,f2005,44
train/policy_gradient_loss,1024,-0.015081201680004597,f2005,44
train/policy_gradient_loss,1536,-0.011761123314499855,f2005,44
train/policy_gradient_loss,2048,-0.01710708998143673,f2005,44
train/policy_gradient_loss,2560,-0.020148765295743942,f2005,44
train/policy_gradient_loss,3072,-0.021477732807397842,f2005,44
train/policy_gradient_loss,3584,-0.026687778532505035,f2005,44
train/policy_gradient_loss,4096,-0.019012924283742905,f2005,44
train/policy_gradient_loss,4608,-0.018262915313243866,f2005,44
train/policy_gradient_loss,5120,-0.016844434663653374,f2005,44
train/policy_gradient_loss,5632,-0.016859879717230797,f2005,44
train/policy_gradient_loss,6144,-0.017032790929079056,f2005,44
train/policy_gradient_loss,6656,-0.016584480181336403,f2005,44
train/policy_gradient_loss,7168,-0.017698893323540688,f2005,44
train/policy_gradient_loss,7680,-0.01725780963897705,f2005,44
train/policy_gradient_loss,8192,-0.018348967656493187,f2005,44
train/policy_gradient_loss,8704,-0.020134802907705307,f2005,44
train/policy_gradient_loss,9216,-0.016781166195869446,f2005,44
train/policy_gradient_loss,9728,-0.013726617209613323,f2005,44
train/policy_gradient_loss,10240,-0.015440813265740871,f2005,44
train/policy_gradient_loss,10752,-0.01642577350139618,f2005,44
train/policy_gradient_loss,11264,-0.021059243008494377,f2005,44
train/policy_gradient_loss,11776,-0.019051527604460716,f2005,44
train/policy_gradient_loss,12288,-0.012244118377566338,f2005,44
train/policy_gradient_loss,12800,-0.013426435180008411,f2005,44
train/policy_gradient_loss,13312,-0.016095086932182312,f2005,44
train/policy_gradient_loss,13824,-0.018115466460585594,f2005,44
train/policy_gradient_loss,14336,-0.01902560330927372,f2005,44
train/policy_gradient_loss,14848,-0.017916733399033546,f2005,44
train/policy_gradient_loss,15360,-0.014456444419920444,f2005,44
train/policy_gradient_loss,15872,-0.021434780210256577,f2005,44
train/policy_gradient_loss,16384,-0.017967868596315384,f2005,44
train/policy_gradient_loss,16896,-0.02013552002608776,f2005,44
train/policy_gradient_loss,17408,-0.01792614720761776,f2005,44
train/policy_gradient_loss,17920,-0.014260584488511086,f2005,44
train/std,1024,0.6052002906799316,f2005,44
train/std,1536,0.6021305322647095,f2005,44
train/std,2048,0.5999691486358643,f2005,44
train/std,2560,0.5949308276176453,f2005,44
train/std,3072,0.5914438962936401,f2005,44
train/std,3584,0.5883932709693909,f2005,44
train/std,4096,0.5842761993408203,f2005,44
train/std,4608,0.5785183906555176,f2005,44
train/std,5120,0.5746042728424072,f2005,44
train/std,5632,0.5710329413414001,f2005,44
train/std,6144,0.5679810643196106,f2005,44
train/std,6656,0.5637004375457764,f2005,44
train/std,7168,0.5615400075912476,f2005,44
train/std,7680,0.558668851852417,f2005,44
train/std,8192,0.5544131994247437,f2005,44
train/std,8704,0.5512235164642334,f2005,44
train/std,9216,0.5473515391349792,f2005,44
train/std,9728,0.5437003374099731,f2005,44
train/std,10240,0.5414077043533325,f2005,44
train/std,10752,0.5398472547531128,f2005,44
train/std,11264,0.5362921953201294,f2005,44
train/std,11776,0.5326310992240906,f2005,44
train/std,12288,0.5292067527770996,f2005,44
train/std,12800,0.5258913040161133,f2005,44
train/std,13312,0.5245540142059326,f2005,44
train/std,13824,0.5224964022636414,f2005,44
train/std,14336,0.5197021961212158,f2005,44
train/std,14848,0.5162217020988464,f2005,44
train/std,15360,0.5132536292076111,f2005,44
train/std,15872,0.5115478038787842,f2005,44
train/std,16384,0.5102000832557678,f2005,44
train/std,16896,0.5077438354492188,f2005,44
train/std,17408,0.5048679113388062,f2005,44
train/std,17920,0.5017893314361572,f2005,44
train/value_loss,1024,1.381104588508606,f2005,44
train/value_loss,1536,1.0003879070281982,f2005,44
train/value_loss,2048,0.7672345042228699,f2005,44
train/value_loss,2560,0.5804415941238403,f2005,44
train/value_loss,3072,0.3659459948539734,f2005,44
train/value_loss,3584,0.19903729856014252,f2005,44
train/value_loss,4096,0.07985637336969376,f2005,44
train/value_loss,4608,0.050256479531526566,f2005,44
train/value_loss,5120,0.04404598847031593,f2005,44
train/value_loss,5632,0.038557495921850204,f2005,44
train/value_loss,6144,0.03221767768263817,f2005,44
train/value_loss,6656,0.02715734764933586,f2005,44
train/value_loss,7168,0.028567275032401085,f2005,44
train/value_loss,7680,0.028697459027171135,f2005,44
train/value_loss,8192,0.029711412265896797,f2005,44
train/value_loss,8704,0.026522740721702576,f2005,44
train/value_loss,9216,0.025677265599370003,f2005,44
train/value_loss,9728,0.02256542071700096,f2005,44
train/value_loss,10240,0.02225947566330433,f2005,44
train/value_loss,10752,0.023121001198887825,f2005,44
train/value_loss,11264,0.020975708961486816,f2005,44
train/value_loss,11776,0.01796894334256649,f2005,44
train/value_loss,12288,0.021845437586307526,f2005,44
train/value_loss,12800,0.019365595653653145,f2005,44
train/value_loss,13312,0.017680764198303223,f2005,44
train/value_loss,13824,0.018866397440433502,f2005,44
train/value_loss,14336,0.0184192918241024,f2005,44
train/value_loss,14848,0.015271266922354698,f2005,44
train/value_loss,15360,0.01683250442147255,f2005,44
train/value_loss,15872,0.016264669597148895,f2005,44
train/value_loss,16384,0.015585196204483509,f2005,44
train/value_loss,16896,0.016251686960458755,f2005,44
train/value_loss,17408,0.015918072313070297,f2005,44
train/value_loss,17920,0.014905896969139576,f2005,44
rollout/ep_len_mean,512,1.0,f2005,45
rollout/ep_len_mean,1024,1.0,f2005,45
rollout/ep_len_mean,1536,1.0,f2005,45
rollout/ep_len_mean,2048,1.0,f2005,45
rollout/ep_len_mean,2560,1.0,f2005,45
rollout/ep_len_mean,3072,1.0,f2005,45
rollout/ep_len_mean,3584,1.0,f2005,45
rollout/ep_len_mean,4096,1.0,f2005,45
rollout/ep_len_mean,4608,1.0,f2005,45
rollout/ep_len_mean,5120,1.0,f2005,45
rollout/ep_len_mean,5632,1.0,f2005,45
rollout/ep_len_mean,6144,1.0,f2005,45
rollout/ep_len_mean,6656,1.0,f2005,45
rollout/ep_len_mean,7168,1.0,f2005,45
rollout/ep_len_mean,7680,1.0,f2005,45
rollout/ep_len_mean,8192,1.0,f2005,45
rollout/ep_len_mean,8704,1.0,f2005,45
rollout/ep_len_mean,9216,1.0,f2005,45
rollout/ep_len_mean,9728,1.0,f2005,45
rollout/ep_len_mean,10240,1.0,f2005,45
rollout/ep_len_mean,10752,1.0,f2005,45
rollout/ep_len_mean,11264,1.0,f2005,45
rollout/ep_len_mean,11776,1.0,f2005,45
rollout/ep_len_mean,12288,1.0,f2005,45
rollout/ep_len_mean,12800,1.0,f2005,45
rollout/ep_len_mean,13312,1.0,f2005,45
rollout/ep_len_mean,13824,1.0,f2005,45
rollout/ep_len_mean,14336,1.0,f2005,45
rollout/ep_len_mean,14848,1.0,f2005,45
rollout/ep_len_mean,15360,1.0,f2005,45
rollout/ep_len_mean,15872,1.0,f2005,45
rollout/ep_len_mean,16384,1.0,f2005,45
rollout/ep_len_mean,16896,1.0,f2005,45
rollout/ep_len_mean,17408,1.0,f2005,45
rollout/ep_len_mean,17920,1.0,f2005,45
rollout/ep_rew_mean,512,1.1271244287490845,f2005,45
rollout/ep_rew_mean,1024,1.1044156551361084,f2005,45
rollout/ep_rew_mean,1536,1.1310515403747559,f2005,45
rollout/ep_rew_mean,2048,1.1374597549438477,f2005,45
rollout/ep_rew_mean,2560,1.1342840194702148,f2005,45
rollout/ep_rew_mean,3072,1.1428025960922241,f2005,45
rollout/ep_rew_mean,3584,1.13634192943573,f2005,45
rollout/ep_rew_mean,4096,1.134779691696167,f2005,45
rollout/ep_rew_mean,4608,1.110053539276123,f2005,45
rollout/ep_rew_mean,5120,1.1438251733779907,f2005,45
rollout/ep_rew_mean,5632,1.1221445798873901,f2005,45
rollout/ep_rew_mean,6144,1.1357977390289307,f2005,45
rollout/ep_rew_mean,6656,1.1437996625900269,f2005,45
rollout/ep_rew_mean,7168,1.156715750694275,f2005,45
rollout/ep_rew_mean,7680,1.157202959060669,f2005,45
rollout/ep_rew_mean,8192,1.151397466659546,f2005,45
rollout/ep_rew_mean,8704,1.179712176322937,f2005,45
rollout/ep_rew_mean,9216,1.159123182296753,f2005,45
rollout/ep_rew_mean,9728,1.182756781578064,f2005,45
rollout/ep_rew_mean,10240,1.147988200187683,f2005,45
rollout/ep_rew_mean,10752,1.1585086584091187,f2005,45
rollout/ep_rew_mean,11264,1.161704182624817,f2005,45
rollout/ep_rew_mean,11776,1.1423746347427368,f2005,45
rollout/ep_rew_mean,12288,1.1637550592422485,f2005,45
rollout/ep_rew_mean,12800,1.1876884698867798,f2005,45
rollout/ep_rew_mean,13312,1.1713770627975464,f2005,45
rollout/ep_rew_mean,13824,1.1593924760818481,f2005,45
rollout/ep_rew_mean,14336,1.1539421081542969,f2005,45
rollout/ep_rew_mean,14848,1.1847620010375977,f2005,45
rollout/ep_rew_mean,15360,1.1599810123443604,f2005,45
rollout/ep_rew_mean,15872,1.168771743774414,f2005,45
rollout/ep_rew_mean,16384,1.182458758354187,f2005,45
rollout/ep_rew_mean,16896,1.1799068450927734,f2005,45
rollout/ep_rew_mean,17408,1.1567209959030151,f2005,45
rollout/ep_rew_mean,17920,1.165648341178894,f2005,45
time/fps,512,2.0,f2005,45
time/fps,1024,2.0,f2005,45
time/fps,1536,2.0,f2005,45
time/fps,2048,2.0,f2005,45
time/fps,2560,2.0,f2005,45
time/fps,3072,2.0,f2005,45
time/fps,3584,2.0,f2005,45
time/fps,4096,2.0,f2005,45
time/fps,4608,2.0,f2005,45
time/fps,5120,2.0,f2005,45
time/fps,5632,2.0,f2005,45
time/fps,6144,2.0,f2005,45
time/fps,6656,2.0,f2005,45
time/fps,7168,2.0,f2005,45
time/fps,7680,2.0,f2005,45
time/fps,8192,3.0,f2005,45
time/fps,8704,3.0,f2005,45
time/fps,9216,3.0,f2005,45
time/fps,9728,3.0,f2005,45
time/fps,10240,3.0,f2005,45
time/fps,10752,3.0,f2005,45
time/fps,11264,3.0,f2005,45
time/fps,11776,3.0,f2005,45
time/fps,12288,3.0,f2005,45
time/fps,12800,3.0,f2005,45
time/fps,13312,3.0,f2005,45
time/fps,13824,3.0,f2005,45
time/fps,14336,3.0,f2005,45
time/fps,14848,3.0,f2005,45
time/fps,15360,3.0,f2005,45
time/fps,15872,3.0,f2005,45
time/fps,16384,3.0,f2005,45
time/fps,16896,3.0,f2005,45
time/fps,17408,3.0,f2005,45
time/fps,17920,3.0,f2005,45
train/approx_kl,1024,0.007617663126438856,f2005,45
train/approx_kl,1536,0.007710356265306473,f2005,45
train/approx_kl,2048,0.006539196707308292,f2005,45
train/approx_kl,2560,0.00859029684215784,f2005,45
train/approx_kl,3072,0.008511822670698166,f2005,45
train/approx_kl,3584,0.012763479724526405,f2005,45
train/approx_kl,4096,0.011586500331759453,f2005,45
train/approx_kl,4608,0.010771403089165688,f2005,45
train/approx_kl,5120,0.011775749735534191,f2005,45
train/approx_kl,5632,0.012636426836252213,f2005,45
train/approx_kl,6144,0.01336743775755167,f2005,45
train/approx_kl,6656,0.013509389013051987,f2005,45
train/approx_kl,7168,0.013483647257089615,f2005,45
train/approx_kl,7680,0.011859756894409657,f2005,45
train/approx_kl,8192,0.008706944063305855,f2005,45
train/approx_kl,8704,0.013521282933652401,f2005,45
train/approx_kl,9216,0.010875293985009193,f2005,45
train/approx_kl,9728,0.009186159819364548,f2005,45
train/approx_kl,10240,0.011918600648641586,f2005,45
train/approx_kl,10752,0.01515678595751524,f2005,45
train/approx_kl,11264,0.008858718909323215,f2005,45
train/approx_kl,11776,0.009038446471095085,f2005,45
train/approx_kl,12288,0.013767411932349205,f2005,45
train/approx_kl,12800,0.014191378839313984,f2005,45
train/approx_kl,13312,0.009994875639677048,f2005,45
train/approx_kl,13824,0.010126268491148949,f2005,45
train/approx_kl,14336,0.008888766169548035,f2005,45
train/approx_kl,14848,0.00974890124052763,f2005,45
train/approx_kl,15360,0.011695316061377525,f2005,45
train/approx_kl,15872,0.008853712119162083,f2005,45
train/approx_kl,16384,0.010490486398339272,f2005,45
train/approx_kl,16896,0.014903922565281391,f2005,45
train/approx_kl,17408,0.00880385097116232,f2005,45
train/approx_kl,17920,0.011085457168519497,f2005,45
train/clip_fraction,1024,0.02968749962747097,f2005,45
train/clip_fraction,1536,0.02988281287252903,f2005,45
train/clip_fraction,2048,0.02480468712747097,f2005,45
train/clip_fraction,2560,0.03457031399011612,f2005,45
train/clip_fraction,3072,0.04277343675494194,f2005,45
train/clip_fraction,3584,0.06699218600988388,f2005,45
train/clip_fraction,4096,0.05781250074505806,f2005,45
train/clip_fraction,4608,0.05488281324505806,f2005,45
train/clip_fraction,5120,0.07968749850988388,f2005,45
train/clip_fraction,5632,0.080078125,f2005,45
train/clip_fraction,6144,0.0830078125,f2005,45
train/clip_fraction,6656,0.08164062350988388,f2005,45
train/clip_fraction,7168,0.0849609375,f2005,45
train/clip_fraction,7680,0.05996093899011612,f2005,45
train/clip_fraction,8192,0.04511718824505806,f2005,45
train/clip_fraction,8704,0.08339843899011612,f2005,45
train/clip_fraction,9216,0.06816406548023224,f2005,45
train/clip_fraction,9728,0.0537109375,f2005,45
train/clip_fraction,10240,0.087890625,f2005,45
train/clip_fraction,10752,0.08242187649011612,f2005,45
train/clip_fraction,11264,0.0419921875,f2005,45
train/clip_fraction,11776,0.05800781399011612,f2005,45
train/clip_fraction,12288,0.09648437798023224,f2005,45
train/clip_fraction,12800,0.10664062201976776,f2005,45
train/clip_fraction,13312,0.05839843675494194,f2005,45
train/clip_fraction,13824,0.06757812201976776,f2005,45
train/clip_fraction,14336,0.06171875074505806,f2005,45
train/clip_fraction,14848,0.08281250298023224,f2005,45
train/clip_fraction,15360,0.083984375,f2005,45
train/clip_fraction,15872,0.04960937425494194,f2005,45
train/clip_fraction,16384,0.06425781548023224,f2005,45
train/clip_fraction,16896,0.09726562350988388,f2005,45
train/clip_fraction,17408,0.04804687574505806,f2005,45
train/clip_fraction,17920,0.06660155951976776,f2005,45
train/clip_range,1024,0.20000000298023224,f2005,45
train/clip_range,1536,0.20000000298023224,f2005,45
train/clip_range,2048,0.20000000298023224,f2005,45
train/clip_range,2560,0.20000000298023224,f2005,45
train/clip_range,3072,0.20000000298023224,f2005,45
train/clip_range,3584,0.20000000298023224,f2005,45
train/clip_range,4096,0.20000000298023224,f2005,45
train/clip_range,4608,0.20000000298023224,f2005,45
train/clip_range,5120,0.20000000298023224,f2005,45
train/clip_range,5632,0.20000000298023224,f2005,45
train/clip_range,6144,0.20000000298023224,f2005,45
train/clip_range,6656,0.20000000298023224,f2005,45
train/clip_range,7168,0.20000000298023224,f2005,45
train/clip_range,7680,0.20000000298023224,f2005,45
train/clip_range,8192,0.20000000298023224,f2005,45
train/clip_range,8704,0.20000000298023224,f2005,45
train/clip_range,9216,0.20000000298023224,f2005,45
train/clip_range,9728,0.20000000298023224,f2005,45
train/clip_range,10240,0.20000000298023224,f2005,45
train/clip_range,10752,0.20000000298023224,f2005,45
train/clip_range,11264,0.20000000298023224,f2005,45
train/clip_range,11776,0.20000000298023224,f2005,45
train/clip_range,12288,0.20000000298023224,f2005,45
train/clip_range,12800,0.20000000298023224,f2005,45
train/clip_range,13312,0.20000000298023224,f2005,45
train/clip_range,13824,0.20000000298023224,f2005,45
train/clip_range,14336,0.20000000298023224,f2005,45
train/clip_range,14848,0.20000000298023224,f2005,45
train/clip_range,15360,0.20000000298023224,f2005,45
train/clip_range,15872,0.20000000298023224,f2005,45
train/clip_range,16384,0.20000000298023224,f2005,45
train/clip_range,16896,0.20000000298023224,f2005,45
train/clip_range,17408,0.20000000298023224,f2005,45
train/clip_range,17920,0.20000000298023224,f2005,45
train/entropy_loss,1024,-3.671751022338867,f2005,45
train/entropy_loss,1536,-3.6551694869995117,f2005,45
train/entropy_loss,2048,-3.6282076835632324,f2005,45
train/entropy_loss,2560,-3.6017487049102783,f2005,45
train/entropy_loss,3072,-3.572063446044922,f2005,45
train/entropy_loss,3584,-3.552271604537964,f2005,45
train/entropy_loss,4096,-3.537013530731201,f2005,45
train/entropy_loss,4608,-3.5182735919952393,f2005,45
train/entropy_loss,5120,-3.4883830547332764,f2005,45
train/entropy_loss,5632,-3.456380605697632,f2005,45
train/entropy_loss,6144,-3.4266135692596436,f2005,45
train/entropy_loss,6656,-3.405820846557617,f2005,45
train/entropy_loss,7168,-3.3776350021362305,f2005,45
train/entropy_loss,7680,-3.345438003540039,f2005,45
train/entropy_loss,8192,-3.3173482418060303,f2005,45
train/entropy_loss,8704,-3.2978498935699463,f2005,45
train/entropy_loss,9216,-3.2644145488739014,f2005,45
train/entropy_loss,9728,-3.2379941940307617,f2005,45
train/entropy_loss,10240,-3.214599847793579,f2005,45
train/entropy_loss,10752,-3.1990671157836914,f2005,45
train/entropy_loss,11264,-3.178560733795166,f2005,45
train/entropy_loss,11776,-3.142218589782715,f2005,45
train/entropy_loss,12288,-3.1118412017822266,f2005,45
train/entropy_loss,12800,-3.0817744731903076,f2005,45
train/entropy_loss,13312,-3.055274248123169,f2005,45
train/entropy_loss,13824,-3.030646562576294,f2005,45
train/entropy_loss,14336,-3.0040571689605713,f2005,45
train/entropy_loss,14848,-2.979947090148926,f2005,45
train/entropy_loss,15360,-2.9690816402435303,f2005,45
train/entropy_loss,15872,-2.962481737136841,f2005,45
train/entropy_loss,16384,-2.944923162460327,f2005,45
train/entropy_loss,16896,-2.9242639541625977,f2005,45
train/entropy_loss,17408,-2.9023678302764893,f2005,45
train/entropy_loss,17920,-2.8741536140441895,f2005,45
train/explained_variance,1024,-12.052559852600098,f2005,45
train/explained_variance,1536,-3.169084072113037,f2005,45
train/explained_variance,2048,-1.0045907497406006,f2005,45
train/explained_variance,2560,-0.7628606557846069,f2005,45
train/explained_variance,3072,-1.1467466354370117,f2005,45
train/explained_variance,3584,-1.6537199020385742,f2005,45
train/explained_variance,4096,-1.738264799118042,f2005,45
train/explained_variance,4608,-1.7527267932891846,f2005,45
train/explained_variance,5120,-1.0085091590881348,f2005,45
train/explained_variance,5632,-0.9730260372161865,f2005,45
train/explained_variance,6144,-0.7859200239181519,f2005,45
train/explained_variance,6656,-0.8485414981842041,f2005,45
train/explained_variance,7168,-0.7488466501235962,f2005,45
train/explained_variance,7680,-0.43825268745422363,f2005,45
train/explained_variance,8192,-0.8395172357559204,f2005,45
train/explained_variance,8704,-0.5840824842453003,f2005,45
train/explained_variance,9216,-0.655896782875061,f2005,45
train/explained_variance,9728,-0.4520183801651001,f2005,45
train/explained_variance,10240,-0.3492380380630493,f2005,45
train/explained_variance,10752,-0.44190454483032227,f2005,45
train/explained_variance,11264,-0.24505043029785156,f2005,45
train/explained_variance,11776,-0.31942808628082275,f2005,45
train/explained_variance,12288,-0.2899695634841919,f2005,45
train/explained_variance,12800,-0.29198896884918213,f2005,45
train/explained_variance,13312,-0.28155994415283203,f2005,45
train/explained_variance,13824,-0.27581560611724854,f2005,45
train/explained_variance,14336,-0.27479684352874756,f2005,45
train/explained_variance,14848,-0.057312726974487305,f2005,45
train/explained_variance,15360,-0.3129338026046753,f2005,45
train/explained_variance,15872,-0.19743752479553223,f2005,45
train/explained_variance,16384,-0.34311723709106445,f2005,45
train/explained_variance,16896,-0.20157968997955322,f2005,45
train/explained_variance,17408,-0.2643458843231201,f2005,45
train/explained_variance,17920,-0.09058201313018799,f2005,45
train/learning_rate,1024,0.0003000000142492354,f2005,45
train/learning_rate,1536,0.0003000000142492354,f2005,45
train/learning_rate,2048,0.0003000000142492354,f2005,45
train/learning_rate,2560,0.0003000000142492354,f2005,45
train/learning_rate,3072,0.0003000000142492354,f2005,45
train/learning_rate,3584,0.0003000000142492354,f2005,45
train/learning_rate,4096,0.0003000000142492354,f2005,45
train/learning_rate,4608,0.0003000000142492354,f2005,45
train/learning_rate,5120,0.0003000000142492354,f2005,45
train/learning_rate,5632,0.0003000000142492354,f2005,45
train/learning_rate,6144,0.0003000000142492354,f2005,45
train/learning_rate,6656,0.0003000000142492354,f2005,45
train/learning_rate,7168,0.0003000000142492354,f2005,45
train/learning_rate,7680,0.0003000000142492354,f2005,45
train/learning_rate,8192,0.0003000000142492354,f2005,45
train/learning_rate,8704,0.0003000000142492354,f2005,45
train/learning_rate,9216,0.0003000000142492354,f2005,45
train/learning_rate,9728,0.0003000000142492354,f2005,45
train/learning_rate,10240,0.0003000000142492354,f2005,45
train/learning_rate,10752,0.0003000000142492354,f2005,45
train/learning_rate,11264,0.0003000000142492354,f2005,45
train/learning_rate,11776,0.0003000000142492354,f2005,45
train/learning_rate,12288,0.0003000000142492354,f2005,45
train/learning_rate,12800,0.0003000000142492354,f2005,45
train/learning_rate,13312,0.0003000000142492354,f2005,45
train/learning_rate,13824,0.0003000000142492354,f2005,45
train/learning_rate,14336,0.0003000000142492354,f2005,45
train/learning_rate,14848,0.0003000000142492354,f2005,45
train/learning_rate,15360,0.0003000000142492354,f2005,45
train/learning_rate,15872,0.0003000000142492354,f2005,45
train/learning_rate,16384,0.0003000000142492354,f2005,45
train/learning_rate,16896,0.0003000000142492354,f2005,45
train/learning_rate,17408,0.0003000000142492354,f2005,45
train/learning_rate,17920,0.0003000000142492354,f2005,45
train/loss,1024,0.567772626876831,f2005,45
train/loss,1536,0.41259318590164185,f2005,45
train/loss,2048,0.2629265785217285,f2005,45
train/loss,2560,0.15305820107460022,f2005,45
train/loss,3072,0.07573733478784561,f2005,45
train/loss,3584,0.005521256476640701,f2005,45
train/loss,4096,0.010487155988812447,f2005,45
train/loss,4608,-0.025492798537015915,f2005,45
train/loss,5120,-0.03787143528461456,f2005,45
train/loss,5632,-0.023733407258987427,f2005,45
train/loss,6144,-0.012189764529466629,f2005,45
train/loss,6656,-0.014396993443369865,f2005,45
train/loss,7168,-0.023788943886756897,f2005,45
train/loss,7680,-0.01879488304257393,f2005,45
train/loss,8192,-0.026760578155517578,f2005,45
train/loss,8704,-0.012558357790112495,f2005,45
train/loss,9216,-0.027857383713126183,f2005,45
train/loss,9728,-0.026074625551700592,f2005,45
train/loss,10240,-0.03170675039291382,f2005,45
train/loss,10752,-0.021290816366672516,f2005,45
train/loss,11264,-0.0353069081902504,f2005,45
train/loss,11776,-0.010176857933402061,f2005,45
train/loss,12288,-0.029087509959936142,f2005,45
train/loss,12800,-0.021887684240937233,f2005,45
train/loss,13312,-0.016617216169834137,f2005,45
train/loss,13824,-0.019292037934064865,f2005,45
train/loss,14336,-0.012746639549732208,f2005,45
train/loss,14848,-0.03572246432304382,f2005,45
train/loss,15360,-0.01873229816555977,f2005,45
train/loss,15872,-0.024431992322206497,f2005,45
train/loss,16384,-0.02240566723048687,f2005,45
train/loss,16896,-0.028055867180228233,f2005,45
train/loss,17408,-0.028717167675495148,f2005,45
train/loss,17920,-0.025807902216911316,f2005,45
train/policy_gradient_loss,1024,-0.013067653402686119,f2005,45
train/policy_gradient_loss,1536,-0.015139163471758366,f2005,45
train/policy_gradient_loss,2048,-0.018139909952878952,f2005,45
train/policy_gradient_loss,2560,-0.02017933689057827,f2005,45
train/policy_gradient_loss,3072,-0.018635980784893036,f2005,45
train/policy_gradient_loss,3584,-0.020069291815161705,f2005,45
train/policy_gradient_loss,4096,-0.019307073205709457,f2005,45
train/policy_gradient_loss,4608,-0.01953928731381893,f2005,45
train/policy_gradient_loss,5120,-0.02130233310163021,f2005,45
train/policy_gradient_loss,5632,-0.019666872918605804,f2005,45
train/policy_gradient_loss,6144,-0.019802972674369812,f2005,45
train/policy_gradient_loss,6656,-0.02058887854218483,f2005,45
train/policy_gradient_loss,7168,-0.02225404791533947,f2005,45
train/policy_gradient_loss,7680,-0.0167655311524868,f2005,45
train/policy_gradient_loss,8192,-0.01604676991701126,f2005,45
train/policy_gradient_loss,8704,-0.01854945719242096,f2005,45
train/policy_gradient_loss,9216,-0.016521422192454338,f2005,45
train/policy_gradient_loss,9728,-0.021924175322055817,f2005,45
train/policy_gradient_loss,10240,-0.018434841185808182,f2005,45
train/policy_gradient_loss,10752,-0.021276237443089485,f2005,45
train/policy_gradient_loss,11264,-0.016417216509580612,f2005,45
train/policy_gradient_loss,11776,-0.016067080199718475,f2005,45
train/policy_gradient_loss,12288,-0.023625141009688377,f2005,45
train/policy_gradient_loss,12800,-0.01936980150640011,f2005,45
train/policy_gradient_loss,13312,-0.018422652035951614,f2005,45
train/policy_gradient_loss,13824,-0.017775679007172585,f2005,45
train/policy_gradient_loss,14336,-0.01842169649899006,f2005,45
train/policy_gradient_loss,14848,-0.020454036071896553,f2005,45
train/policy_gradient_loss,15360,-0.01931692659854889,f2005,45
train/policy_gradient_loss,15872,-0.013258645310997963,f2005,45
train/policy_gradient_loss,16384,-0.01886637508869171,f2005,45
train/policy_gradient_loss,16896,-0.022920889779925346,f2005,45
train/policy_gradient_loss,17408,-0.014698173850774765,f2005,45
train/policy_gradient_loss,17920,-0.019818969070911407,f2005,45
train/std,1024,0.6052625179290771,f2005,45
train/std,1536,0.6012855172157288,f2005,45
train/std,2048,0.597521185874939,f2005,45
train/std,2560,0.5933408737182617,f2005,45
train/std,3072,0.5890857577323914,f2005,45
train/std,3584,0.5874636173248291,f2005,45
train/std,4096,0.5848793983459473,f2005,45
train/std,4608,0.5815871953964233,f2005,45
train/std,5120,0.5771403908729553,f2005,45
train/std,5632,0.5720980167388916,f2005,45
train/std,6144,0.5694876909255981,f2005,45
train/std,6656,0.5659768581390381,f2005,45
train/std,7168,0.5620342493057251,f2005,45
train/std,7680,0.5567424893379211,f2005,45
train/std,8192,0.5553655028343201,f2005,45
train/std,8704,0.5505697131156921,f2005,45
train/std,9216,0.5470433235168457,f2005,45
train/std,9728,0.5435845851898193,f2005,45
train/std,10240,0.5409518480300903,f2005,45
train/std,10752,0.539691150188446,f2005,45
train/std,11264,0.5352201461791992,f2005,45
train/std,11776,0.530950665473938,f2005,45
train/std,12288,0.5270556807518005,f2005,45
train/std,12800,0.523581862449646,f2005,45
train/std,13312,0.5204440355300903,f2005,45
train/std,13824,0.5174364447593689,f2005,45
train/std,14336,0.5140448808670044,f2005,45
train/std,14848,0.5117731094360352,f2005,45
train/std,15360,0.5117180943489075,f2005,45
train/std,15872,0.5101996064186096,f2005,45
train/std,16384,0.5080004930496216,f2005,45
train/std,16896,0.5058055520057678,f2005,45
train/std,17408,0.5024459958076477,f2005,45
train/std,17920,0.4997192919254303,f2005,45
train/value_loss,1024,1.3604490756988525,f2005,45
train/value_loss,1536,1.0036537647247314,f2005,45
train/value_loss,2048,0.71938556432724,f2005,45
train/value_loss,2560,0.5091621279716492,f2005,45
train/value_loss,3072,0.299167662858963,f2005,45
train/value_loss,3584,0.1348177194595337,f2005,45
train/value_loss,4096,0.06205650046467781,f2005,45
train/value_loss,4608,0.035853493958711624,f2005,45
train/value_loss,5120,0.041211653500795364,f2005,45
train/value_loss,5632,0.033314649015665054,f2005,45
train/value_loss,6144,0.029973100870847702,f2005,45
train/value_loss,6656,0.03556682541966438,f2005,45
train/value_loss,7168,0.02812526375055313,f2005,45
train/value_loss,7680,0.025221846997737885,f2005,45
train/value_loss,8192,0.028175076469779015,f2005,45
train/value_loss,8704,0.02680438756942749,f2005,45
train/value_loss,9216,0.025433765724301338,f2005,45
train/value_loss,9728,0.025032201781868935,f2005,45
train/value_loss,10240,0.02064817026257515,f2005,45
train/value_loss,10752,0.02210221439599991,f2005,45
train/value_loss,11264,0.022017644718289375,f2005,45
train/value_loss,11776,0.01890524849295616,f2005,45
train/value_loss,12288,0.024161892011761665,f2005,45
train/value_loss,12800,0.019264189526438713,f2005,45
train/value_loss,13312,0.018457243219017982,f2005,45
train/value_loss,13824,0.01690785028040409,f2005,45
train/value_loss,14336,0.020234359428286552,f2005,45
train/value_loss,14848,0.017458660528063774,f2005,45
train/value_loss,15360,0.013691496104001999,f2005,45
train/value_loss,15872,0.018602916970849037,f2005,45
train/value_loss,16384,0.017760692164301872,f2005,45
train/value_loss,16896,0.01695864088833332,f2005,45
train/value_loss,17408,0.015239044092595577,f2005,45
train/value_loss,17920,0.016800235956907272,f2005,45
rollout/ep_len_mean,512,1.0,f2005,46
rollout/ep_len_mean,1024,1.0,f2005,46
rollout/ep_len_mean,1536,1.0,f2005,46
rollout/ep_len_mean,2048,1.0,f2005,46
rollout/ep_len_mean,2560,1.0,f2005,46
rollout/ep_len_mean,3072,1.0,f2005,46
rollout/ep_len_mean,3584,1.0,f2005,46
rollout/ep_len_mean,4096,1.0,f2005,46
rollout/ep_len_mean,4608,1.0,f2005,46
rollout/ep_len_mean,5120,1.0,f2005,46
rollout/ep_len_mean,5632,1.0,f2005,46
rollout/ep_len_mean,6144,1.0,f2005,46
rollout/ep_len_mean,6656,1.0,f2005,46
rollout/ep_len_mean,7168,1.0,f2005,46
rollout/ep_len_mean,7680,1.0,f2005,46
rollout/ep_len_mean,8192,1.0,f2005,46
rollout/ep_len_mean,8704,1.0,f2005,46
rollout/ep_len_mean,9216,1.0,f2005,46
rollout/ep_len_mean,9728,1.0,f2005,46
rollout/ep_len_mean,10240,1.0,f2005,46
rollout/ep_len_mean,10752,1.0,f2005,46
rollout/ep_len_mean,11264,1.0,f2005,46
rollout/ep_len_mean,11776,1.0,f2005,46
rollout/ep_len_mean,12288,1.0,f2005,46
rollout/ep_len_mean,12800,1.0,f2005,46
rollout/ep_len_mean,13312,1.0,f2005,46
rollout/ep_len_mean,13824,1.0,f2005,46
rollout/ep_len_mean,14336,1.0,f2005,46
rollout/ep_len_mean,14848,1.0,f2005,46
rollout/ep_len_mean,15360,1.0,f2005,46
rollout/ep_len_mean,15872,1.0,f2005,46
rollout/ep_len_mean,16384,1.0,f2005,46
rollout/ep_len_mean,16896,1.0,f2005,46
rollout/ep_len_mean,17408,1.0,f2005,46
rollout/ep_len_mean,17920,1.0,f2005,46
rollout/ep_len_mean,18432,1.0,f2005,46
rollout/ep_len_mean,18944,1.0,f2005,46
rollout/ep_len_mean,19456,1.0,f2005,46
rollout/ep_len_mean,19968,1.0,f2005,46
rollout/ep_len_mean,20480,1.0,f2005,46
rollout/ep_len_mean,20992,1.0,f2005,46
rollout/ep_len_mean,21504,1.0,f2005,46
rollout/ep_len_mean,22016,1.0,f2005,46
rollout/ep_len_mean,22528,1.0,f2005,46
rollout/ep_len_mean,23040,1.0,f2005,46
rollout/ep_len_mean,23552,1.0,f2005,46
rollout/ep_len_mean,24064,1.0,f2005,46
rollout/ep_len_mean,24576,1.0,f2005,46
rollout/ep_rew_mean,512,1.1099061965942383,f2005,46
rollout/ep_rew_mean,1024,1.1290019750595093,f2005,46
rollout/ep_rew_mean,1536,1.1086608171463013,f2005,46
rollout/ep_rew_mean,2048,1.1103942394256592,f2005,46
rollout/ep_rew_mean,2560,1.131470799446106,f2005,46
rollout/ep_rew_mean,3072,1.122745156288147,f2005,46
rollout/ep_rew_mean,3584,1.1083223819732666,f2005,46
rollout/ep_rew_mean,4096,1.1247552633285522,f2005,46
rollout/ep_rew_mean,4608,1.149451494216919,f2005,46
rollout/ep_rew_mean,5120,1.1435678005218506,f2005,46
rollout/ep_rew_mean,5632,1.1292798519134521,f2005,46
rollout/ep_rew_mean,6144,1.1345652341842651,f2005,46
rollout/ep_rew_mean,6656,1.1398441791534424,f2005,46
rollout/ep_rew_mean,7168,1.1494544744491577,f2005,46
rollout/ep_rew_mean,7680,1.1413631439208984,f2005,46
rollout/ep_rew_mean,8192,1.1357605457305908,f2005,46
rollout/ep_rew_mean,8704,1.1536815166473389,f2005,46
rollout/ep_rew_mean,9216,1.1467053890228271,f2005,46
rollout/ep_rew_mean,9728,1.1634372472763062,f2005,46
rollout/ep_rew_mean,10240,1.1537954807281494,f2005,46
rollout/ep_rew_mean,10752,1.1431798934936523,f2005,46
rollout/ep_rew_mean,11264,1.154910922050476,f2005,46
rollout/ep_rew_mean,11776,1.1692252159118652,f2005,46
rollout/ep_rew_mean,12288,1.170189619064331,f2005,46
rollout/ep_rew_mean,12800,1.1743210554122925,f2005,46
rollout/ep_rew_mean,13312,1.1535422801971436,f2005,46
rollout/ep_rew_mean,13824,1.1536824703216553,f2005,46
rollout/ep_rew_mean,14336,1.1763147115707397,f2005,46
rollout/ep_rew_mean,14848,1.1606782674789429,f2005,46
rollout/ep_rew_mean,15360,1.156848669052124,f2005,46
rollout/ep_rew_mean,15872,1.1596592664718628,f2005,46
rollout/ep_rew_mean,16384,1.1854493618011475,f2005,46
rollout/ep_rew_mean,16896,1.188607096672058,f2005,46
rollout/ep_rew_mean,17408,1.1465709209442139,f2005,46
rollout/ep_rew_mean,17920,1.1675893068313599,f2005,46
rollout/ep_rew_mean,18432,1.1950057744979858,f2005,46
rollout/ep_rew_mean,18944,1.1539435386657715,f2005,46
rollout/ep_rew_mean,19456,1.189205288887024,f2005,46
rollout/ep_rew_mean,19968,1.182437539100647,f2005,46
rollout/ep_rew_mean,20480,1.1766949892044067,f2005,46
rollout/ep_rew_mean,20992,1.178205966949463,f2005,46
rollout/ep_rew_mean,21504,1.1605865955352783,f2005,46
rollout/ep_rew_mean,22016,1.174635410308838,f2005,46
rollout/ep_rew_mean,22528,1.1993778944015503,f2005,46
rollout/ep_rew_mean,23040,1.1697911024093628,f2005,46
rollout/ep_rew_mean,23552,1.1655882596969604,f2005,46
rollout/ep_rew_mean,24064,1.1776570081710815,f2005,46
rollout/ep_rew_mean,24576,1.181874394416809,f2005,46
time/fps,512,5.0,f2005,46
time/fps,1024,5.0,f2005,46
time/fps,1536,5.0,f2005,46
time/fps,2048,4.0,f2005,46
time/fps,2560,4.0,f2005,46
time/fps,3072,4.0,f2005,46
time/fps,3584,4.0,f2005,46
time/fps,4096,4.0,f2005,46
time/fps,4608,4.0,f2005,46
time/fps,5120,4.0,f2005,46
time/fps,5632,4.0,f2005,46
time/fps,6144,4.0,f2005,46
time/fps,6656,4.0,f2005,46
time/fps,7168,4.0,f2005,46
time/fps,7680,4.0,f2005,46
time/fps,8192,4.0,f2005,46
time/fps,8704,5.0,f2005,46
time/fps,9216,5.0,f2005,46
time/fps,9728,5.0,f2005,46
time/fps,10240,5.0,f2005,46
time/fps,10752,5.0,f2005,46
time/fps,11264,5.0,f2005,46
time/fps,11776,5.0,f2005,46
time/fps,12288,5.0,f2005,46
time/fps,12800,5.0,f2005,46
time/fps,13312,5.0,f2005,46
time/fps,13824,5.0,f2005,46
time/fps,14336,5.0,f2005,46
time/fps,14848,5.0,f2005,46
time/fps,15360,5.0,f2005,46
time/fps,15872,5.0,f2005,46
time/fps,16384,5.0,f2005,46
time/fps,16896,5.0,f2005,46
time/fps,17408,5.0,f2005,46
time/fps,17920,5.0,f2005,46
time/fps,18432,5.0,f2005,46
time/fps,18944,5.0,f2005,46
time/fps,19456,5.0,f2005,46
time/fps,19968,5.0,f2005,46
time/fps,20480,5.0,f2005,46
time/fps,20992,5.0,f2005,46
time/fps,21504,5.0,f2005,46
time/fps,22016,5.0,f2005,46
time/fps,22528,5.0,f2005,46
time/fps,23040,5.0,f2005,46
time/fps,23552,5.0,f2005,46
time/fps,24064,5.0,f2005,46
time/fps,24576,5.0,f2005,46
train/approx_kl,1024,0.008553225547075272,f2005,46
train/approx_kl,1536,0.007008816581219435,f2005,46
train/approx_kl,2048,0.007456900551915169,f2005,46
train/approx_kl,2560,0.00984962098300457,f2005,46
train/approx_kl,3072,0.01124652475118637,f2005,46
train/approx_kl,3584,0.0056991265155375,f2005,46
train/approx_kl,4096,0.007920647040009499,f2005,46
train/approx_kl,4608,0.012700732797384262,f2005,46
train/approx_kl,5120,0.013092538341879845,f2005,46
train/approx_kl,5632,0.01569516211748123,f2005,46
train/approx_kl,6144,0.011117648333311081,f2005,46
train/approx_kl,6656,0.010320574045181274,f2005,46
train/approx_kl,7168,0.008962301537394524,f2005,46
train/approx_kl,7680,0.005341268144547939,f2005,46
train/approx_kl,8192,0.007912030443549156,f2005,46
train/approx_kl,8704,0.010815398767590523,f2005,46
train/approx_kl,9216,0.01163184642791748,f2005,46
train/approx_kl,9728,0.01119536254554987,f2005,46
train/approx_kl,10240,0.011453201994299889,f2005,46
train/approx_kl,10752,0.007682261057198048,f2005,46
train/approx_kl,11264,0.008841116912662983,f2005,46
train/approx_kl,11776,0.007032555527985096,f2005,46
train/approx_kl,12288,0.010877754539251328,f2005,46
train/approx_kl,12800,0.014144301414489746,f2005,46
train/approx_kl,13312,0.009564131498336792,f2005,46
train/approx_kl,13824,0.01027674600481987,f2005,46
train/approx_kl,14336,0.006482706405222416,f2005,46
train/approx_kl,14848,0.009401504881680012,f2005,46
train/approx_kl,15360,0.010151868686079979,f2005,46
train/approx_kl,15872,0.00822499394416809,f2005,46
train/approx_kl,16384,0.010792464949190617,f2005,46
train/approx_kl,16896,0.010820964351296425,f2005,46
train/approx_kl,17408,0.008566414937376976,f2005,46
train/approx_kl,17920,0.014823813922703266,f2005,46
train/approx_kl,18432,0.010172027163207531,f2005,46
train/approx_kl,18944,0.014621665701270103,f2005,46
train/approx_kl,19456,0.01359548605978489,f2005,46
train/approx_kl,19968,0.01389233022928238,f2005,46
train/approx_kl,20480,0.008930813521146774,f2005,46
train/approx_kl,20992,0.0129614919424057,f2005,46
train/approx_kl,21504,0.011302735656499863,f2005,46
train/approx_kl,22016,0.014333507046103477,f2005,46
train/approx_kl,22528,0.010663149878382683,f2005,46
train/approx_kl,23040,0.010178741067647934,f2005,46
train/approx_kl,23552,0.01150481216609478,f2005,46
train/approx_kl,24064,0.009549806825816631,f2005,46
train/approx_kl,24576,0.008258520625531673,f2005,46
train/clip_fraction,1024,0.03632812574505806,f2005,46
train/clip_fraction,1536,0.02167968824505806,f2005,46
train/clip_fraction,2048,0.02773437462747097,f2005,46
train/clip_fraction,2560,0.04531250149011612,f2005,46
train/clip_fraction,3072,0.05898437649011612,f2005,46
train/clip_fraction,3584,0.0126953125,f2005,46
train/clip_fraction,4096,0.03632812574505806,f2005,46
train/clip_fraction,4608,0.06855468451976776,f2005,46
train/clip_fraction,5120,0.07363281399011612,f2005,46
train/clip_fraction,5632,0.1044921875,f2005,46
train/clip_fraction,6144,0.08554687350988388,f2005,46
train/clip_fraction,6656,0.05742187425494194,f2005,46
train/clip_fraction,7168,0.0361328125,f2005,46
train/clip_fraction,7680,0.013867187313735485,f2005,46
train/clip_fraction,8192,0.03847656399011612,f2005,46
train/clip_fraction,8704,0.05859375,f2005,46
train/clip_fraction,9216,0.05800781399011612,f2005,46
train/clip_fraction,9728,0.06308593600988388,f2005,46
train/clip_fraction,10240,0.05917968600988388,f2005,46
train/clip_fraction,10752,0.03378906100988388,f2005,46
train/clip_fraction,11264,0.0478515625,f2005,46
train/clip_fraction,11776,0.03105468675494194,f2005,46
train/clip_fraction,12288,0.05878906324505806,f2005,46
train/clip_fraction,12800,0.08964844048023224,f2005,46
train/clip_fraction,13312,0.07109375298023224,f2005,46
train/clip_fraction,13824,0.06777343899011612,f2005,46
train/clip_fraction,14336,0.03007812425494194,f2005,46
train/clip_fraction,14848,0.06289062649011612,f2005,46
train/clip_fraction,15360,0.08183594048023224,f2005,46
train/clip_fraction,15872,0.04355468600988388,f2005,46
train/clip_fraction,16384,0.080078125,f2005,46
train/clip_fraction,16896,0.08945312350988388,f2005,46
train/clip_fraction,17408,0.05019531399011612,f2005,46
train/clip_fraction,17920,0.10000000149011612,f2005,46
train/clip_fraction,18432,0.07402344048023224,f2005,46
train/clip_fraction,18944,0.10195312649011612,f2005,46
train/clip_fraction,19456,0.08535156399011612,f2005,46
train/clip_fraction,19968,0.11445312201976776,f2005,46
train/clip_fraction,20480,0.06757812201976776,f2005,46
train/clip_fraction,20992,0.10878906399011612,f2005,46
train/clip_fraction,21504,0.07441405951976776,f2005,46
train/clip_fraction,22016,0.10234375298023224,f2005,46
train/clip_fraction,22528,0.10566405951976776,f2005,46
train/clip_fraction,23040,0.05683593824505806,f2005,46
train/clip_fraction,23552,0.1005859375,f2005,46
train/clip_fraction,24064,0.07656250149011612,f2005,46
train/clip_fraction,24576,0.06035156175494194,f2005,46
train/clip_range,1024,0.20000000298023224,f2005,46
train/clip_range,1536,0.20000000298023224,f2005,46
train/clip_range,2048,0.20000000298023224,f2005,46
train/clip_range,2560,0.20000000298023224,f2005,46
train/clip_range,3072,0.20000000298023224,f2005,46
train/clip_range,3584,0.20000000298023224,f2005,46
train/clip_range,4096,0.20000000298023224,f2005,46
train/clip_range,4608,0.20000000298023224,f2005,46
train/clip_range,5120,0.20000000298023224,f2005,46
train/clip_range,5632,0.20000000298023224,f2005,46
train/clip_range,6144,0.20000000298023224,f2005,46
train/clip_range,6656,0.20000000298023224,f2005,46
train/clip_range,7168,0.20000000298023224,f2005,46
train/clip_range,7680,0.20000000298023224,f2005,46
train/clip_range,8192,0.20000000298023224,f2005,46
train/clip_range,8704,0.20000000298023224,f2005,46
train/clip_range,9216,0.20000000298023224,f2005,46
train/clip_range,9728,0.20000000298023224,f2005,46
train/clip_range,10240,0.20000000298023224,f2005,46
train/clip_range,10752,0.20000000298023224,f2005,46
train/clip_range,11264,0.20000000298023224,f2005,46
train/clip_range,11776,0.20000000298023224,f2005,46
train/clip_range,12288,0.20000000298023224,f2005,46
train/clip_range,12800,0.20000000298023224,f2005,46
train/clip_range,13312,0.20000000298023224,f2005,46
train/clip_range,13824,0.20000000298023224,f2005,46
train/clip_range,14336,0.20000000298023224,f2005,46
train/clip_range,14848,0.20000000298023224,f2005,46
train/clip_range,15360,0.20000000298023224,f2005,46
train/clip_range,15872,0.20000000298023224,f2005,46
train/clip_range,16384,0.20000000298023224,f2005,46
train/clip_range,16896,0.20000000298023224,f2005,46
train/clip_range,17408,0.20000000298023224,f2005,46
train/clip_range,17920,0.20000000298023224,f2005,46
train/clip_range,18432,0.20000000298023224,f2005,46
train/clip_range,18944,0.20000000298023224,f2005,46
train/clip_range,19456,0.20000000298023224,f2005,46
train/clip_range,19968,0.20000000298023224,f2005,46
train/clip_range,20480,0.20000000298023224,f2005,46
train/clip_range,20992,0.20000000298023224,f2005,46
train/clip_range,21504,0.20000000298023224,f2005,46
train/clip_range,22016,0.20000000298023224,f2005,46
train/clip_range,22528,0.20000000298023224,f2005,46
train/clip_range,23040,0.20000000298023224,f2005,46
train/clip_range,23552,0.20000000298023224,f2005,46
train/clip_range,24064,0.20000000298023224,f2005,46
train/clip_range,24576,0.20000000298023224,f2005,46
train/entropy_loss,1024,-3.674201488494873,f2005,46
train/entropy_loss,1536,-3.6659913063049316,f2005,46
train/entropy_loss,2048,-3.648505449295044,f2005,46
train/entropy_loss,2560,-3.6281936168670654,f2005,46
train/entropy_loss,3072,-3.6057229042053223,f2005,46
train/entropy_loss,3584,-3.5743050575256348,f2005,46
train/entropy_loss,4096,-3.543475389480591,f2005,46
train/entropy_loss,4608,-3.51959228515625,f2005,46
train/entropy_loss,5120,-3.491147518157959,f2005,46
train/entropy_loss,5632,-3.461517810821533,f2005,46
train/entropy_loss,6144,-3.4284768104553223,f2005,46
train/entropy_loss,6656,-3.3948113918304443,f2005,46
train/entropy_loss,7168,-3.356381893157959,f2005,46
train/entropy_loss,7680,-3.3290505409240723,f2005,46
train/entropy_loss,8192,-3.2994494438171387,f2005,46
train/entropy_loss,8704,-3.2751379013061523,f2005,46
train/entropy_loss,9216,-3.2613444328308105,f2005,46
train/entropy_loss,9728,-3.2358522415161133,f2005,46
train/entropy_loss,10240,-3.2102162837982178,f2005,46
train/entropy_loss,10752,-3.180647373199463,f2005,46
train/entropy_loss,11264,-3.149566650390625,f2005,46
train/entropy_loss,11776,-3.1227707862854004,f2005,46
train/entropy_loss,12288,-3.0877630710601807,f2005,46
train/entropy_loss,12800,-3.0602707862854004,f2005,46
train/entropy_loss,13312,-3.041105270385742,f2005,46
train/entropy_loss,13824,-3.0140457153320312,f2005,46
train/entropy_loss,14336,-2.986600160598755,f2005,46
train/entropy_loss,14848,-2.954385280609131,f2005,46
train/entropy_loss,15360,-2.925955057144165,f2005,46
train/entropy_loss,15872,-2.9048874378204346,f2005,46
train/entropy_loss,16384,-2.8804969787597656,f2005,46
train/entropy_loss,16896,-2.857487440109253,f2005,46
train/entropy_loss,17408,-2.8413846492767334,f2005,46
train/entropy_loss,17920,-2.8178915977478027,f2005,46
train/entropy_loss,18432,-2.792487144470215,f2005,46
train/entropy_loss,18944,-2.7702245712280273,f2005,46
train/entropy_loss,19456,-2.750959634780884,f2005,46
train/entropy_loss,19968,-2.7322816848754883,f2005,46
train/entropy_loss,20480,-2.709437608718872,f2005,46
train/entropy_loss,20992,-2.686650037765503,f2005,46
train/entropy_loss,21504,-2.671905040740967,f2005,46
train/entropy_loss,22016,-2.657076358795166,f2005,46
train/entropy_loss,22528,-2.631399154663086,f2005,46
train/entropy_loss,23040,-2.60463809967041,f2005,46
train/entropy_loss,23552,-2.585554599761963,f2005,46
train/entropy_loss,24064,-2.560645580291748,f2005,46
train/entropy_loss,24576,-2.5279417037963867,f2005,46
train/explained_variance,1024,-18.521398544311523,f2005,46
train/explained_variance,1536,-7.2656145095825195,f2005,46
train/explained_variance,2048,-2.2125608921051025,f2005,46
train/explained_variance,2560,-1.7155680656433105,f2005,46
train/explained_variance,3072,-1.5716159343719482,f2005,46
train/explained_variance,3584,-2.2936291694641113,f2005,46
train/explained_variance,4096,-2.206813335418701,f2005,46
train/explained_variance,4608,-1.6942989826202393,f2005,46
train/explained_variance,5120,-1.568695306777954,f2005,46
train/explained_variance,5632,-1.1556675434112549,f2005,46
train/explained_variance,6144,-1.3692660331726074,f2005,46
train/explained_variance,6656,-0.9027020931243896,f2005,46
train/explained_variance,7168,-0.7071781158447266,f2005,46
train/explained_variance,7680,-0.6788225173950195,f2005,46
train/explained_variance,8192,-0.6742360591888428,f2005,46
train/explained_variance,8704,-0.6493175029754639,f2005,46
train/explained_variance,9216,-0.5519697666168213,f2005,46
train/explained_variance,9728,-0.3719327449798584,f2005,46
train/explained_variance,10240,-0.39073050022125244,f2005,46
train/explained_variance,10752,-0.5089902877807617,f2005,46
train/explained_variance,11264,-0.22036278247833252,f2005,46
train/explained_variance,11776,-0.4992917776107788,f2005,46
train/explained_variance,12288,-0.37980711460113525,f2005,46
train/explained_variance,12800,-0.5771692991256714,f2005,46
train/explained_variance,13312,-0.6201146841049194,f2005,46
train/explained_variance,13824,-0.2037438154220581,f2005,46
train/explained_variance,14336,-0.35079193115234375,f2005,46
train/explained_variance,14848,-0.1480180025100708,f2005,46
train/explained_variance,15360,-0.7586323022842407,f2005,46
train/explained_variance,15872,-0.3345578908920288,f2005,46
train/explained_variance,16384,-0.3858771324157715,f2005,46
train/explained_variance,16896,-0.4190329313278198,f2005,46
train/explained_variance,17408,-0.2798274755477905,f2005,46
train/explained_variance,17920,-0.177445650100708,f2005,46
train/explained_variance,18432,-0.20854663848876953,f2005,46
train/explained_variance,18944,-0.4048895835876465,f2005,46
train/explained_variance,19456,-0.12304794788360596,f2005,46
train/explained_variance,19968,-0.22215557098388672,f2005,46
train/explained_variance,20480,-0.19798243045806885,f2005,46
train/explained_variance,20992,-0.10555839538574219,f2005,46
train/explained_variance,21504,-0.2543621063232422,f2005,46
train/explained_variance,22016,-0.0172884464263916,f2005,46
train/explained_variance,22528,-0.08105611801147461,f2005,46
train/explained_variance,23040,-0.011922359466552734,f2005,46
train/explained_variance,23552,-0.18512451648712158,f2005,46
train/explained_variance,24064,0.02751779556274414,f2005,46
train/explained_variance,24576,-0.09322965145111084,f2005,46
train/learning_rate,1024,0.0003000000142492354,f2005,46
train/learning_rate,1536,0.0003000000142492354,f2005,46
train/learning_rate,2048,0.0003000000142492354,f2005,46
train/learning_rate,2560,0.0003000000142492354,f2005,46
train/learning_rate,3072,0.0003000000142492354,f2005,46
train/learning_rate,3584,0.0003000000142492354,f2005,46
train/learning_rate,4096,0.0003000000142492354,f2005,46
train/learning_rate,4608,0.0003000000142492354,f2005,46
train/learning_rate,5120,0.0003000000142492354,f2005,46
train/learning_rate,5632,0.0003000000142492354,f2005,46
train/learning_rate,6144,0.0003000000142492354,f2005,46
train/learning_rate,6656,0.0003000000142492354,f2005,46
train/learning_rate,7168,0.0003000000142492354,f2005,46
train/learning_rate,7680,0.0003000000142492354,f2005,46
train/learning_rate,8192,0.0003000000142492354,f2005,46
train/learning_rate,8704,0.0003000000142492354,f2005,46
train/learning_rate,9216,0.0003000000142492354,f2005,46
train/learning_rate,9728,0.0003000000142492354,f2005,46
train/learning_rate,10240,0.0003000000142492354,f2005,46
train/learning_rate,10752,0.0003000000142492354,f2005,46
train/learning_rate,11264,0.0003000000142492354,f2005,46
train/learning_rate,11776,0.0003000000142492354,f2005,46
train/learning_rate,12288,0.0003000000142492354,f2005,46
train/learning_rate,12800,0.0003000000142492354,f2005,46
train/learning_rate,13312,0.0003000000142492354,f2005,46
train/learning_rate,13824,0.0003000000142492354,f2005,46
train/learning_rate,14336,0.0003000000142492354,f2005,46
train/learning_rate,14848,0.0003000000142492354,f2005,46
train/learning_rate,15360,0.0003000000142492354,f2005,46
train/learning_rate,15872,0.0003000000142492354,f2005,46
train/learning_rate,16384,0.0003000000142492354,f2005,46
train/learning_rate,16896,0.0003000000142492354,f2005,46
train/learning_rate,17408,0.0003000000142492354,f2005,46
train/learning_rate,17920,0.0003000000142492354,f2005,46
train/learning_rate,18432,0.0003000000142492354,f2005,46
train/learning_rate,18944,0.0003000000142492354,f2005,46
train/learning_rate,19456,0.0003000000142492354,f2005,46
train/learning_rate,19968,0.0003000000142492354,f2005,46
train/learning_rate,20480,0.0003000000142492354,f2005,46
train/learning_rate,20992,0.0003000000142492354,f2005,46
train/learning_rate,21504,0.0003000000142492354,f2005,46
train/learning_rate,22016,0.0003000000142492354,f2005,46
train/learning_rate,22528,0.0003000000142492354,f2005,46
train/learning_rate,23040,0.0003000000142492354,f2005,46
train/learning_rate,23552,0.0003000000142492354,f2005,46
train/learning_rate,24064,0.0003000000142492354,f2005,46
train/learning_rate,24576,0.0003000000142492354,f2005,46
train/loss,1024,0.5084469318389893,f2005,46
train/loss,1536,0.4156828224658966,f2005,46
train/loss,2048,0.2809010446071625,f2005,46
train/loss,2560,0.1894807517528534,f2005,46
train/loss,3072,0.10723903775215149,f2005,46
train/loss,3584,0.029976896941661835,f2005,46
train/loss,4096,-0.0010346844792366028,f2005,46
train/loss,4608,-0.008298899978399277,f2005,46
train/loss,5120,-0.010788891464471817,f2005,46
train/loss,5632,-0.01872771605849266,f2005,46
train/loss,6144,-0.02060564048588276,f2005,46
train/loss,6656,-0.03573086857795715,f2005,46
train/loss,7168,-0.012355889193713665,f2005,46
train/loss,7680,-0.006541547365486622,f2005,46
train/loss,8192,-0.019758908078074455,f2005,46
train/loss,8704,-0.010851206257939339,f2005,46
train/loss,9216,-0.009264074265956879,f2005,46
train/loss,9728,-0.028578564524650574,f2005,46
train/loss,10240,-0.015105372294783592,f2005,46
train/loss,10752,-0.021943073719739914,f2005,46
train/loss,11264,-0.02638402208685875,f2005,46
train/loss,11776,-0.029958849772810936,f2005,46
train/loss,12288,-0.041795190423727036,f2005,46
train/loss,12800,-0.04817184805870056,f2005,46
train/loss,13312,-0.020073991268873215,f2005,46
train/loss,13824,-0.013427140191197395,f2005,46
train/loss,14336,-0.007194140926003456,f2005,46
train/loss,14848,-0.013959509320557117,f2005,46
train/loss,15360,-0.014408376067876816,f2005,46
train/loss,15872,-0.008439544588327408,f2005,46
train/loss,16384,-0.023910842835903168,f2005,46
train/loss,16896,-0.018734201788902283,f2005,46
train/loss,17408,-0.008394861593842506,f2005,46
train/loss,17920,-0.027607157826423645,f2005,46
train/loss,18432,-0.01668640412390232,f2005,46
train/loss,18944,-0.04381318390369415,f2005,46
train/loss,19456,-0.026574864983558655,f2005,46
train/loss,19968,-0.0288101639598608,f2005,46
train/loss,20480,-0.013449626043438911,f2005,46
train/loss,20992,-0.029595961794257164,f2005,46
train/loss,21504,-0.02028723992407322,f2005,46
train/loss,22016,-0.03728321194648743,f2005,46
train/loss,22528,-0.017714470624923706,f2005,46
train/loss,23040,-0.026292836293578148,f2005,46
train/loss,23552,-0.005915040150284767,f2005,46
train/loss,24064,-0.03061063028872013,f2005,46
train/loss,24576,-0.022002127021551132,f2005,46
train/policy_gradient_loss,1024,-0.01844007335603237,f2005,46
train/policy_gradient_loss,1536,-0.014074327424168587,f2005,46
train/policy_gradient_loss,2048,-0.015301338396966457,f2005,46
train/policy_gradient_loss,2560,-0.0177445150911808,f2005,46
train/policy_gradient_loss,3072,-0.025112463161349297,f2005,46
train/policy_gradient_loss,3584,-0.013993560336530209,f2005,46
train/policy_gradient_loss,4096,-0.01900891773402691,f2005,46
train/policy_gradient_loss,4608,-0.025261593982577324,f2005,46
train/policy_gradient_loss,5120,-0.019319716840982437,f2005,46
train/policy_gradient_loss,5632,-0.02477824129164219,f2005,46
train/policy_gradient_loss,6144,-0.019682852551341057,f2005,46
train/policy_gradient_loss,6656,-0.018845899030566216,f2005,46
train/policy_gradient_loss,7168,-0.015449405647814274,f2005,46
train/policy_gradient_loss,7680,-0.011794419959187508,f2005,46
train/policy_gradient_loss,8192,-0.015712939202785492,f2005,46
train/policy_gradient_loss,8704,-0.014470836147665977,f2005,46
train/policy_gradient_loss,9216,-0.017198428511619568,f2005,46
train/policy_gradient_loss,9728,-0.020458878949284554,f2005,46
train/policy_gradient_loss,10240,-0.01721738651394844,f2005,46
train/policy_gradient_loss,10752,-0.015477859415113926,f2005,46
train/policy_gradient_loss,11264,-0.01768515259027481,f2005,46
train/policy_gradient_loss,11776,-0.01489220466464758,f2005,46
train/policy_gradient_loss,12288,-0.017805086448788643,f2005,46
train/policy_gradient_loss,12800,-0.01964956894516945,f2005,46
train/policy_gradient_loss,13312,-0.017065539956092834,f2005,46
train/policy_gradient_loss,13824,-0.017118752002716064,f2005,46
train/policy_gradient_loss,14336,-0.01197094190865755,f2005,46
train/policy_gradient_loss,14848,-0.016222216188907623,f2005,46
train/policy_gradient_loss,15360,-0.017221176996827126,f2005,46
train/policy_gradient_loss,15872,-0.016193918883800507,f2005,46
train/policy_gradient_loss,16384,-0.020092276856303215,f2005,46
train/policy_gradient_loss,16896,-0.01917310059070587,f2005,46
train/policy_gradient_loss,17408,-0.014862420037388802,f2005,46
train/policy_gradient_loss,17920,-0.022274333983659744,f2005,46
train/policy_gradient_loss,18432,-0.018188325688242912,f2005,46
train/policy_gradient_loss,18944,-0.023665903136134148,f2005,46
train/policy_gradient_loss,19456,-0.022502880543470383,f2005,46
train/policy_gradient_loss,19968,-0.02222801372408867,f2005,46
train/policy_gradient_loss,20480,-0.019729390740394592,f2005,46
train/policy_gradient_loss,20992,-0.021653467789292336,f2005,46
train/policy_gradient_loss,21504,-0.016203438863158226,f2005,46
train/policy_gradient_loss,22016,-0.02463480830192566,f2005,46
train/policy_gradient_loss,22528,-0.019086897373199463,f2005,46
train/policy_gradient_loss,23040,-0.015592901036143303,f2005,46
train/policy_gradient_loss,23552,-0.020603176206350327,f2005,46
train/policy_gradient_loss,24064,-0.021442227065563202,f2005,46
train/policy_gradient_loss,24576,-0.019599927589297295,f2005,46
train/std,1024,0.6060093641281128,f2005,46
train/std,1536,0.6039339303970337,f2005,46
train/std,2048,0.600877583026886,f2005,46
train/std,2560,0.5978550314903259,f2005,46
train/std,3072,0.5941468477249146,f2005,46
train/std,3584,0.588831901550293,f2005,46
train/std,4096,0.5858771204948425,f2005,46
train/std,4608,0.5817634463310242,f2005,46
train/std,5120,0.5779205560684204,f2005,46
train/std,5632,0.5732671022415161,f2005,46
train/std,6144,0.56907057762146,f2005,46
train/std,6656,0.5632594227790833,f2005,46
train/std,7168,0.5589460134506226,f2005,46
train/std,7680,0.555809497833252,f2005,46
train/std,8192,0.5509513020515442,f2005,46
train/std,8704,0.5500466823577881,f2005,46
train/std,9216,0.5466746687889099,f2005,46
train/std,9728,0.543827474117279,f2005,46
train/std,10240,0.540067732334137,f2005,46
train/std,10752,0.535855233669281,f2005,46
train/std,11264,0.5328786373138428,f2005,46
train/std,11776,0.5288168787956238,f2005,46
train/std,12288,0.5240854024887085,f2005,46
train/std,12800,0.5220997929573059,f2005,46
train/std,13312,0.5191594362258911,f2005,46
train/std,13824,0.5158461928367615,f2005,46
train/std,14336,0.511898398399353,f2005,46
train/std,14848,0.5078115463256836,f2005,46
train/std,15360,0.5053336024284363,f2005,46
train/std,15872,0.5029082298278809,f2005,46
train/std,16384,0.49948784708976746,f2005,46
train/std,16896,0.4979439973831177,f2005,46
train/std,17408,0.4954988360404968,f2005,46
train/std,17920,0.49250078201293945,f2005,46
train/std,18432,0.4896373748779297,f2005,46
train/std,18944,0.4874330759048462,f2005,46
train/std,19456,0.4854659140110016,f2005,46
train/std,19968,0.4830443859100342,f2005,46
train/std,20480,0.480501651763916,f2005,46
train/std,20992,0.478531152009964,f2005,46
train/std,21504,0.47746336460113525,f2005,46
train/std,22016,0.4752691388130188,f2005,46
train/std,22528,0.4717382788658142,f2005,46
train/std,23040,0.4695500135421753,f2005,46
train/std,23552,0.4672647714614868,f2005,46
train/std,24064,0.46395260095596313,f2005,46
train/std,24576,0.46065106987953186,f2005,46
train/value_loss,1024,1.3128576278686523,f2005,46
train/value_loss,1536,1.0138365030288696,f2005,46
train/value_loss,2048,0.7411596775054932,f2005,46
train/value_loss,2560,0.5561114549636841,f2005,46
train/value_loss,3072,0.372363418340683,f2005,46
train/value_loss,3584,0.1913270205259323,f2005,46
train/value_loss,4096,0.09186971932649612,f2005,46
train/value_loss,4608,0.045337457209825516,f2005,46
train/value_loss,5120,0.04046740010380745,f2005,46
train/value_loss,5632,0.03773569315671921,f2005,46
train/value_loss,6144,0.03307702764868736,f2005,46
train/value_loss,6656,0.03495406359434128,f2005,46
train/value_loss,7168,0.026218116283416748,f2005,46
train/value_loss,7680,0.027983462437987328,f2005,46
train/value_loss,8192,0.02916712872684002,f2005,46
train/value_loss,8704,0.02510097436606884,f2005,46
train/value_loss,9216,0.024436984211206436,f2005,46
train/value_loss,9728,0.023308364674448967,f2005,46
train/value_loss,10240,0.021742762997746468,f2005,46
train/value_loss,10752,0.025270376354455948,f2005,46
train/value_loss,11264,0.02157621458172798,f2005,46
train/value_loss,11776,0.019074631854891777,f2005,46
train/value_loss,12288,0.020650945603847504,f2005,46
train/value_loss,12800,0.020830631256103516,f2005,46
train/value_loss,13312,0.022128894925117493,f2005,46
train/value_loss,13824,0.019970620051026344,f2005,46
train/value_loss,14336,0.019337382167577744,f2005,46
train/value_loss,14848,0.016095124185085297,f2005,46
train/value_loss,15360,0.017319519072771072,f2005,46
train/value_loss,15872,0.018515348434448242,f2005,46
train/value_loss,16384,0.01587825082242489,f2005,46
train/value_loss,16896,0.019790878519415855,f2005,46
train/value_loss,17408,0.018627893179655075,f2005,46
train/value_loss,17920,0.014977134764194489,f2005,46
train/value_loss,18432,0.01579919457435608,f2005,46
train/value_loss,18944,0.013831499963998795,f2005,46
train/value_loss,19456,0.015819231048226357,f2005,46
train/value_loss,19968,0.014913804829120636,f2005,46
train/value_loss,20480,0.01565007120370865,f2005,46
train/value_loss,20992,0.014360594563186169,f2005,46
train/value_loss,21504,0.014266208745539188,f2005,46
train/value_loss,22016,0.014738505706191063,f2005,46
train/value_loss,22528,0.012697603553533554,f2005,46
train/value_loss,23040,0.013926474377512932,f2005,46
train/value_loss,23552,0.013364726677536964,f2005,46
train/value_loss,24064,0.013831950724124908,f2005,46
train/value_loss,24576,0.012294670566916466,f2005,46
rollout/ep_len_mean,512,1.0,f2009,42
rollout/ep_len_mean,1024,1.0,f2009,42
rollout/ep_len_mean,1536,1.0,f2009,42
rollout/ep_len_mean,2048,1.0,f2009,42
rollout/ep_len_mean,2560,1.0,f2009,42
rollout/ep_len_mean,3072,1.0,f2009,42
rollout/ep_len_mean,3584,1.0,f2009,42
rollout/ep_len_mean,4096,1.0,f2009,42
rollout/ep_len_mean,4608,1.0,f2009,42
rollout/ep_len_mean,5120,1.0,f2009,42
rollout/ep_len_mean,5632,1.0,f2009,42
rollout/ep_len_mean,6144,1.0,f2009,42
rollout/ep_len_mean,6656,1.0,f2009,42
rollout/ep_len_mean,7168,1.0,f2009,42
rollout/ep_len_mean,7680,1.0,f2009,42
rollout/ep_len_mean,8192,1.0,f2009,42
rollout/ep_len_mean,8704,1.0,f2009,42
rollout/ep_len_mean,9216,1.0,f2009,42
rollout/ep_len_mean,9728,1.0,f2009,42
rollout/ep_len_mean,10240,1.0,f2009,42
rollout/ep_len_mean,10752,1.0,f2009,42
rollout/ep_len_mean,11264,1.0,f2009,42
rollout/ep_len_mean,11776,1.0,f2009,42
rollout/ep_len_mean,12288,1.0,f2009,42
rollout/ep_len_mean,12800,1.0,f2009,42
rollout/ep_len_mean,13312,1.0,f2009,42
rollout/ep_len_mean,13824,1.0,f2009,42
rollout/ep_len_mean,14336,1.0,f2009,42
rollout/ep_len_mean,14848,1.0,f2009,42
rollout/ep_len_mean,15360,1.0,f2009,42
rollout/ep_len_mean,15872,1.0,f2009,42
rollout/ep_rew_mean,512,1.1219738721847534,f2009,42
rollout/ep_rew_mean,1024,1.1113096475601196,f2009,42
rollout/ep_rew_mean,1536,1.1459169387817383,f2009,42
rollout/ep_rew_mean,2048,1.1330877542495728,f2009,42
rollout/ep_rew_mean,2560,1.1456677913665771,f2009,42
rollout/ep_rew_mean,3072,1.1652030944824219,f2009,42
rollout/ep_rew_mean,3584,1.1421236991882324,f2009,42
rollout/ep_rew_mean,4096,1.1477807760238647,f2009,42
rollout/ep_rew_mean,4608,1.181581735610962,f2009,42
rollout/ep_rew_mean,5120,1.1575591564178467,f2009,42
rollout/ep_rew_mean,5632,1.173893928527832,f2009,42
rollout/ep_rew_mean,6144,1.1648387908935547,f2009,42
rollout/ep_rew_mean,6656,1.1739083528518677,f2009,42
rollout/ep_rew_mean,7168,1.1556496620178223,f2009,42
rollout/ep_rew_mean,7680,1.1787729263305664,f2009,42
rollout/ep_rew_mean,8192,1.1764377355575562,f2009,42
rollout/ep_rew_mean,8704,1.2151786088943481,f2009,42
rollout/ep_rew_mean,9216,1.195559024810791,f2009,42
rollout/ep_rew_mean,9728,1.162567138671875,f2009,42
rollout/ep_rew_mean,10240,1.189712643623352,f2009,42
rollout/ep_rew_mean,10752,1.1794488430023193,f2009,42
rollout/ep_rew_mean,11264,1.1733777523040771,f2009,42
rollout/ep_rew_mean,11776,1.1898472309112549,f2009,42
rollout/ep_rew_mean,12288,1.2189481258392334,f2009,42
rollout/ep_rew_mean,12800,1.195746898651123,f2009,42
rollout/ep_rew_mean,13312,1.2105292081832886,f2009,42
rollout/ep_rew_mean,13824,1.1951422691345215,f2009,42
rollout/ep_rew_mean,14336,1.1764154434204102,f2009,42
rollout/ep_rew_mean,14848,1.1927236318588257,f2009,42
rollout/ep_rew_mean,15360,1.2172839641571045,f2009,42
rollout/ep_rew_mean,15872,1.1849241256713867,f2009,42
time/fps,512,5.0,f2009,42
time/fps,1024,5.0,f2009,42
time/fps,1536,5.0,f2009,42
time/fps,2048,5.0,f2009,42
time/fps,2560,5.0,f2009,42
time/fps,3072,5.0,f2009,42
time/fps,3584,5.0,f2009,42
time/fps,4096,5.0,f2009,42
time/fps,4608,5.0,f2009,42
time/fps,5120,5.0,f2009,42
time/fps,5632,5.0,f2009,42
time/fps,6144,5.0,f2009,42
time/fps,6656,6.0,f2009,42
time/fps,7168,6.0,f2009,42
time/fps,7680,6.0,f2009,42
time/fps,8192,6.0,f2009,42
time/fps,8704,6.0,f2009,42
time/fps,9216,6.0,f2009,42
time/fps,9728,6.0,f2009,42
time/fps,10240,6.0,f2009,42
time/fps,10752,6.0,f2009,42
time/fps,11264,6.0,f2009,42
time/fps,11776,6.0,f2009,42
time/fps,12288,6.0,f2009,42
time/fps,12800,6.0,f2009,42
time/fps,13312,6.0,f2009,42
time/fps,13824,6.0,f2009,42
time/fps,14336,6.0,f2009,42
time/fps,14848,6.0,f2009,42
time/fps,15360,6.0,f2009,42
time/fps,15872,6.0,f2009,42
train/approx_kl,1024,0.006679472513496876,f2009,42
train/approx_kl,1536,0.005283129867166281,f2009,42
train/approx_kl,2048,0.007579663768410683,f2009,42
train/approx_kl,2560,0.00694161094725132,f2009,42
train/approx_kl,3072,0.008684072643518448,f2009,42
train/approx_kl,3584,0.00983433611690998,f2009,42
train/approx_kl,4096,0.010288383811712265,f2009,42
train/approx_kl,4608,0.011860784143209457,f2009,42
train/approx_kl,5120,0.011194629594683647,f2009,42
train/approx_kl,5632,0.011670004576444626,f2009,42
train/approx_kl,6144,0.01072206161916256,f2009,42
train/approx_kl,6656,0.011817170307040215,f2009,42
train/approx_kl,7168,0.011040822602808475,f2009,42
train/approx_kl,7680,0.009662235155701637,f2009,42
train/approx_kl,8192,0.010161282494664192,f2009,42
train/approx_kl,8704,0.009773490019142628,f2009,42
train/approx_kl,9216,0.010583365336060524,f2009,42
train/approx_kl,9728,0.01117473840713501,f2009,42
train/approx_kl,10240,0.01009875163435936,f2009,42
train/approx_kl,10752,0.01075955294072628,f2009,42
train/approx_kl,11264,0.012590501457452774,f2009,42
train/approx_kl,11776,0.012460993602871895,f2009,42
train/approx_kl,12288,0.010113684460520744,f2009,42
train/approx_kl,12800,0.011115098372101784,f2009,42
train/approx_kl,13312,0.009159393608570099,f2009,42
train/approx_kl,13824,0.01320154219865799,f2009,42
train/approx_kl,14336,0.009651044383645058,f2009,42
train/approx_kl,14848,0.009396599605679512,f2009,42
train/approx_kl,15360,0.007048177067190409,f2009,42
train/approx_kl,15872,0.01528133638203144,f2009,42
train/clip_fraction,1024,0.03242187574505806,f2009,42
train/clip_fraction,1536,0.013671875,f2009,42
train/clip_fraction,2048,0.02871093712747097,f2009,42
train/clip_fraction,2560,0.0283203125,f2009,42
train/clip_fraction,3072,0.04511718824505806,f2009,42
train/clip_fraction,3584,0.04472656175494194,f2009,42
train/clip_fraction,4096,0.05624999850988388,f2009,42
train/clip_fraction,4608,0.060546875,f2009,42
train/clip_fraction,5120,0.06679687649011612,f2009,42
train/clip_fraction,5632,0.06523437798023224,f2009,42
train/clip_fraction,6144,0.0576171875,f2009,42
train/clip_fraction,6656,0.05937499925494194,f2009,42
train/clip_fraction,7168,0.06582031399011612,f2009,42
train/clip_fraction,7680,0.05605468899011612,f2009,42
train/clip_fraction,8192,0.064453125,f2009,42
train/clip_fraction,8704,0.0693359375,f2009,42
train/clip_fraction,9216,0.08574219048023224,f2009,42
train/clip_fraction,9728,0.06855468451976776,f2009,42
train/clip_fraction,10240,0.0478515625,f2009,42
train/clip_fraction,10752,0.08242187649011612,f2009,42
train/clip_fraction,11264,0.06562499701976776,f2009,42
train/clip_fraction,11776,0.07675781100988388,f2009,42
train/clip_fraction,12288,0.06113281100988388,f2009,42
train/clip_fraction,12800,0.05585937574505806,f2009,42
train/clip_fraction,13312,0.05156249925494194,f2009,42
train/clip_fraction,13824,0.07890625298023224,f2009,42
train/clip_fraction,14336,0.05605468899011612,f2009,42
train/clip_fraction,14848,0.05097656324505806,f2009,42
train/clip_fraction,15360,0.02324218675494194,f2009,42
train/clip_fraction,15872,0.10097656399011612,f2009,42
train/clip_range,1024,0.20000000298023224,f2009,42
train/clip_range,1536,0.20000000298023224,f2009,42
train/clip_range,2048,0.20000000298023224,f2009,42
train/clip_range,2560,0.20000000298023224,f2009,42
train/clip_range,3072,0.20000000298023224,f2009,42
train/clip_range,3584,0.20000000298023224,f2009,42
train/clip_range,4096,0.20000000298023224,f2009,42
train/clip_range,4608,0.20000000298023224,f2009,42
train/clip_range,5120,0.20000000298023224,f2009,42
train/clip_range,5632,0.20000000298023224,f2009,42
train/clip_range,6144,0.20000000298023224,f2009,42
train/clip_range,6656,0.20000000298023224,f2009,42
train/clip_range,7168,0.20000000298023224,f2009,42
train/clip_range,7680,0.20000000298023224,f2009,42
train/clip_range,8192,0.20000000298023224,f2009,42
train/clip_range,8704,0.20000000298023224,f2009,42
train/clip_range,9216,0.20000000298023224,f2009,42
train/clip_range,9728,0.20000000298023224,f2009,42
train/clip_range,10240,0.20000000298023224,f2009,42
train/clip_range,10752,0.20000000298023224,f2009,42
train/clip_range,11264,0.20000000298023224,f2009,42
train/clip_range,11776,0.20000000298023224,f2009,42
train/clip_range,12288,0.20000000298023224,f2009,42
train/clip_range,12800,0.20000000298023224,f2009,42
train/clip_range,13312,0.20000000298023224,f2009,42
train/clip_range,13824,0.20000000298023224,f2009,42
train/clip_range,14336,0.20000000298023224,f2009,42
train/clip_range,14848,0.20000000298023224,f2009,42
train/clip_range,15360,0.20000000298023224,f2009,42
train/clip_range,15872,0.20000000298023224,f2009,42
train/entropy_loss,1024,-3.6785764694213867,f2009,42
train/entropy_loss,1536,-3.669771671295166,f2009,42
train/entropy_loss,2048,-3.6521241664886475,f2009,42
train/entropy_loss,2560,-3.636934518814087,f2009,42
train/entropy_loss,3072,-3.614173650741577,f2009,42
train/entropy_loss,3584,-3.593092203140259,f2009,42
train/entropy_loss,4096,-3.5639421939849854,f2009,42
train/entropy_loss,4608,-3.539254903793335,f2009,42
train/entropy_loss,5120,-3.508229970932007,f2009,42
train/entropy_loss,5632,-3.473612070083618,f2009,42
train/entropy_loss,6144,-3.4475319385528564,f2009,42
train/entropy_loss,6656,-3.420098304748535,f2009,42
train/entropy_loss,7168,-3.4027395248413086,f2009,42
train/entropy_loss,7680,-3.379802703857422,f2009,42
train/entropy_loss,8192,-3.351517677307129,f2009,42
train/entropy_loss,8704,-3.3257052898406982,f2009,42
train/entropy_loss,9216,-3.3029744625091553,f2009,42
train/entropy_loss,9728,-3.2733752727508545,f2009,42
train/entropy_loss,10240,-3.2536661624908447,f2009,42
train/entropy_loss,10752,-3.2463366985321045,f2009,42
train/entropy_loss,11264,-3.227170705795288,f2009,42
train/entropy_loss,11776,-3.203404664993286,f2009,42
train/entropy_loss,12288,-3.171962261199951,f2009,42
train/entropy_loss,12800,-3.1449642181396484,f2009,42
train/entropy_loss,13312,-3.1215109825134277,f2009,42
train/entropy_loss,13824,-3.11139178276062,f2009,42
train/entropy_loss,14336,-3.097126007080078,f2009,42
train/entropy_loss,14848,-3.070519208908081,f2009,42
train/entropy_loss,15360,-3.040832042694092,f2009,42
train/entropy_loss,15872,-3.0308420658111572,f2009,42
train/explained_variance,1024,-20.872901916503906,f2009,42
train/explained_variance,1536,-4.840969085693359,f2009,42
train/explained_variance,2048,-2.9398691654205322,f2009,42
train/explained_variance,2560,-1.3075134754180908,f2009,42
train/explained_variance,3072,-1.523909568786621,f2009,42
train/explained_variance,3584,-1.0765538215637207,f2009,42
train/explained_variance,4096,-1.072272777557373,f2009,42
train/explained_variance,4608,-1.182436466217041,f2009,42
train/explained_variance,5120,-1.0916731357574463,f2009,42
train/explained_variance,5632,-1.1709976196289062,f2009,42
train/explained_variance,6144,-0.8318372964859009,f2009,42
train/explained_variance,6656,-0.9104896783828735,f2009,42
train/explained_variance,7168,-0.35543084144592285,f2009,42
train/explained_variance,7680,-0.4508761167526245,f2009,42
train/explained_variance,8192,-0.5913186073303223,f2009,42
train/explained_variance,8704,-0.40188682079315186,f2009,42
train/explained_variance,9216,-0.679648756980896,f2009,42
train/explained_variance,9728,-0.38024985790252686,f2009,42
train/explained_variance,10240,-0.13260972499847412,f2009,42
train/explained_variance,10752,-0.07876121997833252,f2009,42
train/explained_variance,11264,-0.25058186054229736,f2009,42
train/explained_variance,11776,-0.10987341403961182,f2009,42
train/explained_variance,12288,-0.24503052234649658,f2009,42
train/explained_variance,12800,-0.19701778888702393,f2009,42
train/explained_variance,13312,-0.2236487865447998,f2009,42
train/explained_variance,13824,0.004290401935577393,f2009,42
train/explained_variance,14336,0.03006690740585327,f2009,42
train/explained_variance,14848,-0.23072731494903564,f2009,42
train/explained_variance,15360,0.07421737909317017,f2009,42
train/explained_variance,15872,-0.03744518756866455,f2009,42
train/learning_rate,1024,0.0003000000142492354,f2009,42
train/learning_rate,1536,0.0003000000142492354,f2009,42
train/learning_rate,2048,0.0003000000142492354,f2009,42
train/learning_rate,2560,0.0003000000142492354,f2009,42
train/learning_rate,3072,0.0003000000142492354,f2009,42
train/learning_rate,3584,0.0003000000142492354,f2009,42
train/learning_rate,4096,0.0003000000142492354,f2009,42
train/learning_rate,4608,0.0003000000142492354,f2009,42
train/learning_rate,5120,0.0003000000142492354,f2009,42
train/learning_rate,5632,0.0003000000142492354,f2009,42
train/learning_rate,6144,0.0003000000142492354,f2009,42
train/learning_rate,6656,0.0003000000142492354,f2009,42
train/learning_rate,7168,0.0003000000142492354,f2009,42
train/learning_rate,7680,0.0003000000142492354,f2009,42
train/learning_rate,8192,0.0003000000142492354,f2009,42
train/learning_rate,8704,0.0003000000142492354,f2009,42
train/learning_rate,9216,0.0003000000142492354,f2009,42
train/learning_rate,9728,0.0003000000142492354,f2009,42
train/learning_rate,10240,0.0003000000142492354,f2009,42
train/learning_rate,10752,0.0003000000142492354,f2009,42
train/learning_rate,11264,0.0003000000142492354,f2009,42
train/learning_rate,11776,0.0003000000142492354,f2009,42
train/learning_rate,12288,0.0003000000142492354,f2009,42
train/learning_rate,12800,0.0003000000142492354,f2009,42
train/learning_rate,13312,0.0003000000142492354,f2009,42
train/learning_rate,13824,0.0003000000142492354,f2009,42
train/learning_rate,14336,0.0003000000142492354,f2009,42
train/learning_rate,14848,0.0003000000142492354,f2009,42
train/learning_rate,15360,0.0003000000142492354,f2009,42
train/learning_rate,15872,0.0003000000142492354,f2009,42
train/loss,1024,0.5880863666534424,f2009,42
train/loss,1536,0.4569479823112488,f2009,42
train/loss,2048,0.3318697512149811,f2009,42
train/loss,2560,0.21360312402248383,f2009,42
train/loss,3072,0.11945519596338272,f2009,42
train/loss,3584,0.03394560143351555,f2009,42
train/loss,4096,-0.0011054687201976776,f2009,42
train/loss,4608,-0.03271116316318512,f2009,42
train/loss,5120,-0.023491963744163513,f2009,42
train/loss,5632,-0.02288774773478508,f2009,42
train/loss,6144,-0.02235940843820572,f2009,42
train/loss,6656,-0.013031776994466782,f2009,42
train/loss,7168,-0.02258106879889965,f2009,42
train/loss,7680,-0.005712663754820824,f2009,42
train/loss,8192,-0.02833918109536171,f2009,42
train/loss,8704,-0.011670206673443317,f2009,42
train/loss,9216,-0.021882321685552597,f2009,42
train/loss,9728,-0.02653682976961136,f2009,42
train/loss,10240,-0.01545216329395771,f2009,42
train/loss,10752,-0.0328696072101593,f2009,42
train/loss,11264,-0.021164420992136,f2009,42
train/loss,11776,-0.027700599282979965,f2009,42
train/loss,12288,-0.014572210609912872,f2009,42
train/loss,12800,-0.014180932193994522,f2009,42
train/loss,13312,-0.016542473807930946,f2009,42
train/loss,13824,-0.007506241090595722,f2009,42
train/loss,14336,-0.006479223258793354,f2009,42
train/loss,14848,-0.01432979479432106,f2009,42
train/loss,15360,-0.019039539620280266,f2009,42
train/loss,15872,-0.03192947804927826,f2009,42
train/policy_gradient_loss,1024,-0.013782757334411144,f2009,42
train/policy_gradient_loss,1536,-0.012129082344472408,f2009,42
train/policy_gradient_loss,2048,-0.018909646198153496,f2009,42
train/policy_gradient_loss,2560,-0.018299860879778862,f2009,42
train/policy_gradient_loss,3072,-0.02205006405711174,f2009,42
train/policy_gradient_loss,3584,-0.023081166669726372,f2009,42
train/policy_gradient_loss,4096,-0.02025502920150757,f2009,42
train/policy_gradient_loss,4608,-0.02159455232322216,f2009,42
train/policy_gradient_loss,5120,-0.01965714991092682,f2009,42
train/policy_gradient_loss,5632,-0.01918364129960537,f2009,42
train/policy_gradient_loss,6144,-0.016430174931883812,f2009,42
train/policy_gradient_loss,6656,-0.018678179010748863,f2009,42
train/policy_gradient_loss,7168,-0.017640594393014908,f2009,42
train/policy_gradient_loss,7680,-0.015535939484834671,f2009,42
train/policy_gradient_loss,8192,-0.017391519621014595,f2009,42
train/policy_gradient_loss,8704,-0.01547370944172144,f2009,42
train/policy_gradient_loss,9216,-0.018754007294774055,f2009,42
train/policy_gradient_loss,9728,-0.018321335315704346,f2009,42
train/policy_gradient_loss,10240,-0.015709703788161278,f2009,42
train/policy_gradient_loss,10752,-0.016851933673024178,f2009,42
train/policy_gradient_loss,11264,-0.016674427315592766,f2009,42
train/policy_gradient_loss,11776,-0.020650098100304604,f2009,42
train/policy_gradient_loss,12288,-0.015969667583703995,f2009,42
train/policy_gradient_loss,12800,-0.015752339735627174,f2009,42
train/policy_gradient_loss,13312,-0.014994141645729542,f2009,42
train/policy_gradient_loss,13824,-0.01643180474638939,f2009,42
train/policy_gradient_loss,14336,-0.0154824648052454,f2009,42
train/policy_gradient_loss,14848,-0.015646306797862053,f2009,42
train/policy_gradient_loss,15360,-0.011558572761714458,f2009,42
train/policy_gradient_loss,15872,-0.024783242493867874,f2009,42
train/std,1024,0.6071144938468933,f2009,42
train/std,1536,0.6039384007453918,f2009,42
train/std,2048,0.6022902131080627,f2009,42
train/std,2560,0.5987756252288818,f2009,42
train/std,3072,0.5963828563690186,f2009,42
train/std,3584,0.5920072197914124,f2009,42
train/std,4096,0.5886667370796204,f2009,42
train/std,4608,0.5851050615310669,f2009,42
train/std,5120,0.5792317390441895,f2009,42
train/std,5632,0.5758376121520996,f2009,42
train/std,6144,0.571548581123352,f2009,42
train/std,6656,0.5691379308700562,f2009,42
train/std,7168,0.5662953853607178,f2009,42
train/std,7680,0.5629503130912781,f2009,42
train/std,8192,0.5590575933456421,f2009,42
train/std,8704,0.5563525557518005,f2009,42
train/std,9216,0.5526742935180664,f2009,42
train/std,9728,0.5482889413833618,f2009,42
train/std,10240,0.5480276346206665,f2009,42
train/std,10752,0.5457488298416138,f2009,42
train/std,11264,0.5435571670532227,f2009,42
train/std,11776,0.5391485691070557,f2009,42
train/std,12288,0.5359984636306763,f2009,42
train/std,12800,0.5319815278053284,f2009,42
train/std,13312,0.5305180549621582,f2009,42
train/std,13824,0.529400110244751,f2009,42
train/std,14336,0.5273902416229248,f2009,42
train/std,14848,0.5225199460983276,f2009,42
train/std,15360,0.5207456350326538,f2009,42
train/std,15872,0.5199860334396362,f2009,42
train/value_loss,1024,1.4581084251403809,f2009,42
train/value_loss,1536,1.0743659734725952,f2009,42
train/value_loss,2048,0.8853075504302979,f2009,42
train/value_loss,2560,0.6167150735855103,f2009,42
train/value_loss,3072,0.4157293140888214,f2009,42
train/value_loss,3584,0.22761890292167664,f2009,42
train/value_loss,4096,0.08929048478603363,f2009,42
train/value_loss,4608,0.04053012281656265,f2009,42
train/value_loss,5120,0.04092824086546898,f2009,42
train/value_loss,5632,0.03795894980430603,f2009,42
train/value_loss,6144,0.03571023419499397,f2009,42
train/value_loss,6656,0.03269166499376297,f2009,42
train/value_loss,7168,0.03207378089427948,f2009,42
train/value_loss,7680,0.030612049624323845,f2009,42
train/value_loss,8192,0.027923602610826492,f2009,42
train/value_loss,8704,0.025374826043844223,f2009,42
train/value_loss,9216,0.02444254793226719,f2009,42
train/value_loss,9728,0.02709771879017353,f2009,42
train/value_loss,10240,0.023749982938170433,f2009,42
train/value_loss,10752,0.019891146570444107,f2009,42
train/value_loss,11264,0.02249903976917267,f2009,42
train/value_loss,11776,0.024181881919503212,f2009,42
train/value_loss,12288,0.021449990570545197,f2009,42
train/value_loss,12800,0.020487230271100998,f2009,42
train/value_loss,13312,0.02084778994321823,f2009,42
train/value_loss,13824,0.020644238218665123,f2009,42
train/value_loss,14336,0.018819082528352737,f2009,42
train/value_loss,14848,0.020387398079037666,f2009,42
train/value_loss,15360,0.020274680107831955,f2009,42
train/value_loss,15872,0.019087878987193108,f2009,42
rollout/ep_len_mean,512,1.0,f2009,43
rollout/ep_len_mean,1024,1.0,f2009,43
rollout/ep_len_mean,1536,1.0,f2009,43
rollout/ep_len_mean,2048,1.0,f2009,43
rollout/ep_len_mean,2560,1.0,f2009,43
rollout/ep_len_mean,3072,1.0,f2009,43
rollout/ep_len_mean,3584,1.0,f2009,43
rollout/ep_len_mean,4096,1.0,f2009,43
rollout/ep_len_mean,4608,1.0,f2009,43
rollout/ep_len_mean,5120,1.0,f2009,43
rollout/ep_len_mean,5632,1.0,f2009,43
rollout/ep_len_mean,6144,1.0,f2009,43
rollout/ep_len_mean,6656,1.0,f2009,43
rollout/ep_len_mean,7168,1.0,f2009,43
rollout/ep_len_mean,7680,1.0,f2009,43
rollout/ep_len_mean,8192,1.0,f2009,43
rollout/ep_len_mean,8704,1.0,f2009,43
rollout/ep_len_mean,9216,1.0,f2009,43
rollout/ep_len_mean,9728,1.0,f2009,43
rollout/ep_len_mean,10240,1.0,f2009,43
rollout/ep_len_mean,10752,1.0,f2009,43
rollout/ep_len_mean,11264,1.0,f2009,43
rollout/ep_len_mean,11776,1.0,f2009,43
rollout/ep_len_mean,12288,1.0,f2009,43
rollout/ep_len_mean,12800,1.0,f2009,43
rollout/ep_len_mean,13312,1.0,f2009,43
rollout/ep_len_mean,13824,1.0,f2009,43
rollout/ep_len_mean,14336,1.0,f2009,43
rollout/ep_len_mean,14848,1.0,f2009,43
rollout/ep_len_mean,15360,1.0,f2009,43
rollout/ep_len_mean,15872,1.0,f2009,43
rollout/ep_len_mean,16384,1.0,f2009,43
rollout/ep_len_mean,16896,1.0,f2009,43
rollout/ep_len_mean,17408,1.0,f2009,43
rollout/ep_len_mean,17920,1.0,f2009,43
rollout/ep_rew_mean,512,1.154953122138977,f2009,43
rollout/ep_rew_mean,1024,1.1324011087417603,f2009,43
rollout/ep_rew_mean,1536,1.1250402927398682,f2009,43
rollout/ep_rew_mean,2048,1.1508716344833374,f2009,43
rollout/ep_rew_mean,2560,1.1620702743530273,f2009,43
rollout/ep_rew_mean,3072,1.1608150005340576,f2009,43
rollout/ep_rew_mean,3584,1.1492797136306763,f2009,43
rollout/ep_rew_mean,4096,1.1802153587341309,f2009,43
rollout/ep_rew_mean,4608,1.1646111011505127,f2009,43
rollout/ep_rew_mean,5120,1.1824692487716675,f2009,43
rollout/ep_rew_mean,5632,1.1683086156845093,f2009,43
rollout/ep_rew_mean,6144,1.165645718574524,f2009,43
rollout/ep_rew_mean,6656,1.1891192197799683,f2009,43
rollout/ep_rew_mean,7168,1.1842340230941772,f2009,43
rollout/ep_rew_mean,7680,1.176254391670227,f2009,43
rollout/ep_rew_mean,8192,1.1716554164886475,f2009,43
rollout/ep_rew_mean,8704,1.2112945318222046,f2009,43
rollout/ep_rew_mean,9216,1.2058721780776978,f2009,43
rollout/ep_rew_mean,9728,1.150308609008789,f2009,43
rollout/ep_rew_mean,10240,1.1997768878936768,f2009,43
rollout/ep_rew_mean,10752,1.1827102899551392,f2009,43
rollout/ep_rew_mean,11264,1.1939693689346313,f2009,43
rollout/ep_rew_mean,11776,1.1930110454559326,f2009,43
rollout/ep_rew_mean,12288,1.218929648399353,f2009,43
rollout/ep_rew_mean,12800,1.1901514530181885,f2009,43
rollout/ep_rew_mean,13312,1.1886557340621948,f2009,43
rollout/ep_rew_mean,13824,1.210378646850586,f2009,43
rollout/ep_rew_mean,14336,1.1932836771011353,f2009,43
rollout/ep_rew_mean,14848,1.2086819410324097,f2009,43
rollout/ep_rew_mean,15360,1.2146188020706177,f2009,43
rollout/ep_rew_mean,15872,1.1913388967514038,f2009,43
rollout/ep_rew_mean,16384,1.2023048400878906,f2009,43
rollout/ep_rew_mean,16896,1.211439847946167,f2009,43
rollout/ep_rew_mean,17408,1.196648120880127,f2009,43
rollout/ep_rew_mean,17920,1.1860581636428833,f2009,43
time/fps,512,4.0,f2009,43
time/fps,1024,4.0,f2009,43
time/fps,1536,5.0,f2009,43
time/fps,2048,5.0,f2009,43
time/fps,2560,5.0,f2009,43
time/fps,3072,5.0,f2009,43
time/fps,3584,5.0,f2009,43
time/fps,4096,5.0,f2009,43
time/fps,4608,5.0,f2009,43
time/fps,5120,5.0,f2009,43
time/fps,5632,5.0,f2009,43
time/fps,6144,5.0,f2009,43
time/fps,6656,5.0,f2009,43
time/fps,7168,5.0,f2009,43
time/fps,7680,5.0,f2009,43
time/fps,8192,6.0,f2009,43
time/fps,8704,6.0,f2009,43
time/fps,9216,6.0,f2009,43
time/fps,9728,6.0,f2009,43
time/fps,10240,6.0,f2009,43
time/fps,10752,6.0,f2009,43
time/fps,11264,6.0,f2009,43
time/fps,11776,6.0,f2009,43
time/fps,12288,6.0,f2009,43
time/fps,12800,6.0,f2009,43
time/fps,13312,6.0,f2009,43
time/fps,13824,6.0,f2009,43
time/fps,14336,6.0,f2009,43
time/fps,14848,6.0,f2009,43
time/fps,15360,6.0,f2009,43
time/fps,15872,6.0,f2009,43
time/fps,16384,6.0,f2009,43
time/fps,16896,6.0,f2009,43
time/fps,17408,6.0,f2009,43
time/fps,17920,6.0,f2009,43
train/approx_kl,1024,0.005709371529519558,f2009,43
train/approx_kl,1536,0.006419807206839323,f2009,43
train/approx_kl,2048,0.01173606887459755,f2009,43
train/approx_kl,2560,0.007889705710113049,f2009,43
train/approx_kl,3072,0.011099330149590969,f2009,43
train/approx_kl,3584,0.011356320232152939,f2009,43
train/approx_kl,4096,0.01049966923892498,f2009,43
train/approx_kl,4608,0.010346767492592335,f2009,43
train/approx_kl,5120,0.014198865741491318,f2009,43
train/approx_kl,5632,0.010605795308947563,f2009,43
train/approx_kl,6144,0.008537489920854568,f2009,43
train/approx_kl,6656,0.00894894078373909,f2009,43
train/approx_kl,7168,0.013740113005042076,f2009,43
train/approx_kl,7680,0.013869035057723522,f2009,43
train/approx_kl,8192,0.00933227688074112,f2009,43
train/approx_kl,8704,0.008392170071601868,f2009,43
train/approx_kl,9216,0.01263025589287281,f2009,43
train/approx_kl,9728,0.009427865035831928,f2009,43
train/approx_kl,10240,0.011228839866816998,f2009,43
train/approx_kl,10752,0.0072294180281460285,f2009,43
train/approx_kl,11264,0.013033866882324219,f2009,43
train/approx_kl,11776,0.009417356923222542,f2009,43
train/approx_kl,12288,0.00888003408908844,f2009,43
train/approx_kl,12800,0.00901808775961399,f2009,43
train/approx_kl,13312,0.010205326601862907,f2009,43
train/approx_kl,13824,0.01130003947764635,f2009,43
train/approx_kl,14336,0.009572562761604786,f2009,43
train/approx_kl,14848,0.01229736115783453,f2009,43
train/approx_kl,15360,0.009459483437240124,f2009,43
train/approx_kl,15872,0.011286960914731026,f2009,43
train/approx_kl,16384,0.011529102921485901,f2009,43
train/approx_kl,16896,0.007941111922264099,f2009,43
train/approx_kl,17408,0.01128403376787901,f2009,43
train/approx_kl,17920,0.009955115616321564,f2009,43
train/clip_fraction,1024,0.01914062537252903,f2009,43
train/clip_fraction,1536,0.03007812425494194,f2009,43
train/clip_fraction,2048,0.05507812649011612,f2009,43
train/clip_fraction,2560,0.03144531324505806,f2009,43
train/clip_fraction,3072,0.060546875,f2009,43
train/clip_fraction,3584,0.06386718899011612,f2009,43
train/clip_fraction,4096,0.0478515625,f2009,43
train/clip_fraction,4608,0.05429687350988388,f2009,43
train/clip_fraction,5120,0.10781250149011612,f2009,43
train/clip_fraction,5632,0.07363281399011612,f2009,43
train/clip_fraction,6144,0.04804687574505806,f2009,43
train/clip_fraction,6656,0.04179687425494194,f2009,43
train/clip_fraction,7168,0.08183594048023224,f2009,43
train/clip_fraction,7680,0.0849609375,f2009,43
train/clip_fraction,8192,0.06386718899011612,f2009,43
train/clip_fraction,8704,0.0419921875,f2009,43
train/clip_fraction,9216,0.09042968600988388,f2009,43
train/clip_fraction,9728,0.05527343600988388,f2009,43
train/clip_fraction,10240,0.06757812201976776,f2009,43
train/clip_fraction,10752,0.05683593824505806,f2009,43
train/clip_fraction,11264,0.0859375,f2009,43
train/clip_fraction,11776,0.05703125149011612,f2009,43
train/clip_fraction,12288,0.04941406100988388,f2009,43
train/clip_fraction,12800,0.0546875,f2009,43
train/clip_fraction,13312,0.0732421875,f2009,43
train/clip_fraction,13824,0.06484375149011612,f2009,43
train/clip_fraction,14336,0.05058593675494194,f2009,43
train/clip_fraction,14848,0.08925781399011612,f2009,43
train/clip_fraction,15360,0.0498046875,f2009,43
train/clip_fraction,15872,0.07753906399011612,f2009,43
train/clip_fraction,16384,0.06953124701976776,f2009,43
train/clip_fraction,16896,0.04648437350988388,f2009,43
train/clip_fraction,17408,0.05605468899011612,f2009,43
train/clip_fraction,17920,0.07792969048023224,f2009,43
train/clip_range,1024,0.20000000298023224,f2009,43
train/clip_range,1536,0.20000000298023224,f2009,43
train/clip_range,2048,0.20000000298023224,f2009,43
train/clip_range,2560,0.20000000298023224,f2009,43
train/clip_range,3072,0.20000000298023224,f2009,43
train/clip_range,3584,0.20000000298023224,f2009,43
train/clip_range,4096,0.20000000298023224,f2009,43
train/clip_range,4608,0.20000000298023224,f2009,43
train/clip_range,5120,0.20000000298023224,f2009,43
train/clip_range,5632,0.20000000298023224,f2009,43
train/clip_range,6144,0.20000000298023224,f2009,43
train/clip_range,6656,0.20000000298023224,f2009,43
train/clip_range,7168,0.20000000298023224,f2009,43
train/clip_range,7680,0.20000000298023224,f2009,43
train/clip_range,8192,0.20000000298023224,f2009,43
train/clip_range,8704,0.20000000298023224,f2009,43
train/clip_range,9216,0.20000000298023224,f2009,43
train/clip_range,9728,0.20000000298023224,f2009,43
train/clip_range,10240,0.20000000298023224,f2009,43
train/clip_range,10752,0.20000000298023224,f2009,43
train/clip_range,11264,0.20000000298023224,f2009,43
train/clip_range,11776,0.20000000298023224,f2009,43
train/clip_range,12288,0.20000000298023224,f2009,43
train/clip_range,12800,0.20000000298023224,f2009,43
train/clip_range,13312,0.20000000298023224,f2009,43
train/clip_range,13824,0.20000000298023224,f2009,43
train/clip_range,14336,0.20000000298023224,f2009,43
train/clip_range,14848,0.20000000298023224,f2009,43
train/clip_range,15360,0.20000000298023224,f2009,43
train/clip_range,15872,0.20000000298023224,f2009,43
train/clip_range,16384,0.20000000298023224,f2009,43
train/clip_range,16896,0.20000000298023224,f2009,43
train/clip_range,17408,0.20000000298023224,f2009,43
train/clip_range,17920,0.20000000298023224,f2009,43
train/entropy_loss,1024,-3.6682825088500977,f2009,43
train/entropy_loss,1536,-3.651008367538452,f2009,43
train/entropy_loss,2048,-3.6363773345947266,f2009,43
train/entropy_loss,2560,-3.617083787918091,f2009,43
train/entropy_loss,3072,-3.59233021736145,f2009,43
train/entropy_loss,3584,-3.5793886184692383,f2009,43
train/entropy_loss,4096,-3.5589308738708496,f2009,43
train/entropy_loss,4608,-3.5220820903778076,f2009,43
train/entropy_loss,5120,-3.481726884841919,f2009,43
train/entropy_loss,5632,-3.447301149368286,f2009,43
train/entropy_loss,6144,-3.417097330093384,f2009,43
train/entropy_loss,6656,-3.382528066635132,f2009,43
train/entropy_loss,7168,-3.349550247192383,f2009,43
train/entropy_loss,7680,-3.328124761581421,f2009,43
train/entropy_loss,8192,-3.313072443008423,f2009,43
train/entropy_loss,8704,-3.2947373390197754,f2009,43
train/entropy_loss,9216,-3.2640721797943115,f2009,43
train/entropy_loss,9728,-3.232213020324707,f2009,43
train/entropy_loss,10240,-3.211111068725586,f2009,43
train/entropy_loss,10752,-3.185621976852417,f2009,43
train/entropy_loss,11264,-3.153200626373291,f2009,43
train/entropy_loss,11776,-3.1185643672943115,f2009,43
train/entropy_loss,12288,-3.0890560150146484,f2009,43
train/entropy_loss,12800,-3.069528579711914,f2009,43
train/entropy_loss,13312,-3.0468099117279053,f2009,43
train/entropy_loss,13824,-3.0160562992095947,f2009,43
train/entropy_loss,14336,-2.984407901763916,f2009,43
train/entropy_loss,14848,-2.969337224960327,f2009,43
train/entropy_loss,15360,-2.9593899250030518,f2009,43
train/entropy_loss,15872,-2.942068099975586,f2009,43
train/entropy_loss,16384,-2.916428804397583,f2009,43
train/entropy_loss,16896,-2.892200231552124,f2009,43
train/entropy_loss,17408,-2.866440773010254,f2009,43
train/entropy_loss,17920,-2.8370213508605957,f2009,43
train/explained_variance,1024,-24.02888298034668,f2009,43
train/explained_variance,1536,-8.199191093444824,f2009,43
train/explained_variance,2048,-1.2855684757232666,f2009,43
train/explained_variance,2560,-0.9197167158126831,f2009,43
train/explained_variance,3072,-0.9325176477432251,f2009,43
train/explained_variance,3584,-1.0045497417449951,f2009,43
train/explained_variance,4096,-0.6777691841125488,f2009,43
train/explained_variance,4608,-1.0882086753845215,f2009,43
train/explained_variance,5120,-0.6077243089675903,f2009,43
train/explained_variance,5632,-0.5415909290313721,f2009,43
train/explained_variance,6144,-0.7463128566741943,f2009,43
train/explained_variance,6656,-0.4618234634399414,f2009,43
train/explained_variance,7168,-0.36359715461730957,f2009,43
train/explained_variance,7680,-0.44711828231811523,f2009,43
train/explained_variance,8192,-0.2744537591934204,f2009,43
train/explained_variance,8704,-0.34288811683654785,f2009,43
train/explained_variance,9216,-0.4388512372970581,f2009,43
train/explained_variance,9728,-0.1209566593170166,f2009,43
train/explained_variance,10240,-0.06118905544281006,f2009,43
train/explained_variance,10752,0.0019949674606323242,f2009,43
train/explained_variance,11264,0.0181540846824646,f2009,43
train/explained_variance,11776,0.0408514142036438,f2009,43
train/explained_variance,12288,-0.14274609088897705,f2009,43
train/explained_variance,12800,-0.013283252716064453,f2009,43
train/explained_variance,13312,-0.0970989465713501,f2009,43
train/explained_variance,13824,0.1439361572265625,f2009,43
train/explained_variance,14336,0.22221392393112183,f2009,43
train/explained_variance,14848,0.005482494831085205,f2009,43
train/explained_variance,15360,0.11148589849472046,f2009,43
train/explained_variance,15872,-0.015857577323913574,f2009,43
train/explained_variance,16384,0.030405819416046143,f2009,43
train/explained_variance,16896,0.11934870481491089,f2009,43
train/explained_variance,17408,0.1546052098274231,f2009,43
train/explained_variance,17920,0.03046208620071411,f2009,43
train/learning_rate,1024,0.0003000000142492354,f2009,43
train/learning_rate,1536,0.0003000000142492354,f2009,43
train/learning_rate,2048,0.0003000000142492354,f2009,43
train/learning_rate,2560,0.0003000000142492354,f2009,43
train/learning_rate,3072,0.0003000000142492354,f2009,43
train/learning_rate,3584,0.0003000000142492354,f2009,43
train/learning_rate,4096,0.0003000000142492354,f2009,43
train/learning_rate,4608,0.0003000000142492354,f2009,43
train/learning_rate,5120,0.0003000000142492354,f2009,43
train/learning_rate,5632,0.0003000000142492354,f2009,43
train/learning_rate,6144,0.0003000000142492354,f2009,43
train/learning_rate,6656,0.0003000000142492354,f2009,43
train/learning_rate,7168,0.0003000000142492354,f2009,43
train/learning_rate,7680,0.0003000000142492354,f2009,43
train/learning_rate,8192,0.0003000000142492354,f2009,43
train/learning_rate,8704,0.0003000000142492354,f2009,43
train/learning_rate,9216,0.0003000000142492354,f2009,43
train/learning_rate,9728,0.0003000000142492354,f2009,43
train/learning_rate,10240,0.0003000000142492354,f2009,43
train/learning_rate,10752,0.0003000000142492354,f2009,43
train/learning_rate,11264,0.0003000000142492354,f2009,43
train/learning_rate,11776,0.0003000000142492354,f2009,43
train/learning_rate,12288,0.0003000000142492354,f2009,43
train/learning_rate,12800,0.0003000000142492354,f2009,43
train/learning_rate,13312,0.0003000000142492354,f2009,43
train/learning_rate,13824,0.0003000000142492354,f2009,43
train/learning_rate,14336,0.0003000000142492354,f2009,43
train/learning_rate,14848,0.0003000000142492354,f2009,43
train/learning_rate,15360,0.0003000000142492354,f2009,43
train/learning_rate,15872,0.0003000000142492354,f2009,43
train/learning_rate,16384,0.0003000000142492354,f2009,43
train/learning_rate,16896,0.0003000000142492354,f2009,43
train/learning_rate,17408,0.0003000000142492354,f2009,43
train/learning_rate,17920,0.0003000000142492354,f2009,43
train/loss,1024,0.599342405796051,f2009,43
train/loss,1536,0.4635809361934662,f2009,43
train/loss,2048,0.3076997995376587,f2009,43
train/loss,2560,0.20810750126838684,f2009,43
train/loss,3072,0.0838906541466713,f2009,43
train/loss,3584,0.012486904859542847,f2009,43
train/loss,4096,-0.008965874090790749,f2009,43
train/loss,4608,0.0026511698961257935,f2009,43
train/loss,5120,-0.030095942318439484,f2009,43
train/loss,5632,-0.026831956580281258,f2009,43
train/loss,6144,-0.02086535096168518,f2009,43
train/loss,6656,-0.011068577878177166,f2009,43
train/loss,7168,-0.020414546132087708,f2009,43
train/loss,7680,-0.01836550049483776,f2009,43
train/loss,8192,-0.01671263575553894,f2009,43
train/loss,8704,-0.030526313930749893,f2009,43
train/loss,9216,-0.034080006182193756,f2009,43
train/loss,9728,-0.027706008404493332,f2009,43
train/loss,10240,-0.016318274661898613,f2009,43
train/loss,10752,-0.02272852510213852,f2009,43
train/loss,11264,-0.020588569343090057,f2009,43
train/loss,11776,-0.022287700325250626,f2009,43
train/loss,12288,0.0014167604967951775,f2009,43
train/loss,12800,-0.030487528070807457,f2009,43
train/loss,13312,0.0008810078725218773,f2009,43
train/loss,13824,-0.02174527943134308,f2009,43
train/loss,14336,-0.02378196455538273,f2009,43
train/loss,14848,-0.022726764902472496,f2009,43
train/loss,15360,-0.019032103940844536,f2009,43
train/loss,15872,-0.016629589721560478,f2009,43
train/loss,16384,-0.02632637321949005,f2009,43
train/loss,16896,-0.01668703928589821,f2009,43
train/loss,17408,-0.03443741053342819,f2009,43
train/loss,17920,-0.02356901951134205,f2009,43
train/policy_gradient_loss,1024,-0.012128140777349472,f2009,43
train/policy_gradient_loss,1536,-0.011021888814866543,f2009,43
train/policy_gradient_loss,2048,-0.02496272884309292,f2009,43
train/policy_gradient_loss,2560,-0.0215988177806139,f2009,43
train/policy_gradient_loss,3072,-0.02475556544959545,f2009,43
train/policy_gradient_loss,3584,-0.024202698841691017,f2009,43
train/policy_gradient_loss,4096,-0.018750490620732307,f2009,43
train/policy_gradient_loss,4608,-0.017027664929628372,f2009,43
train/policy_gradient_loss,5120,-0.025266893208026886,f2009,43
train/policy_gradient_loss,5632,-0.020126381888985634,f2009,43
train/policy_gradient_loss,6144,-0.016316840425133705,f2009,43
train/policy_gradient_loss,6656,-0.015781717374920845,f2009,43
train/policy_gradient_loss,7168,-0.022385647520422935,f2009,43
train/policy_gradient_loss,7680,-0.02364569529891014,f2009,43
train/policy_gradient_loss,8192,-0.016119616106152534,f2009,43
train/policy_gradient_loss,8704,-0.013700710609555244,f2009,43
train/policy_gradient_loss,9216,-0.020793667063117027,f2009,43
train/policy_gradient_loss,9728,-0.017288412898778915,f2009,43
train/policy_gradient_loss,10240,-0.01792554371058941,f2009,43
train/policy_gradient_loss,10752,-0.014430399052798748,f2009,43
train/policy_gradient_loss,11264,-0.02325606159865856,f2009,43
train/policy_gradient_loss,11776,-0.017767395824193954,f2009,43
train/policy_gradient_loss,12288,-0.014413545839488506,f2009,43
train/policy_gradient_loss,12800,-0.01758577488362789,f2009,43
train/policy_gradient_loss,13312,-0.018479270860552788,f2009,43
train/policy_gradient_loss,13824,-0.019345548003911972,f2009,43
train/policy_gradient_loss,14336,-0.016788410022854805,f2009,43
train/policy_gradient_loss,14848,-0.019919363781809807,f2009,43
train/policy_gradient_loss,15360,-0.015233660116791725,f2009,43
train/policy_gradient_loss,15872,-0.018628504127264023,f2009,43
train/policy_gradient_loss,16384,-0.01813482865691185,f2009,43
train/policy_gradient_loss,16896,-0.015972275286912918,f2009,43
train/policy_gradient_loss,17408,-0.01766756922006607,f2009,43
train/policy_gradient_loss,17920,-0.017805084586143494,f2009,43
train/std,1024,0.6040569543838501,f2009,43
train/std,1536,0.6015980839729309,f2009,43
train/std,2048,0.5999125838279724,f2009,43
train/std,2560,0.5952779650688171,f2009,43
train/std,3072,0.593319296836853,f2009,43
train/std,3584,0.5914794206619263,f2009,43
train/std,4096,0.5870936512947083,f2009,43
train/std,4608,0.5811081528663635,f2009,43
train/std,5120,0.5759378671646118,f2009,43
train/std,5632,0.5714731812477112,f2009,43
train/std,6144,0.5672410726547241,f2009,43
train/std,6656,0.5619529485702515,f2009,43
train/std,7168,0.5586559772491455,f2009,43
train/std,7680,0.5563910603523254,f2009,43
train/std,8192,0.5547416806221008,f2009,43
train/std,8704,0.5514670610427856,f2009,43
train/std,9216,0.5468961596488953,f2009,43
train/std,9728,0.5436756014823914,f2009,43
train/std,10240,0.5410475134849548,f2009,43
train/std,10752,0.5372748970985413,f2009,43
train/std,11264,0.532778799533844,f2009,43
train/std,11776,0.5283869504928589,f2009,43
train/std,12288,0.5256689786911011,f2009,43
train/std,12800,0.5234538912773132,f2009,43
train/std,13312,0.5200791358947754,f2009,43
train/std,13824,0.5157893896102905,f2009,43
train/std,14336,0.5130062103271484,f2009,43
train/std,14848,0.5120365023612976,f2009,43
train/std,15360,0.5108123421669006,f2009,43
train/std,15872,0.5081506967544556,f2009,43
train/std,16384,0.5051455497741699,f2009,43
train/std,16896,0.5022430419921875,f2009,43
train/std,17408,0.49898970127105713,f2009,43
train/std,17920,0.494892418384552,f2009,43
train/value_loss,1024,1.4641414880752563,f2009,43
train/value_loss,1536,1.1230905055999756,f2009,43
train/value_loss,2048,0.8147031664848328,f2009,43
train/value_loss,2560,0.6111348867416382,f2009,43
train/value_loss,3072,0.380054235458374,f2009,43
train/value_loss,3584,0.19717305898666382,f2009,43
train/value_loss,4096,0.06869622319936752,f2009,43
train/value_loss,4608,0.0377889983355999,f2009,43
train/value_loss,5120,0.02904376946389675,f2009,43
train/value_loss,5632,0.029125386849045753,f2009,43
train/value_loss,6144,0.02855241857469082,f2009,43
train/value_loss,6656,0.02342076599597931,f2009,43
train/value_loss,7168,0.024481486529111862,f2009,43
train/value_loss,7680,0.024019362404942513,f2009,43
train/value_loss,8192,0.02176862396299839,f2009,43
train/value_loss,8704,0.021919608116149902,f2009,43
train/value_loss,9216,0.01900354027748108,f2009,43
train/value_loss,9728,0.019053200259804726,f2009,43
train/value_loss,10240,0.023943806067109108,f2009,43
train/value_loss,10752,0.01746262237429619,f2009,43
train/value_loss,11264,0.018818333745002747,f2009,43
train/value_loss,11776,0.017637858167290688,f2009,43
train/value_loss,12288,0.01843043603003025,f2009,43
train/value_loss,12800,0.01661662757396698,f2009,43
train/value_loss,13312,0.019878482446074486,f2009,43
train/value_loss,13824,0.016665568575263023,f2009,43
train/value_loss,14336,0.012550029903650284,f2009,43
train/value_loss,14848,0.01605827361345291,f2009,43
train/value_loss,15360,0.016135219484567642,f2009,43
train/value_loss,15872,0.015187688171863556,f2009,43
train/value_loss,16384,0.01594013161957264,f2009,43
train/value_loss,16896,0.013791536912322044,f2009,43
train/value_loss,17408,0.012835441157221794,f2009,43
train/value_loss,17920,0.01418537087738514,f2009,43
rollout/ep_len_mean,512,1.0,f2009,44
rollout/ep_len_mean,1024,1.0,f2009,44
rollout/ep_len_mean,1536,1.0,f2009,44
rollout/ep_len_mean,2048,1.0,f2009,44
rollout/ep_len_mean,2560,1.0,f2009,44
rollout/ep_len_mean,3072,1.0,f2009,44
rollout/ep_len_mean,3584,1.0,f2009,44
rollout/ep_len_mean,4096,1.0,f2009,44
rollout/ep_len_mean,4608,1.0,f2009,44
rollout/ep_len_mean,5120,1.0,f2009,44
rollout/ep_len_mean,5632,1.0,f2009,44
rollout/ep_len_mean,6144,1.0,f2009,44
rollout/ep_len_mean,6656,1.0,f2009,44
rollout/ep_len_mean,7168,1.0,f2009,44
rollout/ep_len_mean,7680,1.0,f2009,44
rollout/ep_len_mean,8192,1.0,f2009,44
rollout/ep_len_mean,8704,1.0,f2009,44
rollout/ep_len_mean,9216,1.0,f2009,44
rollout/ep_len_mean,9728,1.0,f2009,44
rollout/ep_len_mean,10240,1.0,f2009,44
rollout/ep_len_mean,10752,1.0,f2009,44
rollout/ep_len_mean,11264,1.0,f2009,44
rollout/ep_len_mean,11776,1.0,f2009,44
rollout/ep_len_mean,12288,1.0,f2009,44
rollout/ep_len_mean,12800,1.0,f2009,44
rollout/ep_len_mean,13312,1.0,f2009,44
rollout/ep_len_mean,13824,1.0,f2009,44
rollout/ep_len_mean,14336,1.0,f2009,44
rollout/ep_len_mean,14848,1.0,f2009,44
rollout/ep_len_mean,15360,1.0,f2009,44
rollout/ep_len_mean,15872,1.0,f2009,44
rollout/ep_rew_mean,512,1.1447542905807495,f2009,44
rollout/ep_rew_mean,1024,1.1289474964141846,f2009,44
rollout/ep_rew_mean,1536,1.1491332054138184,f2009,44
rollout/ep_rew_mean,2048,1.1455856561660767,f2009,44
rollout/ep_rew_mean,2560,1.1520648002624512,f2009,44
rollout/ep_rew_mean,3072,1.1700273752212524,f2009,44
rollout/ep_rew_mean,3584,1.1387243270874023,f2009,44
rollout/ep_rew_mean,4096,1.1770533323287964,f2009,44
rollout/ep_rew_mean,4608,1.1707473993301392,f2009,44
rollout/ep_rew_mean,5120,1.1843739748001099,f2009,44
rollout/ep_rew_mean,5632,1.1531248092651367,f2009,44
rollout/ep_rew_mean,6144,1.155434250831604,f2009,44
rollout/ep_rew_mean,6656,1.1952041387557983,f2009,44
rollout/ep_rew_mean,7168,1.1957206726074219,f2009,44
rollout/ep_rew_mean,7680,1.1755887269973755,f2009,44
rollout/ep_rew_mean,8192,1.1670671701431274,f2009,44
rollout/ep_rew_mean,8704,1.206478238105774,f2009,44
rollout/ep_rew_mean,9216,1.2170445919036865,f2009,44
rollout/ep_rew_mean,9728,1.1652493476867676,f2009,44
rollout/ep_rew_mean,10240,1.1827051639556885,f2009,44
rollout/ep_rew_mean,10752,1.1886610984802246,f2009,44
rollout/ep_rew_mean,11264,1.1886059045791626,f2009,44
rollout/ep_rew_mean,11776,1.181173324584961,f2009,44
rollout/ep_rew_mean,12288,1.2136253118515015,f2009,44
rollout/ep_rew_mean,12800,1.1847137212753296,f2009,44
rollout/ep_rew_mean,13312,1.2098305225372314,f2009,44
rollout/ep_rew_mean,13824,1.2114382982254028,f2009,44
rollout/ep_rew_mean,14336,1.2077127695083618,f2009,44
rollout/ep_rew_mean,14848,1.207528829574585,f2009,44
rollout/ep_rew_mean,15360,1.2183417081832886,f2009,44
rollout/ep_rew_mean,15872,1.1910181045532227,f2009,44
time/fps,512,6.0,f2009,44
time/fps,1024,6.0,f2009,44
time/fps,1536,6.0,f2009,44
time/fps,2048,6.0,f2009,44
time/fps,2560,6.0,f2009,44
time/fps,3072,6.0,f2009,44
time/fps,3584,6.0,f2009,44
time/fps,4096,6.0,f2009,44
time/fps,4608,6.0,f2009,44
time/fps,5120,6.0,f2009,44
time/fps,5632,6.0,f2009,44
time/fps,6144,6.0,f2009,44
time/fps,6656,6.0,f2009,44
time/fps,7168,6.0,f2009,44
time/fps,7680,6.0,f2009,44
time/fps,8192,6.0,f2009,44
time/fps,8704,6.0,f2009,44
time/fps,9216,6.0,f2009,44
time/fps,9728,6.0,f2009,44
time/fps,10240,6.0,f2009,44
time/fps,10752,6.0,f2009,44
time/fps,11264,6.0,f2009,44
time/fps,11776,6.0,f2009,44
time/fps,12288,6.0,f2009,44
time/fps,12800,6.0,f2009,44
time/fps,13312,6.0,f2009,44
time/fps,13824,6.0,f2009,44
time/fps,14336,6.0,f2009,44
time/fps,14848,6.0,f2009,44
time/fps,15360,6.0,f2009,44
time/fps,15872,7.0,f2009,44
train/approx_kl,1024,0.005857572890818119,f2009,44
train/approx_kl,1536,0.006197962444275618,f2009,44
train/approx_kl,2048,0.007809211499989033,f2009,44
train/approx_kl,2560,0.008607115596532822,f2009,44
train/approx_kl,3072,0.010347118601202965,f2009,44
train/approx_kl,3584,0.009377085603773594,f2009,44
train/approx_kl,4096,0.01086786575615406,f2009,44
train/approx_kl,4608,0.01192103698849678,f2009,44
train/approx_kl,5120,0.012936083599925041,f2009,44
train/approx_kl,5632,0.012262950651347637,f2009,44
train/approx_kl,6144,0.013653778471052647,f2009,44
train/approx_kl,6656,0.00943656824529171,f2009,44
train/approx_kl,7168,0.010519104078412056,f2009,44
train/approx_kl,7680,0.008904775604605675,f2009,44
train/approx_kl,8192,0.010064201429486275,f2009,44
train/approx_kl,8704,0.01328682154417038,f2009,44
train/approx_kl,9216,0.012139694765210152,f2009,44
train/approx_kl,9728,0.011565899476408958,f2009,44
train/approx_kl,10240,0.009670319966971874,f2009,44
train/approx_kl,10752,0.00925539806485176,f2009,44
train/approx_kl,11264,0.00998882669955492,f2009,44
train/approx_kl,11776,0.011056207120418549,f2009,44
train/approx_kl,12288,0.008461268618702888,f2009,44
train/approx_kl,12800,0.008940240368247032,f2009,44
train/approx_kl,13312,0.011329017579555511,f2009,44
train/approx_kl,13824,0.010895965620875359,f2009,44
train/approx_kl,14336,0.011135382577776909,f2009,44
train/approx_kl,14848,0.013977903872728348,f2009,44
train/approx_kl,15360,0.010615887120366096,f2009,44
train/approx_kl,15872,0.014403650537133217,f2009,44
train/clip_fraction,1024,0.02011718787252903,f2009,44
train/clip_fraction,1536,0.02031249925494194,f2009,44
train/clip_fraction,2048,0.0390625,f2009,44
train/clip_fraction,2560,0.03769531100988388,f2009,44
train/clip_fraction,3072,0.05117187649011612,f2009,44
train/clip_fraction,3584,0.04433593899011612,f2009,44
train/clip_fraction,4096,0.05507812649011612,f2009,44
train/clip_fraction,4608,0.064453125,f2009,44
train/clip_fraction,5120,0.07109375298023224,f2009,44
train/clip_fraction,5632,0.0791015625,f2009,44
train/clip_fraction,6144,0.0849609375,f2009,44
train/clip_fraction,6656,0.052734375,f2009,44
train/clip_fraction,7168,0.0537109375,f2009,44
train/clip_fraction,7680,0.05585937574505806,f2009,44
train/clip_fraction,8192,0.06855468451976776,f2009,44
train/clip_fraction,8704,0.08535156399011612,f2009,44
train/clip_fraction,9216,0.06484375149011612,f2009,44
train/clip_fraction,9728,0.06875000149011612,f2009,44
train/clip_fraction,10240,0.05234374850988388,f2009,44
train/clip_fraction,10752,0.04042968899011612,f2009,44
train/clip_fraction,11264,0.06582031399011612,f2009,44
train/clip_fraction,11776,0.07695312798023224,f2009,44
train/clip_fraction,12288,0.03730468824505806,f2009,44
train/clip_fraction,12800,0.05078125,f2009,44
train/clip_fraction,13312,0.0654296875,f2009,44
train/clip_fraction,13824,0.080078125,f2009,44
train/clip_fraction,14336,0.08710937201976776,f2009,44
train/clip_fraction,14848,0.095703125,f2009,44
train/clip_fraction,15360,0.06328125298023224,f2009,44
train/clip_fraction,15872,0.10371093451976776,f2009,44
train/clip_range,1024,0.20000000298023224,f2009,44
train/clip_range,1536,0.20000000298023224,f2009,44
train/clip_range,2048,0.20000000298023224,f2009,44
train/clip_range,2560,0.20000000298023224,f2009,44
train/clip_range,3072,0.20000000298023224,f2009,44
train/clip_range,3584,0.20000000298023224,f2009,44
train/clip_range,4096,0.20000000298023224,f2009,44
train/clip_range,4608,0.20000000298023224,f2009,44
train/clip_range,5120,0.20000000298023224,f2009,44
train/clip_range,5632,0.20000000298023224,f2009,44
train/clip_range,6144,0.20000000298023224,f2009,44
train/clip_range,6656,0.20000000298023224,f2009,44
train/clip_range,7168,0.20000000298023224,f2009,44
train/clip_range,7680,0.20000000298023224,f2009,44
train/clip_range,8192,0.20000000298023224,f2009,44
train/clip_range,8704,0.20000000298023224,f2009,44
train/clip_range,9216,0.20000000298023224,f2009,44
train/clip_range,9728,0.20000000298023224,f2009,44
train/clip_range,10240,0.20000000298023224,f2009,44
train/clip_range,10752,0.20000000298023224,f2009,44
train/clip_range,11264,0.20000000298023224,f2009,44
train/clip_range,11776,0.20000000298023224,f2009,44
train/clip_range,12288,0.20000000298023224,f2009,44
train/clip_range,12800,0.20000000298023224,f2009,44
train/clip_range,13312,0.20000000298023224,f2009,44
train/clip_range,13824,0.20000000298023224,f2009,44
train/clip_range,14336,0.20000000298023224,f2009,44
train/clip_range,14848,0.20000000298023224,f2009,44
train/clip_range,15360,0.20000000298023224,f2009,44
train/clip_range,15872,0.20000000298023224,f2009,44
train/entropy_loss,1024,-3.674348831176758,f2009,44
train/entropy_loss,1536,-3.6663498878479004,f2009,44
train/entropy_loss,2048,-3.649423599243164,f2009,44
train/entropy_loss,2560,-3.6297004222869873,f2009,44
train/entropy_loss,3072,-3.6049981117248535,f2009,44
train/entropy_loss,3584,-3.5770955085754395,f2009,44
train/entropy_loss,4096,-3.5481793880462646,f2009,44
train/entropy_loss,4608,-3.5262725353240967,f2009,44
train/entropy_loss,5120,-3.5059428215026855,f2009,44
train/entropy_loss,5632,-3.4810268878936768,f2009,44
train/entropy_loss,6144,-3.455583095550537,f2009,44
train/entropy_loss,6656,-3.4419641494750977,f2009,44
train/entropy_loss,7168,-3.426358938217163,f2009,44
train/entropy_loss,7680,-3.4104015827178955,f2009,44
train/entropy_loss,8192,-3.38513445854187,f2009,44
train/entropy_loss,8704,-3.359194278717041,f2009,44
train/entropy_loss,9216,-3.3383677005767822,f2009,44
train/entropy_loss,9728,-3.3133978843688965,f2009,44
train/entropy_loss,10240,-3.2895987033843994,f2009,44
train/entropy_loss,10752,-3.266305923461914,f2009,44
train/entropy_loss,11264,-3.247375011444092,f2009,44
train/entropy_loss,11776,-3.2215306758880615,f2009,44
train/entropy_loss,12288,-3.1883530616760254,f2009,44
train/entropy_loss,12800,-3.160956621170044,f2009,44
train/entropy_loss,13312,-3.140137195587158,f2009,44
train/entropy_loss,13824,-3.121920347213745,f2009,44
train/entropy_loss,14336,-3.1016769409179688,f2009,44
train/entropy_loss,14848,-3.0848278999328613,f2009,44
train/entropy_loss,15360,-3.063194513320923,f2009,44
train/entropy_loss,15872,-3.0417869091033936,f2009,44
train/explained_variance,1024,-22.920955657958984,f2009,44
train/explained_variance,1536,-6.215053558349609,f2009,44
train/explained_variance,2048,-2.485079050064087,f2009,44
train/explained_variance,2560,-1.572730541229248,f2009,44
train/explained_variance,3072,-1.511972188949585,f2009,44
train/explained_variance,3584,-1.9861133098602295,f2009,44
train/explained_variance,4096,-1.803044080734253,f2009,44
train/explained_variance,4608,-1.5751330852508545,f2009,44
train/explained_variance,5120,-1.5464718341827393,f2009,44
train/explained_variance,5632,-1.225264310836792,f2009,44
train/explained_variance,6144,-1.0730798244476318,f2009,44
train/explained_variance,6656,-0.6612987518310547,f2009,44
train/explained_variance,7168,-0.5352129936218262,f2009,44
train/explained_variance,7680,-0.6789066791534424,f2009,44
train/explained_variance,8192,-0.5173438787460327,f2009,44
train/explained_variance,8704,-0.32245051860809326,f2009,44
train/explained_variance,9216,-0.6109905242919922,f2009,44
train/explained_variance,9728,-0.39037883281707764,f2009,44
train/explained_variance,10240,-0.2511482238769531,f2009,44
train/explained_variance,10752,0.06481420993804932,f2009,44
train/explained_variance,11264,-0.12619280815124512,f2009,44
train/explained_variance,11776,-0.01633167266845703,f2009,44
train/explained_variance,12288,-0.10956907272338867,f2009,44
train/explained_variance,12800,-0.20549547672271729,f2009,44
train/explained_variance,13312,-0.09795379638671875,f2009,44
train/explained_variance,13824,-0.2828714847564697,f2009,44
train/explained_variance,14336,0.09536439180374146,f2009,44
train/explained_variance,14848,-0.06559526920318604,f2009,44
train/explained_variance,15360,-0.062188148498535156,f2009,44
train/explained_variance,15872,-0.26313090324401855,f2009,44
train/learning_rate,1024,0.0003000000142492354,f2009,44
train/learning_rate,1536,0.0003000000142492354,f2009,44
train/learning_rate,2048,0.0003000000142492354,f2009,44
train/learning_rate,2560,0.0003000000142492354,f2009,44
train/learning_rate,3072,0.0003000000142492354,f2009,44
train/learning_rate,3584,0.0003000000142492354,f2009,44
train/learning_rate,4096,0.0003000000142492354,f2009,44
train/learning_rate,4608,0.0003000000142492354,f2009,44
train/learning_rate,5120,0.0003000000142492354,f2009,44
train/learning_rate,5632,0.0003000000142492354,f2009,44
train/learning_rate,6144,0.0003000000142492354,f2009,44
train/learning_rate,6656,0.0003000000142492354,f2009,44
train/learning_rate,7168,0.0003000000142492354,f2009,44
train/learning_rate,7680,0.0003000000142492354,f2009,44
train/learning_rate,8192,0.0003000000142492354,f2009,44
train/learning_rate,8704,0.0003000000142492354,f2009,44
train/learning_rate,9216,0.0003000000142492354,f2009,44
train/learning_rate,9728,0.0003000000142492354,f2009,44
train/learning_rate,10240,0.0003000000142492354,f2009,44
train/learning_rate,10752,0.0003000000142492354,f2009,44
train/learning_rate,11264,0.0003000000142492354,f2009,44
train/learning_rate,11776,0.0003000000142492354,f2009,44
train/learning_rate,12288,0.0003000000142492354,f2009,44
train/learning_rate,12800,0.0003000000142492354,f2009,44
train/learning_rate,13312,0.0003000000142492354,f2009,44
train/learning_rate,13824,0.0003000000142492354,f2009,44
train/learning_rate,14336,0.0003000000142492354,f2009,44
train/learning_rate,14848,0.0003000000142492354,f2009,44
train/learning_rate,15360,0.0003000000142492354,f2009,44
train/learning_rate,15872,0.0003000000142492354,f2009,44
train/loss,1024,0.62968909740448,f2009,44
train/loss,1536,0.38846781849861145,f2009,44
train/loss,2048,0.3172881305217743,f2009,44
train/loss,2560,0.21832574903964996,f2009,44
train/loss,3072,0.08586427569389343,f2009,44
train/loss,3584,0.025518424808979034,f2009,44
train/loss,4096,-0.010779909789562225,f2009,44
train/loss,4608,0.009417383000254631,f2009,44
train/loss,5120,-0.027480538934469223,f2009,44
train/loss,5632,-0.0069386642426252365,f2009,44
train/loss,6144,-0.02480185404419899,f2009,44
train/loss,6656,-0.00938335619866848,f2009,44
train/loss,7168,-0.010448278859257698,f2009,44
train/loss,7680,-0.016538072377443314,f2009,44
train/loss,8192,-0.02196303755044937,f2009,44
train/loss,8704,-0.03171365708112717,f2009,44
train/loss,9216,-0.014568445272743702,f2009,44
train/loss,9728,-0.018627431243658066,f2009,44
train/loss,10240,-0.007643191143870354,f2009,44
train/loss,10752,-0.008905760943889618,f2009,44
train/loss,11264,-0.013027110137045383,f2009,44
train/loss,11776,-0.015541667118668556,f2009,44
train/loss,12288,-0.011226430535316467,f2009,44
train/loss,12800,-0.008853677660226822,f2009,44
train/loss,13312,-0.027199018746614456,f2009,44
train/loss,13824,-0.03634098172187805,f2009,44
train/loss,14336,-0.028209729120135307,f2009,44
train/loss,14848,-0.009442981332540512,f2009,44
train/loss,15360,-0.03203772008419037,f2009,44
train/loss,15872,-0.033587902784347534,f2009,44
train/policy_gradient_loss,1024,-0.010649123229086399,f2009,44
train/policy_gradient_loss,1536,-0.01348317600786686,f2009,44
train/policy_gradient_loss,2048,-0.020487243309617043,f2009,44
train/policy_gradient_loss,2560,-0.02009904384613037,f2009,44
train/policy_gradient_loss,3072,-0.021718567237257957,f2009,44
train/policy_gradient_loss,3584,-0.018871081992983818,f2009,44
train/policy_gradient_loss,4096,-0.0221401359885931,f2009,44
train/policy_gradient_loss,4608,-0.021866178140044212,f2009,44
train/policy_gradient_loss,5120,-0.02322949469089508,f2009,44
train/policy_gradient_loss,5632,-0.023148074746131897,f2009,44
train/policy_gradient_loss,6144,-0.023506708443164825,f2009,44
train/policy_gradient_loss,6656,-0.01711263321340084,f2009,44
train/policy_gradient_loss,7168,-0.016836894676089287,f2009,44
train/policy_gradient_loss,7680,-0.016977932304143906,f2009,44
train/policy_gradient_loss,8192,-0.016836322844028473,f2009,44
train/policy_gradient_loss,8704,-0.020777150988578796,f2009,44
train/policy_gradient_loss,9216,-0.020308829843997955,f2009,44
train/policy_gradient_loss,9728,-0.018521156162023544,f2009,44
train/policy_gradient_loss,10240,-0.01503662671893835,f2009,44
train/policy_gradient_loss,10752,-0.014189377427101135,f2009,44
train/policy_gradient_loss,11264,-0.017494158819317818,f2009,44
train/policy_gradient_loss,11776,-0.01957680657505989,f2009,44
train/policy_gradient_loss,12288,-0.015726523473858833,f2009,44
train/policy_gradient_loss,12800,-0.014779522083699703,f2009,44
train/policy_gradient_loss,13312,-0.019174201413989067,f2009,44
train/policy_gradient_loss,13824,-0.02048497088253498,f2009,44
train/policy_gradient_loss,14336,-0.021644413471221924,f2009,44
train/policy_gradient_loss,14848,-0.02319283038377762,f2009,44
train/policy_gradient_loss,15360,-0.01673332042992115,f2009,44
train/policy_gradient_loss,15872,-0.022233594208955765,f2009,44
train/std,1024,0.6061035990715027,f2009,44
train/std,1536,0.6037699580192566,f2009,44
train/std,2048,0.6015385389328003,f2009,44
train/std,2560,0.5979057550430298,f2009,44
train/std,3072,0.5941433906555176,f2009,44
train/std,3584,0.5896149277687073,f2009,44
train/std,4096,0.5864169597625732,f2009,44
train/std,4608,0.5833378434181213,f2009,44
train/std,5120,0.5805986523628235,f2009,44
train/std,5632,0.5766353011131287,f2009,44
train/std,6144,0.5742157697677612,f2009,44
train/std,6656,0.5728370547294617,f2009,44
train/std,7168,0.5705276727676392,f2009,44
train/std,7680,0.5679636001586914,f2009,44
train/std,8192,0.5639752149581909,f2009,44
train/std,8704,0.5612130165100098,f2009,44
train/std,9216,0.55782151222229,f2009,44
train/std,9728,0.5549339652061462,f2009,44
train/std,10240,0.5512573719024658,f2009,44
train/std,10752,0.5485113263130188,f2009,44
train/std,11264,0.5460814833641052,f2009,44
train/std,11776,0.5418509244918823,f2009,44
train/std,12288,0.5376167297363281,f2009,44
train/std,12800,0.5347299575805664,f2009,44
train/std,13312,0.5326781272888184,f2009,44
train/std,13824,0.5300218462944031,f2009,44
train/std,14336,0.5283975601196289,f2009,44
train/std,14848,0.5260259509086609,f2009,44
train/std,15360,0.5234180688858032,f2009,44
train/std,15872,0.5204499363899231,f2009,44
train/value_loss,1024,1.5023895502090454,f2009,44
train/value_loss,1536,1.0238057374954224,f2009,44
train/value_loss,2048,0.8052964210510254,f2009,44
train/value_loss,2560,0.5945103764533997,f2009,44
train/value_loss,3072,0.38246238231658936,f2009,44
train/value_loss,3584,0.22083966434001923,f2009,44
train/value_loss,4096,0.09719239175319672,f2009,44
train/value_loss,4608,0.05812888592481613,f2009,44
train/value_loss,5120,0.03797457739710808,f2009,44
train/value_loss,5632,0.03743893280625343,f2009,44
train/value_loss,6144,0.03401300311088562,f2009,44
train/value_loss,6656,0.031232867389917374,f2009,44
train/value_loss,7168,0.030695464462041855,f2009,44
train/value_loss,7680,0.03157031163573265,f2009,44
train/value_loss,8192,0.029020845890045166,f2009,44
train/value_loss,8704,0.025326067581772804,f2009,44
train/value_loss,9216,0.028707122430205345,f2009,44
train/value_loss,9728,0.023677919059991837,f2009,44
train/value_loss,10240,0.024277271702885628,f2009,44
train/value_loss,10752,0.020911766216158867,f2009,44
train/value_loss,11264,0.022280994802713394,f2009,44
train/value_loss,11776,0.02207840234041214,f2009,44
train/value_loss,12288,0.020293820649385452,f2009,44
train/value_loss,12800,0.01732752099633217,f2009,44
train/value_loss,13312,0.020710887387394905,f2009,44
train/value_loss,13824,0.017233332619071007,f2009,44
train/value_loss,14336,0.017277760431170464,f2009,44
train/value_loss,14848,0.01787550374865532,f2009,44
train/value_loss,15360,0.018473060801625252,f2009,44
train/value_loss,15872,0.019183877855539322,f2009,44
rollout/ep_len_mean,512,1.0,f2009,45
rollout/ep_len_mean,1024,1.0,f2009,45
rollout/ep_len_mean,1536,1.0,f2009,45
rollout/ep_len_mean,2048,1.0,f2009,45
rollout/ep_len_mean,2560,1.0,f2009,45
rollout/ep_len_mean,3072,1.0,f2009,45
rollout/ep_len_mean,3584,1.0,f2009,45
rollout/ep_len_mean,4096,1.0,f2009,45
rollout/ep_len_mean,4608,1.0,f2009,45
rollout/ep_len_mean,5120,1.0,f2009,45
rollout/ep_len_mean,5632,1.0,f2009,45
rollout/ep_len_mean,6144,1.0,f2009,45
rollout/ep_len_mean,6656,1.0,f2009,45
rollout/ep_len_mean,7168,1.0,f2009,45
rollout/ep_len_mean,7680,1.0,f2009,45
rollout/ep_len_mean,8192,1.0,f2009,45
rollout/ep_len_mean,8704,1.0,f2009,45
rollout/ep_len_mean,9216,1.0,f2009,45
rollout/ep_len_mean,9728,1.0,f2009,45
rollout/ep_len_mean,10240,1.0,f2009,45
rollout/ep_len_mean,10752,1.0,f2009,45
rollout/ep_len_mean,11264,1.0,f2009,45
rollout/ep_len_mean,11776,1.0,f2009,45
rollout/ep_len_mean,12288,1.0,f2009,45
rollout/ep_len_mean,12800,1.0,f2009,45
rollout/ep_len_mean,13312,1.0,f2009,45
rollout/ep_len_mean,13824,1.0,f2009,45
rollout/ep_rew_mean,512,1.139290452003479,f2009,45
rollout/ep_rew_mean,1024,1.1148302555084229,f2009,45
rollout/ep_rew_mean,1536,1.1540690660476685,f2009,45
rollout/ep_rew_mean,2048,1.165499210357666,f2009,45
rollout/ep_rew_mean,2560,1.1482055187225342,f2009,45
rollout/ep_rew_mean,3072,1.1686004400253296,f2009,45
rollout/ep_rew_mean,3584,1.156813383102417,f2009,45
rollout/ep_rew_mean,4096,1.1783208847045898,f2009,45
rollout/ep_rew_mean,4608,1.1570987701416016,f2009,45
rollout/ep_rew_mean,5120,1.183173656463623,f2009,45
rollout/ep_rew_mean,5632,1.143762230873108,f2009,45
rollout/ep_rew_mean,6144,1.1394343376159668,f2009,45
rollout/ep_rew_mean,6656,1.1769342422485352,f2009,45
rollout/ep_rew_mean,7168,1.1770551204681396,f2009,45
rollout/ep_rew_mean,7680,1.159446358680725,f2009,45
rollout/ep_rew_mean,8192,1.1764520406723022,f2009,45
rollout/ep_rew_mean,8704,1.2120962142944336,f2009,45
rollout/ep_rew_mean,9216,1.2052950859069824,f2009,45
rollout/ep_rew_mean,9728,1.173474907875061,f2009,45
rollout/ep_rew_mean,10240,1.183205246925354,f2009,45
rollout/ep_rew_mean,10752,1.209069848060608,f2009,45
rollout/ep_rew_mean,11264,1.1852617263793945,f2009,45
rollout/ep_rew_mean,11776,1.1938295364379883,f2009,45
rollout/ep_rew_mean,12288,1.2173608541488647,f2009,45
rollout/ep_rew_mean,12800,1.1986939907073975,f2009,45
rollout/ep_rew_mean,13312,1.2014387845993042,f2009,45
rollout/ep_rew_mean,13824,1.1944248676300049,f2009,45
time/fps,512,5.0,f2009,45
time/fps,1024,5.0,f2009,45
time/fps,1536,5.0,f2009,45
time/fps,2048,5.0,f2009,45
time/fps,2560,5.0,f2009,45
time/fps,3072,5.0,f2009,45
time/fps,3584,5.0,f2009,45
time/fps,4096,5.0,f2009,45
time/fps,4608,5.0,f2009,45
time/fps,5120,5.0,f2009,45
time/fps,5632,5.0,f2009,45
time/fps,6144,5.0,f2009,45
time/fps,6656,5.0,f2009,45
time/fps,7168,5.0,f2009,45
time/fps,7680,5.0,f2009,45
time/fps,8192,5.0,f2009,45
time/fps,8704,5.0,f2009,45
time/fps,9216,5.0,f2009,45
time/fps,9728,5.0,f2009,45
time/fps,10240,5.0,f2009,45
time/fps,10752,6.0,f2009,45
time/fps,11264,6.0,f2009,45
time/fps,11776,6.0,f2009,45
time/fps,12288,6.0,f2009,45
time/fps,12800,6.0,f2009,45
time/fps,13312,6.0,f2009,45
time/fps,13824,6.0,f2009,45
train/approx_kl,1024,0.0054010492749512196,f2009,45
train/approx_kl,1536,0.006971659604460001,f2009,45
train/approx_kl,2048,0.008222239091992378,f2009,45
train/approx_kl,2560,0.006396442651748657,f2009,45
train/approx_kl,3072,0.009936254471540451,f2009,45
train/approx_kl,3584,0.014643057249486446,f2009,45
train/approx_kl,4096,0.014046580530703068,f2009,45
train/approx_kl,4608,0.014305774122476578,f2009,45
train/approx_kl,5120,0.01327425055205822,f2009,45
train/approx_kl,5632,0.010579412803053856,f2009,45
train/approx_kl,6144,0.00896761380136013,f2009,45
train/approx_kl,6656,0.007746868766844273,f2009,45
train/approx_kl,7168,0.011941269040107727,f2009,45
train/approx_kl,7680,0.01095899473875761,f2009,45
train/approx_kl,8192,0.010044675320386887,f2009,45
train/approx_kl,8704,0.010941654443740845,f2009,45
train/approx_kl,9216,0.009356554597616196,f2009,45
train/approx_kl,9728,0.013814834877848625,f2009,45
train/approx_kl,10240,0.011427787132561207,f2009,45
train/approx_kl,10752,0.014300208538770676,f2009,45
train/approx_kl,11264,0.00852224137634039,f2009,45
train/approx_kl,11776,0.012719042599201202,f2009,45
train/approx_kl,12288,0.011573328636586666,f2009,45
train/approx_kl,12800,0.0138252479955554,f2009,45
train/approx_kl,13312,0.010298232547938824,f2009,45
train/approx_kl,13824,0.008999144658446312,f2009,45
train/clip_fraction,1024,0.01601562462747097,f2009,45
train/clip_fraction,1536,0.02109375037252903,f2009,45
train/clip_fraction,2048,0.04082031175494194,f2009,45
train/clip_fraction,2560,0.017578125,f2009,45
train/clip_fraction,3072,0.04335937649011612,f2009,45
train/clip_fraction,3584,0.07500000298023224,f2009,45
train/clip_fraction,4096,0.08046875149011612,f2009,45
train/clip_fraction,4608,0.08964844048023224,f2009,45
train/clip_fraction,5120,0.083984375,f2009,45
train/clip_fraction,5632,0.060546875,f2009,45
train/clip_fraction,6144,0.05058593675494194,f2009,45
train/clip_fraction,6656,0.0380859375,f2009,45
train/clip_fraction,7168,0.07363281399011612,f2009,45
train/clip_fraction,7680,0.05996093899011612,f2009,45
train/clip_fraction,8192,0.06425781548023224,f2009,45
train/clip_fraction,8704,0.0654296875,f2009,45
train/clip_fraction,9216,0.05527343600988388,f2009,45
train/clip_fraction,9728,0.08378906548023224,f2009,45
train/clip_fraction,10240,0.07460937649011612,f2009,45
train/clip_fraction,10752,0.06621094048023224,f2009,45
train/clip_fraction,11264,0.04453124850988388,f2009,45
train/clip_fraction,11776,0.09492187201976776,f2009,45
train/clip_fraction,12288,0.06816406548023224,f2009,45
train/clip_fraction,12800,0.0986328125,f2009,45
train/clip_fraction,13312,0.06308593600988388,f2009,45
train/clip_fraction,13824,0.052734375,f2009,45
train/clip_range,1024,0.20000000298023224,f2009,45
train/clip_range,1536,0.20000000298023224,f2009,45
train/clip_range,2048,0.20000000298023224,f2009,45
train/clip_range,2560,0.20000000298023224,f2009,45
train/clip_range,3072,0.20000000298023224,f2009,45
train/clip_range,3584,0.20000000298023224,f2009,45
train/clip_range,4096,0.20000000298023224,f2009,45
train/clip_range,4608,0.20000000298023224,f2009,45
train/clip_range,5120,0.20000000298023224,f2009,45
train/clip_range,5632,0.20000000298023224,f2009,45
train/clip_range,6144,0.20000000298023224,f2009,45
train/clip_range,6656,0.20000000298023224,f2009,45
train/clip_range,7168,0.20000000298023224,f2009,45
train/clip_range,7680,0.20000000298023224,f2009,45
train/clip_range,8192,0.20000000298023224,f2009,45
train/clip_range,8704,0.20000000298023224,f2009,45
train/clip_range,9216,0.20000000298023224,f2009,45
train/clip_range,9728,0.20000000298023224,f2009,45
train/clip_range,10240,0.20000000298023224,f2009,45
train/clip_range,10752,0.20000000298023224,f2009,45
train/clip_range,11264,0.20000000298023224,f2009,45
train/clip_range,11776,0.20000000298023224,f2009,45
train/clip_range,12288,0.20000000298023224,f2009,45
train/clip_range,12800,0.20000000298023224,f2009,45
train/clip_range,13312,0.20000000298023224,f2009,45
train/clip_range,13824,0.20000000298023224,f2009,45
train/entropy_loss,1024,-3.6696741580963135,f2009,45
train/entropy_loss,1536,-3.6505486965179443,f2009,45
train/entropy_loss,2048,-3.623244285583496,f2009,45
train/entropy_loss,2560,-3.6007232666015625,f2009,45
train/entropy_loss,3072,-3.571028709411621,f2009,45
train/entropy_loss,3584,-3.5521132946014404,f2009,45
train/entropy_loss,4096,-3.5242724418640137,f2009,45
train/entropy_loss,4608,-3.4943034648895264,f2009,45
train/entropy_loss,5120,-3.4648048877716064,f2009,45
train/entropy_loss,5632,-3.4318931102752686,f2009,45
train/entropy_loss,6144,-3.4015276432037354,f2009,45
train/entropy_loss,6656,-3.376108169555664,f2009,45
train/entropy_loss,7168,-3.346595287322998,f2009,45
train/entropy_loss,7680,-3.311555862426758,f2009,45
train/entropy_loss,8192,-3.2880148887634277,f2009,45
train/entropy_loss,8704,-3.268078327178955,f2009,45
train/entropy_loss,9216,-3.2503809928894043,f2009,45
train/entropy_loss,9728,-3.2373483180999756,f2009,45
train/entropy_loss,10240,-3.2202274799346924,f2009,45
train/entropy_loss,10752,-3.1981022357940674,f2009,45
train/entropy_loss,11264,-3.170912504196167,f2009,45
train/entropy_loss,11776,-3.14581561088562,f2009,45
train/entropy_loss,12288,-3.124671459197998,f2009,45
train/entropy_loss,12800,-3.0985400676727295,f2009,45
train/entropy_loss,13312,-3.0870819091796875,f2009,45
train/entropy_loss,13824,-3.0736286640167236,f2009,45
train/explained_variance,1024,-9.5585298538208,f2009,45
train/explained_variance,1536,-2.5920448303222656,f2009,45
train/explained_variance,2048,-0.8221167325973511,f2009,45
train/explained_variance,2560,-1.2202672958374023,f2009,45
train/explained_variance,3072,-2.2191226482391357,f2009,45
train/explained_variance,3584,-1.4741950035095215,f2009,45
train/explained_variance,4096,-1.6664087772369385,f2009,45
train/explained_variance,4608,-1.7681491374969482,f2009,45
train/explained_variance,5120,-1.2739355564117432,f2009,45
train/explained_variance,5632,-0.7516977787017822,f2009,45
train/explained_variance,6144,-0.792845606803894,f2009,45
train/explained_variance,6656,-0.7311766147613525,f2009,45
train/explained_variance,7168,-0.7290463447570801,f2009,45
train/explained_variance,7680,-0.35287296772003174,f2009,45
train/explained_variance,8192,-0.43384110927581787,f2009,45
train/explained_variance,8704,-0.4833112955093384,f2009,45
train/explained_variance,9216,-0.6134810447692871,f2009,45
train/explained_variance,9728,-0.3584359884262085,f2009,45
train/explained_variance,10240,-0.17942309379577637,f2009,45
train/explained_variance,10752,-0.38995182514190674,f2009,45
train/explained_variance,11264,-0.3143792152404785,f2009,45
train/explained_variance,11776,-0.1257873773574829,f2009,45
train/explained_variance,12288,-0.3360004425048828,f2009,45
train/explained_variance,12800,-0.17884862422943115,f2009,45
train/explained_variance,13312,-0.30140888690948486,f2009,45
train/explained_variance,13824,-0.21460843086242676,f2009,45
train/learning_rate,1024,0.0003000000142492354,f2009,45
train/learning_rate,1536,0.0003000000142492354,f2009,45
train/learning_rate,2048,0.0003000000142492354,f2009,45
train/learning_rate,2560,0.0003000000142492354,f2009,45
train/learning_rate,3072,0.0003000000142492354,f2009,45
train/learning_rate,3584,0.0003000000142492354,f2009,45
train/learning_rate,4096,0.0003000000142492354,f2009,45
train/learning_rate,4608,0.0003000000142492354,f2009,45
train/learning_rate,5120,0.0003000000142492354,f2009,45
train/learning_rate,5632,0.0003000000142492354,f2009,45
train/learning_rate,6144,0.0003000000142492354,f2009,45
train/learning_rate,6656,0.0003000000142492354,f2009,45
train/learning_rate,7168,0.0003000000142492354,f2009,45
train/learning_rate,7680,0.0003000000142492354,f2009,45
train/learning_rate,8192,0.0003000000142492354,f2009,45
train/learning_rate,8704,0.0003000000142492354,f2009,45
train/learning_rate,9216,0.0003000000142492354,f2009,45
train/learning_rate,9728,0.0003000000142492354,f2009,45
train/learning_rate,10240,0.0003000000142492354,f2009,45
train/learning_rate,10752,0.0003000000142492354,f2009,45
train/learning_rate,11264,0.0003000000142492354,f2009,45
train/learning_rate,11776,0.0003000000142492354,f2009,45
train/learning_rate,12288,0.0003000000142492354,f2009,45
train/learning_rate,12800,0.0003000000142492354,f2009,45
train/learning_rate,13312,0.0003000000142492354,f2009,45
train/learning_rate,13824,0.0003000000142492354,f2009,45
train/loss,1024,0.5975762605667114,f2009,45
train/loss,1536,0.4137116074562073,f2009,45
train/loss,2048,0.29684683680534363,f2009,45
train/loss,2560,0.14659525454044342,f2009,45
train/loss,3072,0.0903254896402359,f2009,45
train/loss,3584,0.011547170579433441,f2009,45
train/loss,4096,0.0003378894180059433,f2009,45
train/loss,4608,-0.01588544435799122,f2009,45
train/loss,5120,-0.011887341737747192,f2009,45
train/loss,5632,-0.006859639659523964,f2009,45
train/loss,6144,0.010262871161103249,f2009,45
train/loss,6656,-0.013664785772562027,f2009,45
train/loss,7168,-0.03135523200035095,f2009,45
train/loss,7680,-0.017785124480724335,f2009,45
train/loss,8192,-0.017525775358080864,f2009,45
train/loss,8704,-0.027795638889074326,f2009,45
train/loss,9216,-0.005383565090596676,f2009,45
train/loss,9728,-0.023860562592744827,f2009,45
train/loss,10240,-0.022588957101106644,f2009,45
train/loss,10752,-0.018385257571935654,f2009,45
train/loss,11264,-0.018388785421848297,f2009,45
train/loss,11776,-0.014355582185089588,f2009,45
train/loss,12288,-0.016635622829198837,f2009,45
train/loss,12800,-0.025290679186582565,f2009,45
train/loss,13312,-0.023735929280519485,f2009,45
train/loss,13824,-0.013767707161605358,f2009,45
train/policy_gradient_loss,1024,-0.011110384948551655,f2009,45
train/policy_gradient_loss,1536,-0.01662842556834221,f2009,45
train/policy_gradient_loss,2048,-0.019100822508335114,f2009,45
train/policy_gradient_loss,2560,-0.017458533868193626,f2009,45
train/policy_gradient_loss,3072,-0.023000869899988174,f2009,45
train/policy_gradient_loss,3584,-0.020079879090189934,f2009,45
train/policy_gradient_loss,4096,-0.02111850306391716,f2009,45
train/policy_gradient_loss,4608,-0.020311232656240463,f2009,45
train/policy_gradient_loss,5120,-0.02246609702706337,f2009,45
train/policy_gradient_loss,5632,-0.01966235414147377,f2009,45
train/policy_gradient_loss,6144,-0.014859232120215893,f2009,45
train/policy_gradient_loss,6656,-0.013376088812947273,f2009,45
train/policy_gradient_loss,7168,-0.020471764728426933,f2009,45
train/policy_gradient_loss,7680,-0.017310213297605515,f2009,45
train/policy_gradient_loss,8192,-0.015887679532170296,f2009,45
train/policy_gradient_loss,8704,-0.01789267174899578,f2009,45
train/policy_gradient_loss,9216,-0.012817979790270329,f2009,45
train/policy_gradient_loss,9728,-0.020370377227663994,f2009,45
train/policy_gradient_loss,10240,-0.014804886654019356,f2009,45
train/policy_gradient_loss,10752,-0.02189711667597294,f2009,45
train/policy_gradient_loss,11264,-0.015218369662761688,f2009,45
train/policy_gradient_loss,11776,-0.01989682950079441,f2009,45
train/policy_gradient_loss,12288,-0.020022764801979065,f2009,45
train/policy_gradient_loss,12800,-0.017704391852021217,f2009,45
train/policy_gradient_loss,13312,-0.01688237674534321,f2009,45
train/policy_gradient_loss,13824,-0.013628209009766579,f2009,45
train/std,1024,0.6048024892807007,f2009,45
train/std,1536,0.6002659797668457,f2009,45
train/std,2048,0.5972602963447571,f2009,45
train/std,2560,0.5928058624267578,f2009,45
train/std,3072,0.5895566940307617,f2009,45
train/std,3584,0.5866020917892456,f2009,45
train/std,4096,0.5818246006965637,f2009,45
train/std,4608,0.5780572891235352,f2009,45
train/std,5120,0.5735058188438416,f2009,45
train/std,5632,0.5686836242675781,f2009,45
train/std,6144,0.5653916597366333,f2009,45
train/std,6656,0.5617892742156982,f2009,45
train/std,7168,0.557033121585846,f2009,45
train/std,7680,0.5527579188346863,f2009,45
train/std,8192,0.5507303476333618,f2009,45
train/std,8704,0.5477473139762878,f2009,45
train/std,9216,0.5463884472846985,f2009,45
train/std,9728,0.5446155667304993,f2009,45
train/std,10240,0.5418746471405029,f2009,45
train/std,10752,0.5388333797454834,f2009,45
train/std,11264,0.534861147403717,f2009,45
train/std,11776,0.5326414108276367,f2009,45
train/std,12288,0.5290083289146423,f2009,45
train/std,12800,0.5267995595932007,f2009,45
train/std,13312,0.5263938307762146,f2009,45
train/std,13824,0.5230606198310852,f2009,45
train/value_loss,1024,1.3715437650680542,f2009,45
train/value_loss,1536,1.0393264293670654,f2009,45
train/value_loss,2048,0.7689954042434692,f2009,45
train/value_loss,2560,0.5212104916572571,f2009,45
train/value_loss,3072,0.32844671607017517,f2009,45
train/value_loss,3584,0.14625366032123566,f2009,45
train/value_loss,4096,0.06171680986881256,f2009,45
train/value_loss,4608,0.03974736109375954,f2009,45
train/value_loss,5120,0.0406200997531414,f2009,45
train/value_loss,5632,0.036847591400146484,f2009,45
train/value_loss,6144,0.03588148206472397,f2009,45
train/value_loss,6656,0.03706533834338188,f2009,45
train/value_loss,7168,0.0313027985394001,f2009,45
train/value_loss,7680,0.029752781614661217,f2009,45
train/value_loss,8192,0.0286011453717947,f2009,45
train/value_loss,8704,0.02807743474841118,f2009,45
train/value_loss,9216,0.02449050545692444,f2009,45
train/value_loss,9728,0.022454893216490746,f2009,45
train/value_loss,10240,0.024572797119617462,f2009,45
train/value_loss,10752,0.02392287738621235,f2009,45
train/value_loss,11264,0.022421665489673615,f2009,45
train/value_loss,11776,0.02014544978737831,f2009,45
train/value_loss,12288,0.02358279377222061,f2009,45
train/value_loss,12800,0.017327506095170975,f2009,45
train/value_loss,13312,0.023136954754590988,f2009,45
train/value_loss,13824,0.019119853153824806,f2009,45
rollout/ep_len_mean,512,1.0,f2009,46
rollout/ep_len_mean,1024,1.0,f2009,46
rollout/ep_len_mean,1536,1.0,f2009,46
rollout/ep_len_mean,2048,1.0,f2009,46
rollout/ep_len_mean,2560,1.0,f2009,46
rollout/ep_len_mean,3072,1.0,f2009,46
rollout/ep_len_mean,3584,1.0,f2009,46
rollout/ep_len_mean,4096,1.0,f2009,46
rollout/ep_len_mean,4608,1.0,f2009,46
rollout/ep_len_mean,5120,1.0,f2009,46
rollout/ep_len_mean,5632,1.0,f2009,46
rollout/ep_len_mean,6144,1.0,f2009,46
rollout/ep_len_mean,6656,1.0,f2009,46
rollout/ep_len_mean,7168,1.0,f2009,46
rollout/ep_len_mean,7680,1.0,f2009,46
rollout/ep_len_mean,8192,1.0,f2009,46
rollout/ep_len_mean,8704,1.0,f2009,46
rollout/ep_len_mean,9216,1.0,f2009,46
rollout/ep_len_mean,9728,1.0,f2009,46
rollout/ep_len_mean,10240,1.0,f2009,46
rollout/ep_len_mean,10752,1.0,f2009,46
rollout/ep_len_mean,11264,1.0,f2009,46
rollout/ep_len_mean,11776,1.0,f2009,46
rollout/ep_len_mean,12288,1.0,f2009,46
rollout/ep_len_mean,12800,1.0,f2009,46
rollout/ep_len_mean,13312,1.0,f2009,46
rollout/ep_len_mean,13824,1.0,f2009,46
rollout/ep_len_mean,14336,1.0,f2009,46
rollout/ep_len_mean,14848,1.0,f2009,46
rollout/ep_len_mean,15360,1.0,f2009,46
rollout/ep_len_mean,15872,1.0,f2009,46
rollout/ep_rew_mean,512,1.130387783050537,f2009,46
rollout/ep_rew_mean,1024,1.1422524452209473,f2009,46
rollout/ep_rew_mean,1536,1.155272364616394,f2009,46
rollout/ep_rew_mean,2048,1.1230727434158325,f2009,46
rollout/ep_rew_mean,2560,1.1661593914031982,f2009,46
rollout/ep_rew_mean,3072,1.1294208765029907,f2009,46
rollout/ep_rew_mean,3584,1.1490229368209839,f2009,46
rollout/ep_rew_mean,4096,1.1773827075958252,f2009,46
rollout/ep_rew_mean,4608,1.168875813484192,f2009,46
rollout/ep_rew_mean,5120,1.1744303703308105,f2009,46
rollout/ep_rew_mean,5632,1.1540875434875488,f2009,46
rollout/ep_rew_mean,6144,1.1406357288360596,f2009,46
rollout/ep_rew_mean,6656,1.148741602897644,f2009,46
rollout/ep_rew_mean,7168,1.1693179607391357,f2009,46
rollout/ep_rew_mean,7680,1.1572257280349731,f2009,46
rollout/ep_rew_mean,8192,1.1649729013442993,f2009,46
rollout/ep_rew_mean,8704,1.1754118204116821,f2009,46
rollout/ep_rew_mean,9216,1.2012945413589478,f2009,46
rollout/ep_rew_mean,9728,1.1600266695022583,f2009,46
rollout/ep_rew_mean,10240,1.1878329515457153,f2009,46
rollout/ep_rew_mean,10752,1.1882637739181519,f2009,46
rollout/ep_rew_mean,11264,1.1857247352600098,f2009,46
rollout/ep_rew_mean,11776,1.1986280679702759,f2009,46
rollout/ep_rew_mean,12288,1.2268941402435303,f2009,46
rollout/ep_rew_mean,12800,1.178585410118103,f2009,46
rollout/ep_rew_mean,13312,1.2041977643966675,f2009,46
rollout/ep_rew_mean,13824,1.2041751146316528,f2009,46
rollout/ep_rew_mean,14336,1.2063825130462646,f2009,46
rollout/ep_rew_mean,14848,1.18406081199646,f2009,46
rollout/ep_rew_mean,15360,1.212338924407959,f2009,46
rollout/ep_rew_mean,15872,1.1805295944213867,f2009,46
time/fps,512,6.0,f2009,46
time/fps,1024,5.0,f2009,46
time/fps,1536,5.0,f2009,46
time/fps,2048,5.0,f2009,46
time/fps,2560,5.0,f2009,46
time/fps,3072,5.0,f2009,46
time/fps,3584,5.0,f2009,46
time/fps,4096,5.0,f2009,46
time/fps,4608,5.0,f2009,46
time/fps,5120,5.0,f2009,46
time/fps,5632,5.0,f2009,46
time/fps,6144,5.0,f2009,46
time/fps,6656,5.0,f2009,46
time/fps,7168,5.0,f2009,46
time/fps,7680,5.0,f2009,46
time/fps,8192,5.0,f2009,46
time/fps,8704,6.0,f2009,46
time/fps,9216,6.0,f2009,46
time/fps,9728,6.0,f2009,46
time/fps,10240,6.0,f2009,46
time/fps,10752,6.0,f2009,46
time/fps,11264,6.0,f2009,46
time/fps,11776,6.0,f2009,46
time/fps,12288,6.0,f2009,46
time/fps,12800,6.0,f2009,46
time/fps,13312,6.0,f2009,46
time/fps,13824,6.0,f2009,46
time/fps,14336,6.0,f2009,46
time/fps,14848,6.0,f2009,46
time/fps,15360,6.0,f2009,46
time/fps,15872,6.0,f2009,46
train/approx_kl,1024,0.00720635149627924,f2009,46
train/approx_kl,1536,0.0056866127997636795,f2009,46
train/approx_kl,2048,0.0076682185754179955,f2009,46
train/approx_kl,2560,0.006533179897814989,f2009,46
train/approx_kl,3072,0.007978814654052258,f2009,46
train/approx_kl,3584,0.012428403832018375,f2009,46
train/approx_kl,4096,0.012487252242863178,f2009,46
train/approx_kl,4608,0.010239561088383198,f2009,46
train/approx_kl,5120,0.015055675990879536,f2009,46
train/approx_kl,5632,0.012156568467617035,f2009,46
train/approx_kl,6144,0.014312244020402431,f2009,46
train/approx_kl,6656,0.014930358156561852,f2009,46
train/approx_kl,7168,0.011645333841443062,f2009,46
train/approx_kl,7680,0.014359565451741219,f2009,46
train/approx_kl,8192,0.012476705014705658,f2009,46
train/approx_kl,8704,0.01482769101858139,f2009,46
train/approx_kl,9216,0.010960491374135017,f2009,46
train/approx_kl,9728,0.008315371349453926,f2009,46
train/approx_kl,10240,0.013187715783715248,f2009,46
train/approx_kl,10752,0.015294373035430908,f2009,46
train/approx_kl,11264,0.009169526398181915,f2009,46
train/approx_kl,11776,0.006921146064996719,f2009,46
train/approx_kl,12288,0.012920563109219074,f2009,46
train/approx_kl,12800,0.010324828326702118,f2009,46
train/approx_kl,13312,0.012973794713616371,f2009,46
train/approx_kl,13824,0.013919034041464329,f2009,46
train/approx_kl,14336,0.012682938948273659,f2009,46
train/approx_kl,14848,0.01139131374657154,f2009,46
train/approx_kl,15360,0.009750869125127792,f2009,46
train/approx_kl,15872,0.012068236246705055,f2009,46
train/clip_fraction,1024,0.03046875074505806,f2009,46
train/clip_fraction,1536,0.014843749813735485,f2009,46
train/clip_fraction,2048,0.02871093712747097,f2009,46
train/clip_fraction,2560,0.02207031287252903,f2009,46
train/clip_fraction,3072,0.0380859375,f2009,46
train/clip_fraction,3584,0.0634765625,f2009,46
train/clip_fraction,4096,0.07089843600988388,f2009,46
train/clip_fraction,4608,0.05859375,f2009,46
train/clip_fraction,5120,0.09121093899011612,f2009,46
train/clip_fraction,5632,0.08222655951976776,f2009,46
train/clip_fraction,6144,0.08144531399011612,f2009,46
train/clip_fraction,6656,0.08183594048023224,f2009,46
train/clip_fraction,7168,0.06718750298023224,f2009,46
train/clip_fraction,7680,0.09589843451976776,f2009,46
train/clip_fraction,8192,0.08144531399011612,f2009,46
train/clip_fraction,8704,0.11601562798023224,f2009,46
train/clip_fraction,9216,0.078125,f2009,46
train/clip_fraction,9728,0.04374999925494194,f2009,46
train/clip_fraction,10240,0.0986328125,f2009,46
train/clip_fraction,10752,0.10781250149011612,f2009,46
train/clip_fraction,11264,0.04335937649011612,f2009,46
train/clip_fraction,11776,0.03085937537252903,f2009,46
train/clip_fraction,12288,0.0859375,f2009,46
train/clip_fraction,12800,0.06308593600988388,f2009,46
train/clip_fraction,13312,0.07011719048023224,f2009,46
train/clip_fraction,13824,0.10390625149011612,f2009,46
train/clip_fraction,14336,0.09101562201976776,f2009,46
train/clip_fraction,14848,0.08574219048023224,f2009,46
train/clip_fraction,15360,0.05214843899011612,f2009,46
train/clip_fraction,15872,0.107421875,f2009,46
train/clip_range,1024,0.20000000298023224,f2009,46
train/clip_range,1536,0.20000000298023224,f2009,46
train/clip_range,2048,0.20000000298023224,f2009,46
train/clip_range,2560,0.20000000298023224,f2009,46
train/clip_range,3072,0.20000000298023224,f2009,46
train/clip_range,3584,0.20000000298023224,f2009,46
train/clip_range,4096,0.20000000298023224,f2009,46
train/clip_range,4608,0.20000000298023224,f2009,46
train/clip_range,5120,0.20000000298023224,f2009,46
train/clip_range,5632,0.20000000298023224,f2009,46
train/clip_range,6144,0.20000000298023224,f2009,46
train/clip_range,6656,0.20000000298023224,f2009,46
train/clip_range,7168,0.20000000298023224,f2009,46
train/clip_range,7680,0.20000000298023224,f2009,46
train/clip_range,8192,0.20000000298023224,f2009,46
train/clip_range,8704,0.20000000298023224,f2009,46
train/clip_range,9216,0.20000000298023224,f2009,46
train/clip_range,9728,0.20000000298023224,f2009,46
train/clip_range,10240,0.20000000298023224,f2009,46
train/clip_range,10752,0.20000000298023224,f2009,46
train/clip_range,11264,0.20000000298023224,f2009,46
train/clip_range,11776,0.20000000298023224,f2009,46
train/clip_range,12288,0.20000000298023224,f2009,46
train/clip_range,12800,0.20000000298023224,f2009,46
train/clip_range,13312,0.20000000298023224,f2009,46
train/clip_range,13824,0.20000000298023224,f2009,46
train/clip_range,14336,0.20000000298023224,f2009,46
train/clip_range,14848,0.20000000298023224,f2009,46
train/clip_range,15360,0.20000000298023224,f2009,46
train/clip_range,15872,0.20000000298023224,f2009,46
train/entropy_loss,1024,-3.664830446243286,f2009,46
train/entropy_loss,1536,-3.6471245288848877,f2009,46
train/entropy_loss,2048,-3.6310672760009766,f2009,46
train/entropy_loss,2560,-3.6159229278564453,f2009,46
train/entropy_loss,3072,-3.6008129119873047,f2009,46
train/entropy_loss,3584,-3.5761585235595703,f2009,46
train/entropy_loss,4096,-3.546868324279785,f2009,46
train/entropy_loss,4608,-3.5178117752075195,f2009,46
train/entropy_loss,5120,-3.493947982788086,f2009,46
train/entropy_loss,5632,-3.4748950004577637,f2009,46
train/entropy_loss,6144,-3.459855079650879,f2009,46
train/entropy_loss,6656,-3.4391140937805176,f2009,46
train/entropy_loss,7168,-3.4042656421661377,f2009,46
train/entropy_loss,7680,-3.373548984527588,f2009,46
train/entropy_loss,8192,-3.3492038249969482,f2009,46
train/entropy_loss,8704,-3.3316853046417236,f2009,46
train/entropy_loss,9216,-3.3218181133270264,f2009,46
train/entropy_loss,9728,-3.302713632583618,f2009,46
train/entropy_loss,10240,-3.288883686065674,f2009,46
train/entropy_loss,10752,-3.2577552795410156,f2009,46
train/entropy_loss,11264,-3.2346909046173096,f2009,46
train/entropy_loss,11776,-3.2156572341918945,f2009,46
train/entropy_loss,12288,-3.190427780151367,f2009,46
train/entropy_loss,12800,-3.1769444942474365,f2009,46
train/entropy_loss,13312,-3.1585209369659424,f2009,46
train/entropy_loss,13824,-3.1349546909332275,f2009,46
train/entropy_loss,14336,-3.1071438789367676,f2009,46
train/entropy_loss,14848,-3.0744781494140625,f2009,46
train/entropy_loss,15360,-3.0479891300201416,f2009,46
train/entropy_loss,15872,-3.025876998901367,f2009,46
train/explained_variance,1024,-18.113161087036133,f2009,46
train/explained_variance,1536,-5.84007453918457,f2009,46
train/explained_variance,2048,-2.8203251361846924,f2009,46
train/explained_variance,2560,-1.880906105041504,f2009,46
train/explained_variance,3072,-1.9720008373260498,f2009,46
train/explained_variance,3584,-1.40409255027771,f2009,46
train/explained_variance,4096,-1.5901687145233154,f2009,46
train/explained_variance,4608,-1.7078857421875,f2009,46
train/explained_variance,5120,-1.26328444480896,f2009,46
train/explained_variance,5632,-0.8712495565414429,f2009,46
train/explained_variance,6144,-1.1376450061798096,f2009,46
train/explained_variance,6656,-0.6366733312606812,f2009,46
train/explained_variance,7168,-0.7036523818969727,f2009,46
train/explained_variance,7680,-0.8120425939559937,f2009,46
train/explained_variance,8192,-0.48244166374206543,f2009,46
train/explained_variance,8704,-0.6199808120727539,f2009,46
train/explained_variance,9216,-0.29480111598968506,f2009,46
train/explained_variance,9728,-0.3573427200317383,f2009,46
train/explained_variance,10240,-0.21069133281707764,f2009,46
train/explained_variance,10752,-0.4412022829055786,f2009,46
train/explained_variance,11264,-0.1746044158935547,f2009,46
train/explained_variance,11776,-0.2139652967453003,f2009,46
train/explained_variance,12288,-0.3179277181625366,f2009,46
train/explained_variance,12800,-0.1878122091293335,f2009,46
train/explained_variance,13312,-0.41328585147857666,f2009,46
train/explained_variance,13824,-0.2607252597808838,f2009,46
train/explained_variance,14336,-0.19880282878875732,f2009,46
train/explained_variance,14848,-0.2763427495956421,f2009,46
train/explained_variance,15360,-0.11833715438842773,f2009,46
train/explained_variance,15872,-0.22556304931640625,f2009,46
train/learning_rate,1024,0.0003000000142492354,f2009,46
train/learning_rate,1536,0.0003000000142492354,f2009,46
train/learning_rate,2048,0.0003000000142492354,f2009,46
train/learning_rate,2560,0.0003000000142492354,f2009,46
train/learning_rate,3072,0.0003000000142492354,f2009,46
train/learning_rate,3584,0.0003000000142492354,f2009,46
train/learning_rate,4096,0.0003000000142492354,f2009,46
train/learning_rate,4608,0.0003000000142492354,f2009,46
train/learning_rate,5120,0.0003000000142492354,f2009,46
train/learning_rate,5632,0.0003000000142492354,f2009,46
train/learning_rate,6144,0.0003000000142492354,f2009,46
train/learning_rate,6656,0.0003000000142492354,f2009,46
train/learning_rate,7168,0.0003000000142492354,f2009,46
train/learning_rate,7680,0.0003000000142492354,f2009,46
train/learning_rate,8192,0.0003000000142492354,f2009,46
train/learning_rate,8704,0.0003000000142492354,f2009,46
train/learning_rate,9216,0.0003000000142492354,f2009,46
train/learning_rate,9728,0.0003000000142492354,f2009,46
train/learning_rate,10240,0.0003000000142492354,f2009,46
train/learning_rate,10752,0.0003000000142492354,f2009,46
train/learning_rate,11264,0.0003000000142492354,f2009,46
train/learning_rate,11776,0.0003000000142492354,f2009,46
train/learning_rate,12288,0.0003000000142492354,f2009,46
train/learning_rate,12800,0.0003000000142492354,f2009,46
train/learning_rate,13312,0.0003000000142492354,f2009,46
train/learning_rate,13824,0.0003000000142492354,f2009,46
train/learning_rate,14336,0.0003000000142492354,f2009,46
train/learning_rate,14848,0.0003000000142492354,f2009,46
train/learning_rate,15360,0.0003000000142492354,f2009,46
train/learning_rate,15872,0.0003000000142492354,f2009,46
train/loss,1024,0.5971776843070984,f2009,46
train/loss,1536,0.4326092004776001,f2009,46
train/loss,2048,0.31665468215942383,f2009,46
train/loss,2560,0.20411747694015503,f2009,46
train/loss,3072,0.12841135263442993,f2009,46
train/loss,3584,0.056661300361156464,f2009,46
train/loss,4096,-0.017910920083522797,f2009,46
train/loss,4608,-0.018397213891148567,f2009,46
train/loss,5120,-0.008178656920790672,f2009,46
train/loss,5632,-0.007031911984086037,f2009,46
train/loss,6144,-0.01555291935801506,f2009,46
train/loss,6656,-0.03756527975201607,f2009,46
train/loss,7168,-0.024715017527341843,f2009,46
train/loss,7680,-0.020223332569003105,f2009,46
train/loss,8192,-0.005656536668539047,f2009,46
train/loss,8704,-0.021251138299703598,f2009,46
train/loss,9216,-0.006087030284106731,f2009,46
train/loss,9728,-0.03637352213263512,f2009,46
train/loss,10240,0.004555865190923214,f2009,46
train/loss,10752,-0.0353861078619957,f2009,46
train/loss,11264,-0.011942747980356216,f2009,46
train/loss,11776,-0.008372304029762745,f2009,46
train/loss,12288,-0.028607849031686783,f2009,46
train/loss,12800,-0.004906307905912399,f2009,46
train/loss,13312,-0.02043316885828972,f2009,46
train/loss,13824,-0.011147371493279934,f2009,46
train/loss,14336,-0.026834584772586823,f2009,46
train/loss,14848,-0.022836366668343544,f2009,46
train/loss,15360,-0.030396118760108948,f2009,46
train/loss,15872,-0.0120431212708354,f2009,46
train/policy_gradient_loss,1024,-0.01348862424492836,f2009,46
train/policy_gradient_loss,1536,-0.014587889425456524,f2009,46
train/policy_gradient_loss,2048,-0.013253612443804741,f2009,46
train/policy_gradient_loss,2560,-0.018544824793934822,f2009,46
train/policy_gradient_loss,3072,-0.01585831679403782,f2009,46
train/policy_gradient_loss,3584,-0.01991915889084339,f2009,46
train/policy_gradient_loss,4096,-0.022480687126517296,f2009,46
train/policy_gradient_loss,4608,-0.021977471187710762,f2009,46
train/policy_gradient_loss,5120,-0.021380942314863205,f2009,46
train/policy_gradient_loss,5632,-0.018449006602168083,f2009,46
train/policy_gradient_loss,6144,-0.0201896782964468,f2009,46
train/policy_gradient_loss,6656,-0.023999592289328575,f2009,46
train/policy_gradient_loss,7168,-0.020287739112973213,f2009,46
train/policy_gradient_loss,7680,-0.02196730114519596,f2009,46
train/policy_gradient_loss,8192,-0.01913805678486824,f2009,46
train/policy_gradient_loss,8704,-0.021950414404273033,f2009,46
train/policy_gradient_loss,9216,-0.019283607602119446,f2009,46
train/policy_gradient_loss,9728,-0.013958589173853397,f2009,46
train/policy_gradient_loss,10240,-0.021062245592474937,f2009,46
train/policy_gradient_loss,10752,-0.02295026369392872,f2009,46
train/policy_gradient_loss,11264,-0.013373521156609058,f2009,46
train/policy_gradient_loss,11776,-0.012622667476534843,f2009,46
train/policy_gradient_loss,12288,-0.02094573713839054,f2009,46
train/policy_gradient_loss,12800,-0.01347352098673582,f2009,46
train/policy_gradient_loss,13312,-0.01726633310317993,f2009,46
train/policy_gradient_loss,13824,-0.02091856300830841,f2009,46
train/policy_gradient_loss,14336,-0.01902409829199314,f2009,46
train/policy_gradient_loss,14848,-0.02193806879222393,f2009,46
train/policy_gradient_loss,15360,-0.016912419348955154,f2009,46
train/policy_gradient_loss,15872,-0.020629242062568665,f2009,46
train/std,1024,0.6032977104187012,f2009,46
train/std,1536,0.601003885269165,f2009,46
train/std,2048,0.5986911058425903,f2009,46
train/std,2560,0.5967474579811096,f2009,46
train/std,3072,0.5939895510673523,f2009,46
train/std,3584,0.5897887349128723,f2009,46
train/std,4096,0.5858078002929688,f2009,46
train/std,4608,0.5820556879043579,f2009,46
train/std,5120,0.5789772272109985,f2009,46
train/std,5632,0.576906144618988,f2009,46
train/std,6144,0.5751601457595825,f2009,46
train/std,6656,0.5706974267959595,f2009,46
train/std,7168,0.5656828880310059,f2009,46
train/std,7680,0.5629150867462158,f2009,46
train/std,8192,0.5591616630554199,f2009,46
train/std,8704,0.5589118003845215,f2009,46
train/std,9216,0.5558480620384216,f2009,46
train/std,9728,0.5552039742469788,f2009,46
train/std,10240,0.5513529777526855,f2009,46
train/std,10752,0.547773003578186,f2009,46
train/std,11264,0.5460314154624939,f2009,46
train/std,11776,0.5425896644592285,f2009,46
train/std,12288,0.5402383804321289,f2009,46
train/std,12800,0.5385111570358276,f2009,46
train/std,13312,0.535800039768219,f2009,46
train/std,13824,0.5327572226524353,f2009,46
train/std,14336,0.5281270742416382,f2009,46
train/std,14848,0.524912416934967,f2009,46
train/std,15360,0.5215624570846558,f2009,46
train/std,15872,0.5199266672134399,f2009,46
train/value_loss,1024,1.4003567695617676,f2009,46
train/value_loss,1536,1.080311894416809,f2009,46
train/value_loss,2048,0.8134291768074036,f2009,46
train/value_loss,2560,0.6163915395736694,f2009,46
train/value_loss,3072,0.41711804270744324,f2009,46
train/value_loss,3584,0.2150396853685379,f2009,46
train/value_loss,4096,0.08944002538919449,f2009,46
train/value_loss,4608,0.0485604889690876,f2009,46
train/value_loss,5120,0.03973164036870003,f2009,46
train/value_loss,5632,0.037494122982025146,f2009,46
train/value_loss,6144,0.03949930518865585,f2009,46
train/value_loss,6656,0.036966659128665924,f2009,46
train/value_loss,7168,0.03325595706701279,f2009,46
train/value_loss,7680,0.027231872081756592,f2009,46
train/value_loss,8192,0.025568678975105286,f2009,46
train/value_loss,8704,0.02528364583849907,f2009,46
train/value_loss,9216,0.02679847925901413,f2009,46
train/value_loss,9728,0.023518869653344154,f2009,46
train/value_loss,10240,0.026479722931981087,f2009,46
train/value_loss,10752,0.027019988745450974,f2009,46
train/value_loss,11264,0.02180134877562523,f2009,46
train/value_loss,11776,0.019675683230161667,f2009,46
train/value_loss,12288,0.019319022074341774,f2009,46
train/value_loss,12800,0.021602101624011993,f2009,46
train/value_loss,13312,0.022270943969488144,f2009,46
train/value_loss,13824,0.01947634480893612,f2009,46
train/value_loss,14336,0.019189631566405296,f2009,46
train/value_loss,14848,0.02120767906308174,f2009,46
train/value_loss,15360,0.019579479470849037,f2009,46
train/value_loss,15872,0.016816122457385063,f2009,46
rollout/ep_len_mean,512,1.0,f2013,42
rollout/ep_len_mean,1024,1.0,f2013,42
rollout/ep_len_mean,1536,1.0,f2013,42
rollout/ep_len_mean,2048,1.0,f2013,42
rollout/ep_len_mean,2560,1.0,f2013,42
rollout/ep_len_mean,3072,1.0,f2013,42
rollout/ep_len_mean,3584,1.0,f2013,42
rollout/ep_len_mean,4096,1.0,f2013,42
rollout/ep_len_mean,4608,1.0,f2013,42
rollout/ep_len_mean,5120,1.0,f2013,42
rollout/ep_len_mean,5632,1.0,f2013,42
rollout/ep_len_mean,6144,1.0,f2013,42
rollout/ep_len_mean,6656,1.0,f2013,42
rollout/ep_len_mean,7168,1.0,f2013,42
rollout/ep_len_mean,7680,1.0,f2013,42
rollout/ep_len_mean,8192,1.0,f2013,42
rollout/ep_len_mean,8704,1.0,f2013,42
rollout/ep_len_mean,9216,1.0,f2013,42
rollout/ep_len_mean,9728,1.0,f2013,42
rollout/ep_len_mean,10240,1.0,f2013,42
rollout/ep_len_mean,10752,1.0,f2013,42
rollout/ep_len_mean,11264,1.0,f2013,42
rollout/ep_len_mean,11776,1.0,f2013,42
rollout/ep_len_mean,12288,1.0,f2013,42
rollout/ep_len_mean,12800,1.0,f2013,42
rollout/ep_len_mean,13312,1.0,f2013,42
rollout/ep_len_mean,13824,1.0,f2013,42
rollout/ep_len_mean,14336,1.0,f2013,42
rollout/ep_len_mean,14848,1.0,f2013,42
rollout/ep_len_mean,15360,1.0,f2013,42
rollout/ep_len_mean,15872,1.0,f2013,42
rollout/ep_len_mean,16384,1.0,f2013,42
rollout/ep_len_mean,16896,1.0,f2013,42
rollout/ep_len_mean,17408,1.0,f2013,42
rollout/ep_len_mean,17920,1.0,f2013,42
rollout/ep_rew_mean,512,1.1370717287063599,f2013,42
rollout/ep_rew_mean,1024,1.1212081909179688,f2013,42
rollout/ep_rew_mean,1536,1.1598807573318481,f2013,42
rollout/ep_rew_mean,2048,1.1524218320846558,f2013,42
rollout/ep_rew_mean,2560,1.1491222381591797,f2013,42
rollout/ep_rew_mean,3072,1.1646944284439087,f2013,42
rollout/ep_rew_mean,3584,1.1704739332199097,f2013,42
rollout/ep_rew_mean,4096,1.136584997177124,f2013,42
rollout/ep_rew_mean,4608,1.1985851526260376,f2013,42
rollout/ep_rew_mean,5120,1.175494909286499,f2013,42
rollout/ep_rew_mean,5632,1.1722455024719238,f2013,42
rollout/ep_rew_mean,6144,1.1885305643081665,f2013,42
rollout/ep_rew_mean,6656,1.1699970960617065,f2013,42
rollout/ep_rew_mean,7168,1.1704736948013306,f2013,42
rollout/ep_rew_mean,7680,1.176145076751709,f2013,42
rollout/ep_rew_mean,8192,1.1820647716522217,f2013,42
rollout/ep_rew_mean,8704,1.1813890933990479,f2013,42
rollout/ep_rew_mean,9216,1.1668068170547485,f2013,42
rollout/ep_rew_mean,9728,1.179469347000122,f2013,42
rollout/ep_rew_mean,10240,1.1990439891815186,f2013,42
rollout/ep_rew_mean,10752,1.1748870611190796,f2013,42
rollout/ep_rew_mean,11264,1.19313383102417,f2013,42
rollout/ep_rew_mean,11776,1.217738151550293,f2013,42
rollout/ep_rew_mean,12288,1.2177598476409912,f2013,42
rollout/ep_rew_mean,12800,1.2017245292663574,f2013,42
rollout/ep_rew_mean,13312,1.1991634368896484,f2013,42
rollout/ep_rew_mean,13824,1.2232211828231812,f2013,42
rollout/ep_rew_mean,14336,1.199973702430725,f2013,42
rollout/ep_rew_mean,14848,1.1953892707824707,f2013,42
rollout/ep_rew_mean,15360,1.206694483757019,f2013,42
rollout/ep_rew_mean,15872,1.1967188119888306,f2013,42
rollout/ep_rew_mean,16384,1.2150523662567139,f2013,42
rollout/ep_rew_mean,16896,1.1900392770767212,f2013,42
rollout/ep_rew_mean,17408,1.202064037322998,f2013,42
rollout/ep_rew_mean,17920,1.192447304725647,f2013,42
time/fps,512,5.0,f2013,42
time/fps,1024,5.0,f2013,42
time/fps,1536,5.0,f2013,42
time/fps,2048,6.0,f2013,42
time/fps,2560,6.0,f2013,42
time/fps,3072,6.0,f2013,42
time/fps,3584,6.0,f2013,42
time/fps,4096,6.0,f2013,42
time/fps,4608,6.0,f2013,42
time/fps,5120,6.0,f2013,42
time/fps,5632,6.0,f2013,42
time/fps,6144,6.0,f2013,42
time/fps,6656,6.0,f2013,42
time/fps,7168,6.0,f2013,42
time/fps,7680,6.0,f2013,42
time/fps,8192,6.0,f2013,42
time/fps,8704,6.0,f2013,42
time/fps,9216,6.0,f2013,42
time/fps,9728,6.0,f2013,42
time/fps,10240,6.0,f2013,42
time/fps,10752,6.0,f2013,42
time/fps,11264,6.0,f2013,42
time/fps,11776,6.0,f2013,42
time/fps,12288,6.0,f2013,42
time/fps,12800,6.0,f2013,42
time/fps,13312,6.0,f2013,42
time/fps,13824,6.0,f2013,42
time/fps,14336,6.0,f2013,42
time/fps,14848,6.0,f2013,42
time/fps,15360,6.0,f2013,42
time/fps,15872,6.0,f2013,42
time/fps,16384,6.0,f2013,42
time/fps,16896,6.0,f2013,42
time/fps,17408,6.0,f2013,42
time/fps,17920,6.0,f2013,42
train/approx_kl,1024,0.010102124884724617,f2013,42
train/approx_kl,1536,0.007488717325031757,f2013,42
train/approx_kl,2048,0.006619698368012905,f2013,42
train/approx_kl,2560,0.008574699983000755,f2013,42
train/approx_kl,3072,0.007955314591526985,f2013,42
train/approx_kl,3584,0.011942022480070591,f2013,42
train/approx_kl,4096,0.009743129834532738,f2013,42
train/approx_kl,4608,0.01508298609405756,f2013,42
train/approx_kl,5120,0.011062609031796455,f2013,42
train/approx_kl,5632,0.01362095307558775,f2013,42
train/approx_kl,6144,0.01825682632625103,f2013,42
train/approx_kl,6656,0.008392979390919209,f2013,42
train/approx_kl,7168,0.008667460642755032,f2013,42
train/approx_kl,7680,0.01185503788292408,f2013,42
train/approx_kl,8192,0.01161129679530859,f2013,42
train/approx_kl,8704,0.008793109096586704,f2013,42
train/approx_kl,9216,0.009815365076065063,f2013,42
train/approx_kl,9728,0.013648757711052895,f2013,42
train/approx_kl,10240,0.01099368091672659,f2013,42
train/approx_kl,10752,0.010702695697546005,f2013,42
train/approx_kl,11264,0.009599102661013603,f2013,42
train/approx_kl,11776,0.01467263512313366,f2013,42
train/approx_kl,12288,0.007625908590853214,f2013,42
train/approx_kl,12800,0.011678545735776424,f2013,42
train/approx_kl,13312,0.011613372713327408,f2013,42
train/approx_kl,13824,0.012354673817753792,f2013,42
train/approx_kl,14336,0.012053393758833408,f2013,42
train/approx_kl,14848,0.012667730450630188,f2013,42
train/approx_kl,15360,0.010106315836310387,f2013,42
train/approx_kl,15872,0.010815499350428581,f2013,42
train/approx_kl,16384,0.008835799992084503,f2013,42
train/approx_kl,16896,0.01009369920939207,f2013,42
train/approx_kl,17408,0.009932657703757286,f2013,42
train/approx_kl,17920,0.008184019476175308,f2013,42
train/clip_fraction,1024,0.0478515625,f2013,42
train/clip_fraction,1536,0.02460937574505806,f2013,42
train/clip_fraction,2048,0.02890625037252903,f2013,42
train/clip_fraction,2560,0.0361328125,f2013,42
train/clip_fraction,3072,0.03164062649011612,f2013,42
train/clip_fraction,3584,0.06425781548023224,f2013,42
train/clip_fraction,4096,0.04960937425494194,f2013,42
train/clip_fraction,4608,0.10957030951976776,f2013,42
train/clip_fraction,5120,0.07167968899011612,f2013,42
train/clip_fraction,5632,0.07734374701976776,f2013,42
train/clip_fraction,6144,0.11367187649011612,f2013,42
train/clip_fraction,6656,0.05097656324505806,f2013,42
train/clip_fraction,7168,0.0458984375,f2013,42
train/clip_fraction,7680,0.06621094048023224,f2013,42
train/clip_fraction,8192,0.07851562649011612,f2013,42
train/clip_fraction,8704,0.05488281324505806,f2013,42
train/clip_fraction,9216,0.05156249925494194,f2013,42
train/clip_fraction,9728,0.080078125,f2013,42
train/clip_fraction,10240,0.07070312649011612,f2013,42
train/clip_fraction,10752,0.07285156100988388,f2013,42
train/clip_fraction,11264,0.05488281324505806,f2013,42
train/clip_fraction,11776,0.10878906399011612,f2013,42
train/clip_fraction,12288,0.05527343600988388,f2013,42
train/clip_fraction,12800,0.06855468451976776,f2013,42
train/clip_fraction,13312,0.07441405951976776,f2013,42
train/clip_fraction,13824,0.06367187201976776,f2013,42
train/clip_fraction,14336,0.07792969048023224,f2013,42
train/clip_fraction,14848,0.08046875149011612,f2013,42
train/clip_fraction,15360,0.0537109375,f2013,42
train/clip_fraction,15872,0.07480468600988388,f2013,42
train/clip_fraction,16384,0.04277343675494194,f2013,42
train/clip_fraction,16896,0.05937499925494194,f2013,42
train/clip_fraction,17408,0.06269530951976776,f2013,42
train/clip_fraction,17920,0.03984374925494194,f2013,42
train/clip_range,1024,0.20000000298023224,f2013,42
train/clip_range,1536,0.20000000298023224,f2013,42
train/clip_range,2048,0.20000000298023224,f2013,42
train/clip_range,2560,0.20000000298023224,f2013,42
train/clip_range,3072,0.20000000298023224,f2013,42
train/clip_range,3584,0.20000000298023224,f2013,42
train/clip_range,4096,0.20000000298023224,f2013,42
train/clip_range,4608,0.20000000298023224,f2013,42
train/clip_range,5120,0.20000000298023224,f2013,42
train/clip_range,5632,0.20000000298023224,f2013,42
train/clip_range,6144,0.20000000298023224,f2013,42
train/clip_range,6656,0.20000000298023224,f2013,42
train/clip_range,7168,0.20000000298023224,f2013,42
train/clip_range,7680,0.20000000298023224,f2013,42
train/clip_range,8192,0.20000000298023224,f2013,42
train/clip_range,8704,0.20000000298023224,f2013,42
train/clip_range,9216,0.20000000298023224,f2013,42
train/clip_range,9728,0.20000000298023224,f2013,42
train/clip_range,10240,0.20000000298023224,f2013,42
train/clip_range,10752,0.20000000298023224,f2013,42
train/clip_range,11264,0.20000000298023224,f2013,42
train/clip_range,11776,0.20000000298023224,f2013,42
train/clip_range,12288,0.20000000298023224,f2013,42
train/clip_range,12800,0.20000000298023224,f2013,42
train/clip_range,13312,0.20000000298023224,f2013,42
train/clip_range,13824,0.20000000298023224,f2013,42
train/clip_range,14336,0.20000000298023224,f2013,42
train/clip_range,14848,0.20000000298023224,f2013,42
train/clip_range,15360,0.20000000298023224,f2013,42
train/clip_range,15872,0.20000000298023224,f2013,42
train/clip_range,16384,0.20000000298023224,f2013,42
train/clip_range,16896,0.20000000298023224,f2013,42
train/clip_range,17408,0.20000000298023224,f2013,42
train/clip_range,17920,0.20000000298023224,f2013,42
train/entropy_loss,1024,-3.677107095718384,f2013,42
train/entropy_loss,1536,-3.6690337657928467,f2013,42
train/entropy_loss,2048,-3.641354560852051,f2013,42
train/entropy_loss,2560,-3.613877534866333,f2013,42
train/entropy_loss,3072,-3.5945353507995605,f2013,42
train/entropy_loss,3584,-3.5667061805725098,f2013,42
train/entropy_loss,4096,-3.5271031856536865,f2013,42
train/entropy_loss,4608,-3.494771718978882,f2013,42
train/entropy_loss,5120,-3.461648464202881,f2013,42
train/entropy_loss,5632,-3.4320228099823,f2013,42
train/entropy_loss,6144,-3.3978700637817383,f2013,42
train/entropy_loss,6656,-3.3779656887054443,f2013,42
train/entropy_loss,7168,-3.36780047416687,f2013,42
train/entropy_loss,7680,-3.3436293601989746,f2013,42
train/entropy_loss,8192,-3.3147318363189697,f2013,42
train/entropy_loss,8704,-3.2971456050872803,f2013,42
train/entropy_loss,9216,-3.278489351272583,f2013,42
train/entropy_loss,9728,-3.2602808475494385,f2013,42
train/entropy_loss,10240,-3.239074230194092,f2013,42
train/entropy_loss,10752,-3.219871759414673,f2013,42
train/entropy_loss,11264,-3.202524185180664,f2013,42
train/entropy_loss,11776,-3.1838040351867676,f2013,42
train/entropy_loss,12288,-3.1534042358398438,f2013,42
train/entropy_loss,12800,-3.116631031036377,f2013,42
train/entropy_loss,13312,-3.0902297496795654,f2013,42
train/entropy_loss,13824,-3.074903964996338,f2013,42
train/entropy_loss,14336,-3.0572659969329834,f2013,42
train/entropy_loss,14848,-3.0307531356811523,f2013,42
train/entropy_loss,15360,-3.000497341156006,f2013,42
train/entropy_loss,15872,-2.976961374282837,f2013,42
train/entropy_loss,16384,-2.9602675437927246,f2013,42
train/entropy_loss,16896,-2.937222957611084,f2013,42
train/entropy_loss,17408,-2.9099538326263428,f2013,42
train/entropy_loss,17920,-2.8762505054473877,f2013,42
train/explained_variance,1024,-18.301105499267578,f2013,42
train/explained_variance,1536,-6.446069240570068,f2013,42
train/explained_variance,2048,-1.88901948928833,f2013,42
train/explained_variance,2560,-0.8534030914306641,f2013,42
train/explained_variance,3072,-0.7961772680282593,f2013,42
train/explained_variance,3584,-0.8779296875,f2013,42
train/explained_variance,4096,-1.2155399322509766,f2013,42
train/explained_variance,4608,-1.054314136505127,f2013,42
train/explained_variance,5120,-1.0855085849761963,f2013,42
train/explained_variance,5632,-0.9643334150314331,f2013,42
train/explained_variance,6144,-0.4598444700241089,f2013,42
train/explained_variance,6656,-1.0826201438903809,f2013,42
train/explained_variance,7168,-0.8967632055282593,f2013,42
train/explained_variance,7680,-0.7613214254379272,f2013,42
train/explained_variance,8192,-0.3637288808822632,f2013,42
train/explained_variance,8704,-0.41759824752807617,f2013,42
train/explained_variance,9216,-0.41203558444976807,f2013,42
train/explained_variance,9728,-0.38867270946502686,f2013,42
train/explained_variance,10240,-0.3553842306137085,f2013,42
train/explained_variance,10752,-0.1525115966796875,f2013,42
train/explained_variance,11264,-0.06749510765075684,f2013,42
train/explained_variance,11776,-0.25407350063323975,f2013,42
train/explained_variance,12288,-0.3587299585342407,f2013,42
train/explained_variance,12800,-0.0181196928024292,f2013,42
train/explained_variance,13312,-0.2829630374908447,f2013,42
train/explained_variance,13824,-0.1406038999557495,f2013,42
train/explained_variance,14336,-0.18366312980651855,f2013,42
train/explained_variance,14848,-0.17054963111877441,f2013,42
train/explained_variance,15360,-0.11007201671600342,f2013,42
train/explained_variance,15872,-0.17181968688964844,f2013,42
train/explained_variance,16384,0.05664640665054321,f2013,42
train/explained_variance,16896,-0.10257923603057861,f2013,42
train/explained_variance,17408,-0.0039844512939453125,f2013,42
train/explained_variance,17920,-0.11636531352996826,f2013,42
train/learning_rate,1024,0.0003000000142492354,f2013,42
train/learning_rate,1536,0.0003000000142492354,f2013,42
train/learning_rate,2048,0.0003000000142492354,f2013,42
train/learning_rate,2560,0.0003000000142492354,f2013,42
train/learning_rate,3072,0.0003000000142492354,f2013,42
train/learning_rate,3584,0.0003000000142492354,f2013,42
train/learning_rate,4096,0.0003000000142492354,f2013,42
train/learning_rate,4608,0.0003000000142492354,f2013,42
train/learning_rate,5120,0.0003000000142492354,f2013,42
train/learning_rate,5632,0.0003000000142492354,f2013,42
train/learning_rate,6144,0.0003000000142492354,f2013,42
train/learning_rate,6656,0.0003000000142492354,f2013,42
train/learning_rate,7168,0.0003000000142492354,f2013,42
train/learning_rate,7680,0.0003000000142492354,f2013,42
train/learning_rate,8192,0.0003000000142492354,f2013,42
train/learning_rate,8704,0.0003000000142492354,f2013,42
train/learning_rate,9216,0.0003000000142492354,f2013,42
train/learning_rate,9728,0.0003000000142492354,f2013,42
train/learning_rate,10240,0.0003000000142492354,f2013,42
train/learning_rate,10752,0.0003000000142492354,f2013,42
train/learning_rate,11264,0.0003000000142492354,f2013,42
train/learning_rate,11776,0.0003000000142492354,f2013,42
train/learning_rate,12288,0.0003000000142492354,f2013,42
train/learning_rate,12800,0.0003000000142492354,f2013,42
train/learning_rate,13312,0.0003000000142492354,f2013,42
train/learning_rate,13824,0.0003000000142492354,f2013,42
train/learning_rate,14336,0.0003000000142492354,f2013,42
train/learning_rate,14848,0.0003000000142492354,f2013,42
train/learning_rate,15360,0.0003000000142492354,f2013,42
train/learning_rate,15872,0.0003000000142492354,f2013,42
train/learning_rate,16384,0.0003000000142492354,f2013,42
train/learning_rate,16896,0.0003000000142492354,f2013,42
train/learning_rate,17408,0.0003000000142492354,f2013,42
train/learning_rate,17920,0.0003000000142492354,f2013,42
train/loss,1024,0.5721130967140198,f2013,42
train/loss,1536,0.4837247133255005,f2013,42
train/loss,2048,0.3387224078178406,f2013,42
train/loss,2560,0.21309559047222137,f2013,42
train/loss,3072,0.10058767348527908,f2013,42
train/loss,3584,0.03482084721326828,f2013,42
train/loss,4096,-0.011626023799180984,f2013,42
train/loss,4608,-0.02717065066099167,f2013,42
train/loss,5120,-0.019328279420733452,f2013,42
train/loss,5632,-0.02709934487938881,f2013,42
train/loss,6144,-0.043474167585372925,f2013,42
train/loss,6656,-0.007576495409011841,f2013,42
train/loss,7168,-0.010318859480321407,f2013,42
train/loss,7680,-0.02138441614806652,f2013,42
train/loss,8192,-0.026148486882448196,f2013,42
train/loss,8704,-0.012443767860531807,f2013,42
train/loss,9216,-0.032534193247556686,f2013,42
train/loss,9728,-0.03164292871952057,f2013,42
train/loss,10240,-0.021745163947343826,f2013,42
train/loss,10752,-0.01262428518384695,f2013,42
train/loss,11264,-0.016943451017141342,f2013,42
train/loss,11776,-0.018435191363096237,f2013,42
train/loss,12288,-0.015146076679229736,f2013,42
train/loss,12800,-0.018272515386343002,f2013,42
train/loss,13312,-0.014813277870416641,f2013,42
train/loss,13824,-0.02650572918355465,f2013,42
train/loss,14336,-0.0204334519803524,f2013,42
train/loss,14848,-0.030708355829119682,f2013,42
train/loss,15360,-0.03366963565349579,f2013,42
train/loss,15872,-0.025740748271346092,f2013,42
train/loss,16384,-0.01744817942380905,f2013,42
train/loss,16896,-0.03250868618488312,f2013,42
train/loss,17408,-0.02945302054286003,f2013,42
train/loss,17920,-0.018290016800165176,f2013,42
train/policy_gradient_loss,1024,-0.016841260716319084,f2013,42
train/policy_gradient_loss,1536,-0.011470810510218143,f2013,42
train/policy_gradient_loss,2048,-0.014302707277238369,f2013,42
train/policy_gradient_loss,2560,-0.02361709624528885,f2013,42
train/policy_gradient_loss,3072,-0.02236817590892315,f2013,42
train/policy_gradient_loss,3584,-0.026375601068139076,f2013,42
train/policy_gradient_loss,4096,-0.018088342621922493,f2013,42
train/policy_gradient_loss,4608,-0.024952169507741928,f2013,42
train/policy_gradient_loss,5120,-0.018885554745793343,f2013,42
train/policy_gradient_loss,5632,-0.023933928459882736,f2013,42
train/policy_gradient_loss,6144,-0.02707960270345211,f2013,42
train/policy_gradient_loss,6656,-0.016544176265597343,f2013,42
train/policy_gradient_loss,7168,-0.013591385446488857,f2013,42
train/policy_gradient_loss,7680,-0.017062827944755554,f2013,42
train/policy_gradient_loss,8192,-0.01932850480079651,f2013,42
train/policy_gradient_loss,8704,-0.016303064301609993,f2013,42
train/policy_gradient_loss,9216,-0.017240971326828003,f2013,42
train/policy_gradient_loss,9728,-0.020204417407512665,f2013,42
train/policy_gradient_loss,10240,-0.017859991639852524,f2013,42
train/policy_gradient_loss,10752,-0.01639474742114544,f2013,42
train/policy_gradient_loss,11264,-0.01588490419089794,f2013,42
train/policy_gradient_loss,11776,-0.023299211636185646,f2013,42
train/policy_gradient_loss,12288,-0.016765130683779716,f2013,42
train/policy_gradient_loss,12800,-0.01957651972770691,f2013,42
train/policy_gradient_loss,13312,-0.018655940890312195,f2013,42
train/policy_gradient_loss,13824,-0.019837649539113045,f2013,42
train/policy_gradient_loss,14336,-0.02230566367506981,f2013,42
train/policy_gradient_loss,14848,-0.01783333159983158,f2013,42
train/policy_gradient_loss,15360,-0.018057730048894882,f2013,42
train/policy_gradient_loss,15872,-0.019226469099521637,f2013,42
train/policy_gradient_loss,16384,-0.013518527150154114,f2013,42
train/policy_gradient_loss,16896,-0.017797498032450676,f2013,42
train/policy_gradient_loss,17408,-0.01709161326289177,f2013,42
train/policy_gradient_loss,17920,-0.015863580629229546,f2013,42
train/std,1024,0.6068426370620728,f2013,42
train/std,1536,0.6035466194152832,f2013,42
train/std,2048,0.5990607142448425,f2013,42
train/std,2560,0.5957556962966919,f2013,42
train/std,3072,0.5930302739143372,f2013,42
train/std,3584,0.5874139070510864,f2013,42
train/std,4096,0.5823947191238403,f2013,42
train/std,4608,0.5776277780532837,f2013,42
train/std,5120,0.5734699368476868,f2013,42
train/std,5632,0.5689445734024048,f2013,42
train/std,6144,0.5646759271621704,f2013,42
train/std,6656,0.5637409687042236,f2013,42
train/std,7168,0.5620498061180115,f2013,42
train/std,7680,0.5571456551551819,f2013,42
train/std,8192,0.5549067258834839,f2013,42
train/std,8704,0.5524469017982483,f2013,42
train/std,9216,0.5502815246582031,f2013,42
train/std,9728,0.5475077629089355,f2013,42
train/std,10240,0.5448461771011353,f2013,42
train/std,10752,0.5426442623138428,f2013,42
train/std,11264,0.5406718254089355,f2013,42
train/std,11776,0.5377457141876221,f2013,42
train/std,12288,0.5329189896583557,f2013,42
train/std,12800,0.5285487174987793,f2013,42
train/std,13312,0.5263415575027466,f2013,42
train/std,13824,0.5247846245765686,f2013,42
train/std,14336,0.5223300457000732,f2013,42
train/std,14848,0.518547773361206,f2013,42
train/std,15360,0.5147400498390198,f2013,42
train/std,15872,0.5130875110626221,f2013,42
train/std,16384,0.5107251405715942,f2013,42
train/std,16896,0.5077868700027466,f2013,42
train/std,17408,0.5040158033370972,f2013,42
train/std,17920,0.4996821880340576,f2013,42
train/value_loss,1024,1.4622814655303955,f2013,42
train/value_loss,1536,1.146535038948059,f2013,42
train/value_loss,2048,0.8927781581878662,f2013,42
train/value_loss,2560,0.6353208422660828,f2013,42
train/value_loss,3072,0.43521982431411743,f2013,42
train/value_loss,3584,0.23408956825733185,f2013,42
train/value_loss,4096,0.10241590440273285,f2013,42
train/value_loss,4608,0.05252954736351967,f2013,42
train/value_loss,5120,0.040021203458309174,f2013,42
train/value_loss,5632,0.035643622279167175,f2013,42
train/value_loss,6144,0.0302969291806221,f2013,42
train/value_loss,6656,0.03382767736911774,f2013,42
train/value_loss,7168,0.035600390285253525,f2013,42
train/value_loss,7680,0.03272358328104019,f2013,42
train/value_loss,8192,0.026577264070510864,f2013,42
train/value_loss,8704,0.025940891355276108,f2013,42
train/value_loss,9216,0.02781931683421135,f2013,42
train/value_loss,9728,0.031081026419997215,f2013,42
train/value_loss,10240,0.021895933896303177,f2013,42
train/value_loss,10752,0.025370359420776367,f2013,42
train/value_loss,11264,0.02463703416287899,f2013,42
train/value_loss,11776,0.021845193579792976,f2013,42
train/value_loss,12288,0.028129886835813522,f2013,42
train/value_loss,12800,0.018749121576547623,f2013,42
train/value_loss,13312,0.021613294258713722,f2013,42
train/value_loss,13824,0.022605644538998604,f2013,42
train/value_loss,14336,0.022657353430986404,f2013,42
train/value_loss,14848,0.018899790942668915,f2013,42
train/value_loss,15360,0.020897341892123222,f2013,42
train/value_loss,15872,0.020810658112168312,f2013,42
train/value_loss,16384,0.015308174304664135,f2013,42
train/value_loss,16896,0.01852790080010891,f2013,42
train/value_loss,17408,0.02084355801343918,f2013,42
train/value_loss,17920,0.017722666263580322,f2013,42
rollout/ep_len_mean,512,1.0,f2013,43
rollout/ep_len_mean,1024,1.0,f2013,43
rollout/ep_len_mean,1536,1.0,f2013,43
rollout/ep_len_mean,2048,1.0,f2013,43
rollout/ep_len_mean,2560,1.0,f2013,43
rollout/ep_len_mean,3072,1.0,f2013,43
rollout/ep_len_mean,3584,1.0,f2013,43
rollout/ep_len_mean,4096,1.0,f2013,43
rollout/ep_len_mean,4608,1.0,f2013,43
rollout/ep_len_mean,5120,1.0,f2013,43
rollout/ep_len_mean,5632,1.0,f2013,43
rollout/ep_len_mean,6144,1.0,f2013,43
rollout/ep_len_mean,6656,1.0,f2013,43
rollout/ep_len_mean,7168,1.0,f2013,43
rollout/ep_len_mean,7680,1.0,f2013,43
rollout/ep_len_mean,8192,1.0,f2013,43
rollout/ep_len_mean,8704,1.0,f2013,43
rollout/ep_len_mean,9216,1.0,f2013,43
rollout/ep_len_mean,9728,1.0,f2013,43
rollout/ep_len_mean,10240,1.0,f2013,43
rollout/ep_len_mean,10752,1.0,f2013,43
rollout/ep_len_mean,11264,1.0,f2013,43
rollout/ep_len_mean,11776,1.0,f2013,43
rollout/ep_len_mean,12288,1.0,f2013,43
rollout/ep_len_mean,12800,1.0,f2013,43
rollout/ep_len_mean,13312,1.0,f2013,43
rollout/ep_len_mean,13824,1.0,f2013,43
rollout/ep_len_mean,14336,1.0,f2013,43
rollout/ep_len_mean,14848,1.0,f2013,43
rollout/ep_len_mean,15360,1.0,f2013,43
rollout/ep_len_mean,15872,1.0,f2013,43
rollout/ep_len_mean,16384,1.0,f2013,43
rollout/ep_len_mean,16896,1.0,f2013,43
rollout/ep_len_mean,17408,1.0,f2013,43
rollout/ep_len_mean,17920,1.0,f2013,43
rollout/ep_rew_mean,512,1.1453336477279663,f2013,43
rollout/ep_rew_mean,1024,1.1421098709106445,f2013,43
rollout/ep_rew_mean,1536,1.1446853876113892,f2013,43
rollout/ep_rew_mean,2048,1.1618319749832153,f2013,43
rollout/ep_rew_mean,2560,1.169001579284668,f2013,43
rollout/ep_rew_mean,3072,1.1770099401474,f2013,43
rollout/ep_rew_mean,3584,1.1516263484954834,f2013,43
rollout/ep_rew_mean,4096,1.1674425601959229,f2013,43
rollout/ep_rew_mean,4608,1.1835267543792725,f2013,43
rollout/ep_rew_mean,5120,1.1778303384780884,f2013,43
rollout/ep_rew_mean,5632,1.170732855796814,f2013,43
rollout/ep_rew_mean,6144,1.199427843093872,f2013,43
rollout/ep_rew_mean,6656,1.170146107673645,f2013,43
rollout/ep_rew_mean,7168,1.199886679649353,f2013,43
rollout/ep_rew_mean,7680,1.1788814067840576,f2013,43
rollout/ep_rew_mean,8192,1.1775621175765991,f2013,43
rollout/ep_rew_mean,8704,1.1996486186981201,f2013,43
rollout/ep_rew_mean,9216,1.1809712648391724,f2013,43
rollout/ep_rew_mean,9728,1.1844485998153687,f2013,43
rollout/ep_rew_mean,10240,1.2027379274368286,f2013,43
rollout/ep_rew_mean,10752,1.1852279901504517,f2013,43
rollout/ep_rew_mean,11264,1.215091586112976,f2013,43
rollout/ep_rew_mean,11776,1.2075581550598145,f2013,43
rollout/ep_rew_mean,12288,1.2151679992675781,f2013,43
rollout/ep_rew_mean,12800,1.1796926259994507,f2013,43
rollout/ep_rew_mean,13312,1.2009828090667725,f2013,43
rollout/ep_rew_mean,13824,1.2302148342132568,f2013,43
rollout/ep_rew_mean,14336,1.1982454061508179,f2013,43
rollout/ep_rew_mean,14848,1.168925404548645,f2013,43
rollout/ep_rew_mean,15360,1.2096338272094727,f2013,43
rollout/ep_rew_mean,15872,1.1769181489944458,f2013,43
rollout/ep_rew_mean,16384,1.208877444267273,f2013,43
rollout/ep_rew_mean,16896,1.1964350938796997,f2013,43
rollout/ep_rew_mean,17408,1.2057647705078125,f2013,43
rollout/ep_rew_mean,17920,1.1824109554290771,f2013,43
time/fps,512,6.0,f2013,43
time/fps,1024,6.0,f2013,43
time/fps,1536,6.0,f2013,43
time/fps,2048,6.0,f2013,43
time/fps,2560,6.0,f2013,43
time/fps,3072,6.0,f2013,43
time/fps,3584,6.0,f2013,43
time/fps,4096,6.0,f2013,43
time/fps,4608,6.0,f2013,43
time/fps,5120,6.0,f2013,43
time/fps,5632,6.0,f2013,43
time/fps,6144,6.0,f2013,43
time/fps,6656,6.0,f2013,43
time/fps,7168,6.0,f2013,43
time/fps,7680,6.0,f2013,43
time/fps,8192,6.0,f2013,43
time/fps,8704,6.0,f2013,43
time/fps,9216,6.0,f2013,43
time/fps,9728,6.0,f2013,43
time/fps,10240,6.0,f2013,43
time/fps,10752,6.0,f2013,43
time/fps,11264,6.0,f2013,43
time/fps,11776,6.0,f2013,43
time/fps,12288,6.0,f2013,43
time/fps,12800,6.0,f2013,43
time/fps,13312,6.0,f2013,43
time/fps,13824,6.0,f2013,43
time/fps,14336,6.0,f2013,43
time/fps,14848,6.0,f2013,43
time/fps,15360,6.0,f2013,43
time/fps,15872,6.0,f2013,43
time/fps,16384,6.0,f2013,43
time/fps,16896,6.0,f2013,43
time/fps,17408,6.0,f2013,43
time/fps,17920,6.0,f2013,43
train/approx_kl,1024,0.009087193757295609,f2013,43
train/approx_kl,1536,0.007712848950177431,f2013,43
train/approx_kl,2048,0.010097041726112366,f2013,43
train/approx_kl,2560,0.009900329634547234,f2013,43
train/approx_kl,3072,0.008983639068901539,f2013,43
train/approx_kl,3584,0.008297132328152657,f2013,43
train/approx_kl,4096,0.01929154433310032,f2013,43
train/approx_kl,4608,0.009850846603512764,f2013,43
train/approx_kl,5120,0.012668408453464508,f2013,43
train/approx_kl,5632,0.013067848980426788,f2013,43
train/approx_kl,6144,0.011050576344132423,f2013,43
train/approx_kl,6656,0.009655537083745003,f2013,43
train/approx_kl,7168,0.013461127877235413,f2013,43
train/approx_kl,7680,0.014203752391040325,f2013,43
train/approx_kl,8192,0.010889310389757156,f2013,43
train/approx_kl,8704,0.008854487910866737,f2013,43
train/approx_kl,9216,0.00934847816824913,f2013,43
train/approx_kl,9728,0.008718740195035934,f2013,43
train/approx_kl,10240,0.010443074628710747,f2013,43
train/approx_kl,10752,0.011293236166238785,f2013,43
train/approx_kl,11264,0.00823558121919632,f2013,43
train/approx_kl,11776,0.007968729361891747,f2013,43
train/approx_kl,12288,0.009047957137227058,f2013,43
train/approx_kl,12800,0.0065360302105546,f2013,43
train/approx_kl,13312,0.012171641923487186,f2013,43
train/approx_kl,13824,0.011436961591243744,f2013,43
train/approx_kl,14336,0.010048732161521912,f2013,43
train/approx_kl,14848,0.015982503071427345,f2013,43
train/approx_kl,15360,0.011025683023035526,f2013,43
train/approx_kl,15872,0.009617742151021957,f2013,43
train/approx_kl,16384,0.007742839399725199,f2013,43
train/approx_kl,16896,0.014512965455651283,f2013,43
train/approx_kl,17408,0.011802909895777702,f2013,43
train/approx_kl,17920,0.009424240328371525,f2013,43
train/clip_fraction,1024,0.04257812350988388,f2013,43
train/clip_fraction,1536,0.03164062649011612,f2013,43
train/clip_fraction,2048,0.04902343824505806,f2013,43
train/clip_fraction,2560,0.04238281399011612,f2013,43
train/clip_fraction,3072,0.03867187350988388,f2013,43
train/clip_fraction,3584,0.0322265625,f2013,43
train/clip_fraction,4096,0.11542968451976776,f2013,43
train/clip_fraction,4608,0.05214843899011612,f2013,43
train/clip_fraction,5120,0.08671875298023224,f2013,43
train/clip_fraction,5632,0.0791015625,f2013,43
train/clip_fraction,6144,0.06660155951976776,f2013,43
train/clip_fraction,6656,0.04296875,f2013,43
train/clip_fraction,7168,0.08925781399011612,f2013,43
train/clip_fraction,7680,0.08320312201976776,f2013,43
train/clip_fraction,8192,0.0791015625,f2013,43
train/clip_fraction,8704,0.04023437574505806,f2013,43
train/clip_fraction,9216,0.04140625149011612,f2013,43
train/clip_fraction,9728,0.0546875,f2013,43
train/clip_fraction,10240,0.04726562649011612,f2013,43
train/clip_fraction,10752,0.08222655951976776,f2013,43
train/clip_fraction,11264,0.04902343824505806,f2013,43
train/clip_fraction,11776,0.03066406212747097,f2013,43
train/clip_fraction,12288,0.04609375074505806,f2013,43
train/clip_fraction,12800,0.02714843675494194,f2013,43
train/clip_fraction,13312,0.08457031100988388,f2013,43
train/clip_fraction,13824,0.06757812201976776,f2013,43
train/clip_fraction,14336,0.05859375,f2013,43
train/clip_fraction,14848,0.09843750298023224,f2013,43
train/clip_fraction,15360,0.06035156175494194,f2013,43
train/clip_fraction,15872,0.0556640625,f2013,43
train/clip_fraction,16384,0.046875,f2013,43
train/clip_fraction,16896,0.08808593451976776,f2013,43
train/clip_fraction,17408,0.07558593899011612,f2013,43
train/clip_fraction,17920,0.08144531399011612,f2013,43
train/clip_range,1024,0.20000000298023224,f2013,43
train/clip_range,1536,0.20000000298023224,f2013,43
train/clip_range,2048,0.20000000298023224,f2013,43
train/clip_range,2560,0.20000000298023224,f2013,43
train/clip_range,3072,0.20000000298023224,f2013,43
train/clip_range,3584,0.20000000298023224,f2013,43
train/clip_range,4096,0.20000000298023224,f2013,43
train/clip_range,4608,0.20000000298023224,f2013,43
train/clip_range,5120,0.20000000298023224,f2013,43
train/clip_range,5632,0.20000000298023224,f2013,43
train/clip_range,6144,0.20000000298023224,f2013,43
train/clip_range,6656,0.20000000298023224,f2013,43
train/clip_range,7168,0.20000000298023224,f2013,43
train/clip_range,7680,0.20000000298023224,f2013,43
train/clip_range,8192,0.20000000298023224,f2013,43
train/clip_range,8704,0.20000000298023224,f2013,43
train/clip_range,9216,0.20000000298023224,f2013,43
train/clip_range,9728,0.20000000298023224,f2013,43
train/clip_range,10240,0.20000000298023224,f2013,43
train/clip_range,10752,0.20000000298023224,f2013,43
train/clip_range,11264,0.20000000298023224,f2013,43
train/clip_range,11776,0.20000000298023224,f2013,43
train/clip_range,12288,0.20000000298023224,f2013,43
train/clip_range,12800,0.20000000298023224,f2013,43
train/clip_range,13312,0.20000000298023224,f2013,43
train/clip_range,13824,0.20000000298023224,f2013,43
train/clip_range,14336,0.20000000298023224,f2013,43
train/clip_range,14848,0.20000000298023224,f2013,43
train/clip_range,15360,0.20000000298023224,f2013,43
train/clip_range,15872,0.20000000298023224,f2013,43
train/clip_range,16384,0.20000000298023224,f2013,43
train/clip_range,16896,0.20000000298023224,f2013,43
train/clip_range,17408,0.20000000298023224,f2013,43
train/clip_range,17920,0.20000000298023224,f2013,43
train/entropy_loss,1024,-3.6696524620056152,f2013,43
train/entropy_loss,1536,-3.6664226055145264,f2013,43
train/entropy_loss,2048,-3.664614200592041,f2013,43
train/entropy_loss,2560,-3.6481330394744873,f2013,43
train/entropy_loss,3072,-3.6179182529449463,f2013,43
train/entropy_loss,3584,-3.6047730445861816,f2013,43
train/entropy_loss,4096,-3.575753927230835,f2013,43
train/entropy_loss,4608,-3.5324840545654297,f2013,43
train/entropy_loss,5120,-3.490156650543213,f2013,43
train/entropy_loss,5632,-3.4620862007141113,f2013,43
train/entropy_loss,6144,-3.433781623840332,f2013,43
train/entropy_loss,6656,-3.4054884910583496,f2013,43
train/entropy_loss,7168,-3.3788130283355713,f2013,43
train/entropy_loss,7680,-3.3630833625793457,f2013,43
train/entropy_loss,8192,-3.348719358444214,f2013,43
train/entropy_loss,8704,-3.328625202178955,f2013,43
train/entropy_loss,9216,-3.304424285888672,f2013,43
train/entropy_loss,9728,-3.278095006942749,f2013,43
train/entropy_loss,10240,-3.2508463859558105,f2013,43
train/entropy_loss,10752,-3.2317144870758057,f2013,43
train/entropy_loss,11264,-3.204749822616577,f2013,43
train/entropy_loss,11776,-3.1786351203918457,f2013,43
train/entropy_loss,12288,-3.15311598777771,f2013,43
train/entropy_loss,12800,-3.1280338764190674,f2013,43
train/entropy_loss,13312,-3.1075680255889893,f2013,43
train/entropy_loss,13824,-3.0835304260253906,f2013,43
train/entropy_loss,14336,-3.063194513320923,f2013,43
train/entropy_loss,14848,-3.0511960983276367,f2013,43
train/entropy_loss,15360,-3.0291543006896973,f2013,43
train/entropy_loss,15872,-3.0045270919799805,f2013,43
train/entropy_loss,16384,-2.986145496368408,f2013,43
train/entropy_loss,16896,-2.9693965911865234,f2013,43
train/entropy_loss,17408,-2.951014280319214,f2013,43
train/entropy_loss,17920,-2.929635524749756,f2013,43
train/explained_variance,1024,-19.923616409301758,f2013,43
train/explained_variance,1536,-6.997838497161865,f2013,43
train/explained_variance,2048,-1.2307355403900146,f2013,43
train/explained_variance,2560,-0.8871728181838989,f2013,43
train/explained_variance,3072,-0.6240966320037842,f2013,43
train/explained_variance,3584,-0.8589832782745361,f2013,43
train/explained_variance,4096,-0.8175439834594727,f2013,43
train/explained_variance,4608,-0.7728176116943359,f2013,43
train/explained_variance,5120,-0.9039933681488037,f2013,43
train/explained_variance,5632,-0.69138503074646,f2013,43
train/explained_variance,6144,-0.5156246423721313,f2013,43
train/explained_variance,6656,-0.6332576274871826,f2013,43
train/explained_variance,7168,-0.6110841035842896,f2013,43
train/explained_variance,7680,-0.3585803508758545,f2013,43
train/explained_variance,8192,-0.31621086597442627,f2013,43
train/explained_variance,8704,-0.15254664421081543,f2013,43
train/explained_variance,9216,-0.25805366039276123,f2013,43
train/explained_variance,9728,-0.11660611629486084,f2013,43
train/explained_variance,10240,-0.09159338474273682,f2013,43
train/explained_variance,10752,0.0816088318824768,f2013,43
train/explained_variance,11264,-0.007537841796875,f2013,43
train/explained_variance,11776,0.08630514144897461,f2013,43
train/explained_variance,12288,-0.24357759952545166,f2013,43
train/explained_variance,12800,-0.08434069156646729,f2013,43
train/explained_variance,13312,-0.20104706287384033,f2013,43
train/explained_variance,13824,-0.047402262687683105,f2013,43
train/explained_variance,14336,0.046076953411102295,f2013,43
train/explained_variance,14848,0.10541027784347534,f2013,43
train/explained_variance,15360,0.01929616928100586,f2013,43
train/explained_variance,15872,-0.0889197587966919,f2013,43
train/explained_variance,16384,0.03208643198013306,f2013,43
train/explained_variance,16896,-0.03759276866912842,f2013,43
train/explained_variance,17408,0.04148995876312256,f2013,43
train/explained_variance,17920,0.04931759834289551,f2013,43
train/learning_rate,1024,0.0003000000142492354,f2013,43
train/learning_rate,1536,0.0003000000142492354,f2013,43
train/learning_rate,2048,0.0003000000142492354,f2013,43
train/learning_rate,2560,0.0003000000142492354,f2013,43
train/learning_rate,3072,0.0003000000142492354,f2013,43
train/learning_rate,3584,0.0003000000142492354,f2013,43
train/learning_rate,4096,0.0003000000142492354,f2013,43
train/learning_rate,4608,0.0003000000142492354,f2013,43
train/learning_rate,5120,0.0003000000142492354,f2013,43
train/learning_rate,5632,0.0003000000142492354,f2013,43
train/learning_rate,6144,0.0003000000142492354,f2013,43
train/learning_rate,6656,0.0003000000142492354,f2013,43
train/learning_rate,7168,0.0003000000142492354,f2013,43
train/learning_rate,7680,0.0003000000142492354,f2013,43
train/learning_rate,8192,0.0003000000142492354,f2013,43
train/learning_rate,8704,0.0003000000142492354,f2013,43
train/learning_rate,9216,0.0003000000142492354,f2013,43
train/learning_rate,9728,0.0003000000142492354,f2013,43
train/learning_rate,10240,0.0003000000142492354,f2013,43
train/learning_rate,10752,0.0003000000142492354,f2013,43
train/learning_rate,11264,0.0003000000142492354,f2013,43
train/learning_rate,11776,0.0003000000142492354,f2013,43
train/learning_rate,12288,0.0003000000142492354,f2013,43
train/learning_rate,12800,0.0003000000142492354,f2013,43
train/learning_rate,13312,0.0003000000142492354,f2013,43
train/learning_rate,13824,0.0003000000142492354,f2013,43
train/learning_rate,14336,0.0003000000142492354,f2013,43
train/learning_rate,14848,0.0003000000142492354,f2013,43
train/learning_rate,15360,0.0003000000142492354,f2013,43
train/learning_rate,15872,0.0003000000142492354,f2013,43
train/learning_rate,16384,0.0003000000142492354,f2013,43
train/learning_rate,16896,0.0003000000142492354,f2013,43
train/learning_rate,17408,0.0003000000142492354,f2013,43
train/learning_rate,17920,0.0003000000142492354,f2013,43
train/loss,1024,0.5967645049095154,f2013,43
train/loss,1536,0.4621644914150238,f2013,43
train/loss,2048,0.29291507601737976,f2013,43
train/loss,2560,0.20070111751556396,f2013,43
train/loss,3072,0.08338142931461334,f2013,43
train/loss,3584,0.014780130237340927,f2013,43
train/loss,4096,-0.026771701872348785,f2013,43
train/loss,4608,-0.021920345723628998,f2013,43
train/loss,5120,-0.020520154386758804,f2013,43
train/loss,5632,-0.018059346824884415,f2013,43
train/loss,6144,-0.02416534349322319,f2013,43
train/loss,6656,-0.01439804770052433,f2013,43
train/loss,7168,-0.02010304667055607,f2013,43
train/loss,7680,-0.01645783893764019,f2013,43
train/loss,8192,-0.02746523916721344,f2013,43
train/loss,8704,-0.01589830033481121,f2013,43
train/loss,9216,-0.014845738187432289,f2013,43
train/loss,9728,-0.019808240234851837,f2013,43
train/loss,10240,-0.030650097876787186,f2013,43
train/loss,10752,-0.03174154832959175,f2013,43
train/loss,11264,-0.0186099074780941,f2013,43
train/loss,11776,-0.026278246194124222,f2013,43
train/loss,12288,-0.012875618413090706,f2013,43
train/loss,12800,-0.011782977730035782,f2013,43
train/loss,13312,-0.02579181268811226,f2013,43
train/loss,13824,-0.01958679035305977,f2013,43
train/loss,14336,-0.009058233350515366,f2013,43
train/loss,14848,-0.02726694941520691,f2013,43
train/loss,15360,-0.018968788906931877,f2013,43
train/loss,15872,-0.010731566697359085,f2013,43
train/loss,16384,-0.02191825397312641,f2013,43
train/loss,16896,-0.02875085361301899,f2013,43
train/loss,17408,-0.010448696091771126,f2013,43
train/loss,17920,-0.019291669130325317,f2013,43
train/policy_gradient_loss,1024,-0.021680722013115883,f2013,43
train/policy_gradient_loss,1536,-0.012664391659200191,f2013,43
train/policy_gradient_loss,2048,-0.023057594895362854,f2013,43
train/policy_gradient_loss,2560,-0.02315814234316349,f2013,43
train/policy_gradient_loss,3072,-0.021291173994541168,f2013,43
train/policy_gradient_loss,3584,-0.0187077559530735,f2013,43
train/policy_gradient_loss,4096,-0.03004898689687252,f2013,43
train/policy_gradient_loss,4608,-0.019122792407870293,f2013,43
train/policy_gradient_loss,5120,-0.021151291206479073,f2013,43
train/policy_gradient_loss,5632,-0.020045049488544464,f2013,43
train/policy_gradient_loss,6144,-0.01996292918920517,f2013,43
train/policy_gradient_loss,6656,-0.020392581820487976,f2013,43
train/policy_gradient_loss,7168,-0.02303137816488743,f2013,43
train/policy_gradient_loss,7680,-0.022685591131448746,f2013,43
train/policy_gradient_loss,8192,-0.017840305343270302,f2013,43
train/policy_gradient_loss,8704,-0.014848039485514164,f2013,43
train/policy_gradient_loss,9216,-0.016425417736172676,f2013,43
train/policy_gradient_loss,9728,-0.015301228500902653,f2013,43
train/policy_gradient_loss,10240,-0.016573738306760788,f2013,43
train/policy_gradient_loss,10752,-0.01905686780810356,f2013,43
train/policy_gradient_loss,11264,-0.017881857231259346,f2013,43
train/policy_gradient_loss,11776,-0.015650033950805664,f2013,43
train/policy_gradient_loss,12288,-0.013746552169322968,f2013,43
train/policy_gradient_loss,12800,-0.013382770121097565,f2013,43
train/policy_gradient_loss,13312,-0.019722241908311844,f2013,43
train/policy_gradient_loss,13824,-0.020518960431218147,f2013,43
train/policy_gradient_loss,14336,-0.016187453642487526,f2013,43
train/policy_gradient_loss,14848,-0.02397267334163189,f2013,43
train/policy_gradient_loss,15360,-0.019188955426216125,f2013,43
train/policy_gradient_loss,15872,-0.016586966812610626,f2013,43
train/policy_gradient_loss,16384,-0.01456652395427227,f2013,43
train/policy_gradient_loss,16896,-0.020202139392495155,f2013,43
train/policy_gradient_loss,17408,-0.016844285652041435,f2013,43
train/policy_gradient_loss,17920,-0.01969279535114765,f2013,43
train/std,1024,0.6049162149429321,f2013,43
train/std,1536,0.6052329540252686,f2013,43
train/std,2048,0.6047031283378601,f2013,43
train/std,2560,0.5993634462356567,f2013,43
train/std,3072,0.5973028540611267,f2013,43
train/std,3584,0.5945309400558472,f2013,43
train/std,4096,0.5888885855674744,f2013,43
train/std,4608,0.5818932056427002,f2013,43
train/std,5120,0.5775025486946106,f2013,43
train/std,5632,0.5736615657806396,f2013,43
train/std,6144,0.5695663690567017,f2013,43
train/std,6656,0.5656304359436035,f2013,43
train/std,7168,0.5631455183029175,f2013,43
train/std,7680,0.5614721775054932,f2013,43
train/std,8192,0.5594825148582458,f2013,43
train/std,8704,0.556465208530426,f2013,43
train/std,9216,0.5536023378372192,f2013,43
train/std,9728,0.5491102933883667,f2013,43
train/std,10240,0.5469345450401306,f2013,43
train/std,10752,0.5437679886817932,f2013,43
train/std,11264,0.540351390838623,f2013,43
train/std,11776,0.5373789072036743,f2013,43
train/std,12288,0.5339658260345459,f2013,43
train/std,12800,0.531457781791687,f2013,43
train/std,13312,0.5287390947341919,f2013,43
train/std,13824,0.5256030559539795,f2013,43
train/std,14336,0.5240069627761841,f2013,43
train/std,14848,0.5220415592193604,f2013,43
train/std,15360,0.5186320543289185,f2013,43
train/std,15872,0.5164650678634644,f2013,43
train/std,16384,0.514420747756958,f2013,43
train/std,16896,0.5127369165420532,f2013,43
train/std,17408,0.5100271701812744,f2013,43
train/std,17920,0.5079371929168701,f2013,43
train/value_loss,1024,1.455419659614563,f2013,43
train/value_loss,1536,1.1339894533157349,f2013,43
train/value_loss,2048,0.8236664533615112,f2013,43
train/value_loss,2560,0.6302785873413086,f2013,43
train/value_loss,3072,0.381002277135849,f2013,43
train/value_loss,3584,0.18990489840507507,f2013,43
train/value_loss,4096,0.06766388565301895,f2013,43
train/value_loss,4608,0.03876299038529396,f2013,43
train/value_loss,5120,0.035530269145965576,f2013,43
train/value_loss,5632,0.032760582864284515,f2013,43
train/value_loss,6144,0.02960050292313099,f2013,43
train/value_loss,6656,0.03019064851105213,f2013,43
train/value_loss,7168,0.02879309467971325,f2013,43
train/value_loss,7680,0.023918183520436287,f2013,43
train/value_loss,8192,0.02527644671499729,f2013,43
train/value_loss,8704,0.022332191467285156,f2013,43
train/value_loss,9216,0.02309465780854225,f2013,43
train/value_loss,9728,0.023278556764125824,f2013,43
train/value_loss,10240,0.024774406105279922,f2013,43
train/value_loss,10752,0.019195521250367165,f2013,43
train/value_loss,11264,0.020650263875722885,f2013,43
train/value_loss,11776,0.01856408454477787,f2013,43
train/value_loss,12288,0.023021841421723366,f2013,43
train/value_loss,12800,0.01779560185968876,f2013,43
train/value_loss,13312,0.022239089012145996,f2013,43
train/value_loss,13824,0.022005995735526085,f2013,43
train/value_loss,14336,0.01875416934490204,f2013,43
train/value_loss,14848,0.017485732212662697,f2013,43
train/value_loss,15360,0.022316932678222656,f2013,43
train/value_loss,15872,0.019063426181674004,f2013,43
train/value_loss,16384,0.01582534983754158,f2013,43
train/value_loss,16896,0.016914205625653267,f2013,43
train/value_loss,17408,0.01713085174560547,f2013,43
train/value_loss,17920,0.014656007289886475,f2013,43
rollout/ep_len_mean,512,1.0,f2013,44
rollout/ep_len_mean,1024,1.0,f2013,44
rollout/ep_len_mean,1536,1.0,f2013,44
rollout/ep_len_mean,2048,1.0,f2013,44
rollout/ep_len_mean,2560,1.0,f2013,44
rollout/ep_len_mean,3072,1.0,f2013,44
rollout/ep_len_mean,3584,1.0,f2013,44
rollout/ep_len_mean,4096,1.0,f2013,44
rollout/ep_len_mean,4608,1.0,f2013,44
rollout/ep_len_mean,5120,1.0,f2013,44
rollout/ep_len_mean,5632,1.0,f2013,44
rollout/ep_len_mean,6144,1.0,f2013,44
rollout/ep_len_mean,6656,1.0,f2013,44
rollout/ep_len_mean,7168,1.0,f2013,44
rollout/ep_len_mean,7680,1.0,f2013,44
rollout/ep_len_mean,8192,1.0,f2013,44
rollout/ep_len_mean,8704,1.0,f2013,44
rollout/ep_len_mean,9216,1.0,f2013,44
rollout/ep_len_mean,9728,1.0,f2013,44
rollout/ep_len_mean,10240,1.0,f2013,44
rollout/ep_len_mean,10752,1.0,f2013,44
rollout/ep_len_mean,11264,1.0,f2013,44
rollout/ep_len_mean,11776,1.0,f2013,44
rollout/ep_len_mean,12288,1.0,f2013,44
rollout/ep_len_mean,12800,1.0,f2013,44
rollout/ep_len_mean,13312,1.0,f2013,44
rollout/ep_len_mean,13824,1.0,f2013,44
rollout/ep_len_mean,14336,1.0,f2013,44
rollout/ep_len_mean,14848,1.0,f2013,44
rollout/ep_len_mean,15360,1.0,f2013,44
rollout/ep_len_mean,15872,1.0,f2013,44
rollout/ep_len_mean,16384,1.0,f2013,44
rollout/ep_len_mean,16896,1.0,f2013,44
rollout/ep_len_mean,17408,1.0,f2013,44
rollout/ep_len_mean,17920,1.0,f2013,44
rollout/ep_len_mean,18432,1.0,f2013,44
rollout/ep_len_mean,18944,1.0,f2013,44
rollout/ep_len_mean,19456,1.0,f2013,44
rollout/ep_len_mean,19968,1.0,f2013,44
rollout/ep_rew_mean,512,1.1323474645614624,f2013,44
rollout/ep_rew_mean,1024,1.140713095664978,f2013,44
rollout/ep_rew_mean,1536,1.154495358467102,f2013,44
rollout/ep_rew_mean,2048,1.152267336845398,f2013,44
rollout/ep_rew_mean,2560,1.1421369314193726,f2013,44
rollout/ep_rew_mean,3072,1.157196044921875,f2013,44
rollout/ep_rew_mean,3584,1.153398871421814,f2013,44
rollout/ep_rew_mean,4096,1.1621192693710327,f2013,44
rollout/ep_rew_mean,4608,1.1904014348983765,f2013,44
rollout/ep_rew_mean,5120,1.1713734865188599,f2013,44
rollout/ep_rew_mean,5632,1.15471613407135,f2013,44
rollout/ep_rew_mean,6144,1.1943037509918213,f2013,44
rollout/ep_rew_mean,6656,1.1757382154464722,f2013,44
rollout/ep_rew_mean,7168,1.1879146099090576,f2013,44
rollout/ep_rew_mean,7680,1.182171106338501,f2013,44
rollout/ep_rew_mean,8192,1.1659924983978271,f2013,44
rollout/ep_rew_mean,8704,1.1883702278137207,f2013,44
rollout/ep_rew_mean,9216,1.1917345523834229,f2013,44
rollout/ep_rew_mean,9728,1.1969690322875977,f2013,44
rollout/ep_rew_mean,10240,1.1871013641357422,f2013,44
rollout/ep_rew_mean,10752,1.1952375173568726,f2013,44
rollout/ep_rew_mean,11264,1.2049181461334229,f2013,44
rollout/ep_rew_mean,11776,1.204270601272583,f2013,44
rollout/ep_rew_mean,12288,1.212773084640503,f2013,44
rollout/ep_rew_mean,12800,1.1898465156555176,f2013,44
rollout/ep_rew_mean,13312,1.1959342956542969,f2013,44
rollout/ep_rew_mean,13824,1.2236305475234985,f2013,44
rollout/ep_rew_mean,14336,1.2097517251968384,f2013,44
rollout/ep_rew_mean,14848,1.1968060731887817,f2013,44
rollout/ep_rew_mean,15360,1.2071837186813354,f2013,44
rollout/ep_rew_mean,15872,1.1850613355636597,f2013,44
rollout/ep_rew_mean,16384,1.2042570114135742,f2013,44
rollout/ep_rew_mean,16896,1.2006763219833374,f2013,44
rollout/ep_rew_mean,17408,1.1809184551239014,f2013,44
rollout/ep_rew_mean,17920,1.1828221082687378,f2013,44
rollout/ep_rew_mean,18432,1.213991641998291,f2013,44
rollout/ep_rew_mean,18944,1.2049272060394287,f2013,44
rollout/ep_rew_mean,19456,1.187406063079834,f2013,44
rollout/ep_rew_mean,19968,1.1822842359542847,f2013,44
time/fps,512,7.0,f2013,44
time/fps,1024,7.0,f2013,44
time/fps,1536,6.0,f2013,44
time/fps,2048,6.0,f2013,44
time/fps,2560,6.0,f2013,44
time/fps,3072,6.0,f2013,44
time/fps,3584,6.0,f2013,44
time/fps,4096,6.0,f2013,44
time/fps,4608,6.0,f2013,44
time/fps,5120,7.0,f2013,44
time/fps,5632,7.0,f2013,44
time/fps,6144,6.0,f2013,44
time/fps,6656,6.0,f2013,44
time/fps,7168,7.0,f2013,44
time/fps,7680,7.0,f2013,44
time/fps,8192,7.0,f2013,44
time/fps,8704,7.0,f2013,44
time/fps,9216,7.0,f2013,44
time/fps,9728,7.0,f2013,44
time/fps,10240,7.0,f2013,44
time/fps,10752,7.0,f2013,44
time/fps,11264,7.0,f2013,44
time/fps,11776,7.0,f2013,44
time/fps,12288,7.0,f2013,44
time/fps,12800,7.0,f2013,44
time/fps,13312,7.0,f2013,44
time/fps,13824,7.0,f2013,44
time/fps,14336,7.0,f2013,44
time/fps,14848,7.0,f2013,44
time/fps,15360,7.0,f2013,44
time/fps,15872,7.0,f2013,44
time/fps,16384,7.0,f2013,44
time/fps,16896,7.0,f2013,44
time/fps,17408,7.0,f2013,44
time/fps,17920,7.0,f2013,44
time/fps,18432,7.0,f2013,44
time/fps,18944,7.0,f2013,44
time/fps,19456,7.0,f2013,44
time/fps,19968,7.0,f2013,44
train/approx_kl,1024,0.005413387902081013,f2013,44
train/approx_kl,1536,0.007974598556756973,f2013,44
train/approx_kl,2048,0.011626364663243294,f2013,44
train/approx_kl,2560,0.009288229048252106,f2013,44
train/approx_kl,3072,0.012141275219619274,f2013,44
train/approx_kl,3584,0.008715009316802025,f2013,44
train/approx_kl,4096,0.008473880589008331,f2013,44
train/approx_kl,4608,0.01298418827354908,f2013,44
train/approx_kl,5120,0.012087441980838776,f2013,44
train/approx_kl,5632,0.011491854675114155,f2013,44
train/approx_kl,6144,0.01135267037898302,f2013,44
train/approx_kl,6656,0.017380578443408012,f2013,44
train/approx_kl,7168,0.008869471959769726,f2013,44
train/approx_kl,7680,0.014705559238791466,f2013,44
train/approx_kl,8192,0.008407451212406158,f2013,44
train/approx_kl,8704,0.010318619199097157,f2013,44
train/approx_kl,9216,0.009420214220881462,f2013,44
train/approx_kl,9728,0.01119938399642706,f2013,44
train/approx_kl,10240,0.01220468059182167,f2013,44
train/approx_kl,10752,0.010564171709120274,f2013,44
train/approx_kl,11264,0.009123534895479679,f2013,44
train/approx_kl,11776,0.01007472537457943,f2013,44
train/approx_kl,12288,0.00826868787407875,f2013,44
train/approx_kl,12800,0.010506250895559788,f2013,44
train/approx_kl,13312,0.013156341388821602,f2013,44
train/approx_kl,13824,0.0077439118176698685,f2013,44
train/approx_kl,14336,0.006884915754199028,f2013,44
train/approx_kl,14848,0.01592184230685234,f2013,44
train/approx_kl,15360,0.009253389202058315,f2013,44
train/approx_kl,15872,0.00797619391232729,f2013,44
train/approx_kl,16384,0.0071708643808960915,f2013,44
train/approx_kl,16896,0.010272731073200703,f2013,44
train/approx_kl,17408,0.009999173693358898,f2013,44
train/approx_kl,17920,0.007683075964450836,f2013,44
train/approx_kl,18432,0.011852744966745377,f2013,44
train/approx_kl,18944,0.01077790092676878,f2013,44
train/approx_kl,19456,0.013865385204553604,f2013,44
train/approx_kl,19968,0.008897230960428715,f2013,44
train/clip_fraction,1024,0.02089843712747097,f2013,44
train/clip_fraction,1536,0.02714843675494194,f2013,44
train/clip_fraction,2048,0.05839843675494194,f2013,44
train/clip_fraction,2560,0.04296875,f2013,44
train/clip_fraction,3072,0.05742187425494194,f2013,44
train/clip_fraction,3584,0.04843749850988388,f2013,44
train/clip_fraction,4096,0.04218750074505806,f2013,44
train/clip_fraction,4608,0.0712890625,f2013,44
train/clip_fraction,5120,0.07871093600988388,f2013,44
train/clip_fraction,5632,0.06601562350988388,f2013,44
train/clip_fraction,6144,0.06894531100988388,f2013,44
train/clip_fraction,6656,0.10292968899011612,f2013,44
train/clip_fraction,7168,0.046875,f2013,44
train/clip_fraction,7680,0.08027343451976776,f2013,44
train/clip_fraction,8192,0.05527343600988388,f2013,44
train/clip_fraction,8704,0.05410156399011612,f2013,44
train/clip_fraction,9216,0.046875,f2013,44
train/clip_fraction,9728,0.06816406548023224,f2013,44
train/clip_fraction,10240,0.08339843899011612,f2013,44
train/clip_fraction,10752,0.07578124850988388,f2013,44
train/clip_fraction,11264,0.04824218899011612,f2013,44
train/clip_fraction,11776,0.05097656324505806,f2013,44
train/clip_fraction,12288,0.06093750149011612,f2013,44
train/clip_fraction,12800,0.05683593824505806,f2013,44
train/clip_fraction,13312,0.07968749850988388,f2013,44
train/clip_fraction,13824,0.03281249850988388,f2013,44
train/clip_fraction,14336,0.03007812425494194,f2013,44
train/clip_fraction,14848,0.09550781548023224,f2013,44
train/clip_fraction,15360,0.05644531175494194,f2013,44
train/clip_fraction,15872,0.0546875,f2013,44
train/clip_fraction,16384,0.041015625,f2013,44
train/clip_fraction,16896,0.06171875074505806,f2013,44
train/clip_fraction,17408,0.07949218899011612,f2013,44
train/clip_fraction,17920,0.04863281175494194,f2013,44
train/clip_fraction,18432,0.0908203125,f2013,44
train/clip_fraction,18944,0.06289062649011612,f2013,44
train/clip_fraction,19456,0.11464843899011612,f2013,44
train/clip_fraction,19968,0.0615234375,f2013,44
train/clip_range,1024,0.20000000298023224,f2013,44
train/clip_range,1536,0.20000000298023224,f2013,44
train/clip_range,2048,0.20000000298023224,f2013,44
train/clip_range,2560,0.20000000298023224,f2013,44
train/clip_range,3072,0.20000000298023224,f2013,44
train/clip_range,3584,0.20000000298023224,f2013,44
train/clip_range,4096,0.20000000298023224,f2013,44
train/clip_range,4608,0.20000000298023224,f2013,44
train/clip_range,5120,0.20000000298023224,f2013,44
train/clip_range,5632,0.20000000298023224,f2013,44
train/clip_range,6144,0.20000000298023224,f2013,44
train/clip_range,6656,0.20000000298023224,f2013,44
train/clip_range,7168,0.20000000298023224,f2013,44
train/clip_range,7680,0.20000000298023224,f2013,44
train/clip_range,8192,0.20000000298023224,f2013,44
train/clip_range,8704,0.20000000298023224,f2013,44
train/clip_range,9216,0.20000000298023224,f2013,44
train/clip_range,9728,0.20000000298023224,f2013,44
train/clip_range,10240,0.20000000298023224,f2013,44
train/clip_range,10752,0.20000000298023224,f2013,44
train/clip_range,11264,0.20000000298023224,f2013,44
train/clip_range,11776,0.20000000298023224,f2013,44
train/clip_range,12288,0.20000000298023224,f2013,44
train/clip_range,12800,0.20000000298023224,f2013,44
train/clip_range,13312,0.20000000298023224,f2013,44
train/clip_range,13824,0.20000000298023224,f2013,44
train/clip_range,14336,0.20000000298023224,f2013,44
train/clip_range,14848,0.20000000298023224,f2013,44
train/clip_range,15360,0.20000000298023224,f2013,44
train/clip_range,15872,0.20000000298023224,f2013,44
train/clip_range,16384,0.20000000298023224,f2013,44
train/clip_range,16896,0.20000000298023224,f2013,44
train/clip_range,17408,0.20000000298023224,f2013,44
train/clip_range,17920,0.20000000298023224,f2013,44
train/clip_range,18432,0.20000000298023224,f2013,44
train/clip_range,18944,0.20000000298023224,f2013,44
train/clip_range,19456,0.20000000298023224,f2013,44
train/clip_range,19968,0.20000000298023224,f2013,44
train/entropy_loss,1024,-3.674929141998291,f2013,44
train/entropy_loss,1536,-3.6686794757843018,f2013,44
train/entropy_loss,2048,-3.654547691345215,f2013,44
train/entropy_loss,2560,-3.6217963695526123,f2013,44
train/entropy_loss,3072,-3.5891153812408447,f2013,44
train/entropy_loss,3584,-3.5671918392181396,f2013,44
train/entropy_loss,4096,-3.5381414890289307,f2013,44
train/entropy_loss,4608,-3.5112833976745605,f2013,44
train/entropy_loss,5120,-3.4980287551879883,f2013,44
train/entropy_loss,5632,-3.481271266937256,f2013,44
train/entropy_loss,6144,-3.4599242210388184,f2013,44
train/entropy_loss,6656,-3.438674211502075,f2013,44
train/entropy_loss,7168,-3.4240803718566895,f2013,44
train/entropy_loss,7680,-3.399308681488037,f2013,44
train/entropy_loss,8192,-3.3587639331817627,f2013,44
train/entropy_loss,8704,-3.337163209915161,f2013,44
train/entropy_loss,9216,-3.321946620941162,f2013,44
train/entropy_loss,9728,-3.3004486560821533,f2013,44
train/entropy_loss,10240,-3.276005744934082,f2013,44
train/entropy_loss,10752,-3.248969793319702,f2013,44
train/entropy_loss,11264,-3.2232298851013184,f2013,44
train/entropy_loss,11776,-3.202378273010254,f2013,44
train/entropy_loss,12288,-3.1782071590423584,f2013,44
train/entropy_loss,12800,-3.155273914337158,f2013,44
train/entropy_loss,13312,-3.134892225265503,f2013,44
train/entropy_loss,13824,-3.112928628921509,f2013,44
train/entropy_loss,14336,-3.093838691711426,f2013,44
train/entropy_loss,14848,-3.072474479675293,f2013,44
train/entropy_loss,15360,-3.05562162399292,f2013,44
train/entropy_loss,15872,-3.0457634925842285,f2013,44
train/entropy_loss,16384,-3.0391244888305664,f2013,44
train/entropy_loss,16896,-3.029489278793335,f2013,44
train/entropy_loss,17408,-3.0118231773376465,f2013,44
train/entropy_loss,17920,-2.9893798828125,f2013,44
train/entropy_loss,18432,-2.965409278869629,f2013,44
train/entropy_loss,18944,-2.9466261863708496,f2013,44
train/entropy_loss,19456,-2.924339771270752,f2013,44
train/entropy_loss,19968,-2.896312713623047,f2013,44
train/explained_variance,1024,-18.277427673339844,f2013,44
train/explained_variance,1536,-5.202873706817627,f2013,44
train/explained_variance,2048,-2.933354377746582,f2013,44
train/explained_variance,2560,-1.1407124996185303,f2013,44
train/explained_variance,3072,-1.246370792388916,f2013,44
train/explained_variance,3584,-1.4553000926971436,f2013,44
train/explained_variance,4096,-1.9042751789093018,f2013,44
train/explained_variance,4608,-1.3345391750335693,f2013,44
train/explained_variance,5120,-1.1874430179595947,f2013,44
train/explained_variance,5632,-1.2486422061920166,f2013,44
train/explained_variance,6144,-0.97350013256073,f2013,44
train/explained_variance,6656,-1.325639247894287,f2013,44
train/explained_variance,7168,-1.123579740524292,f2013,44
train/explained_variance,7680,-0.7280099391937256,f2013,44
train/explained_variance,8192,-0.49431467056274414,f2013,44
train/explained_variance,8704,-0.4083669185638428,f2013,44
train/explained_variance,9216,-0.4388028383255005,f2013,44
train/explained_variance,9728,-0.35561811923980713,f2013,44
train/explained_variance,10240,-0.37103497982025146,f2013,44
train/explained_variance,10752,-0.12330496311187744,f2013,44
train/explained_variance,11264,-0.4113187789916992,f2013,44
train/explained_variance,11776,-0.1530548334121704,f2013,44
train/explained_variance,12288,-0.25467395782470703,f2013,44
train/explained_variance,12800,-0.264461874961853,f2013,44
train/explained_variance,13312,-0.13685977458953857,f2013,44
train/explained_variance,13824,-0.17190229892730713,f2013,44
train/explained_variance,14336,-0.22974467277526855,f2013,44
train/explained_variance,14848,-0.09623491764068604,f2013,44
train/explained_variance,15360,-0.1994236707687378,f2013,44
train/explained_variance,15872,-0.20742666721343994,f2013,44
train/explained_variance,16384,-0.01146841049194336,f2013,44
train/explained_variance,16896,-0.04685699939727783,f2013,44
train/explained_variance,17408,-0.05644881725311279,f2013,44
train/explained_variance,17920,-0.06049346923828125,f2013,44
train/explained_variance,18432,-0.09922873973846436,f2013,44
train/explained_variance,18944,0.05604642629623413,f2013,44
train/explained_variance,19456,0.0005846023559570312,f2013,44
train/explained_variance,19968,-0.0821610689163208,f2013,44
train/learning_rate,1024,0.0003000000142492354,f2013,44
train/learning_rate,1536,0.0003000000142492354,f2013,44
train/learning_rate,2048,0.0003000000142492354,f2013,44
train/learning_rate,2560,0.0003000000142492354,f2013,44
train/learning_rate,3072,0.0003000000142492354,f2013,44
train/learning_rate,3584,0.0003000000142492354,f2013,44
train/learning_rate,4096,0.0003000000142492354,f2013,44
train/learning_rate,4608,0.0003000000142492354,f2013,44
train/learning_rate,5120,0.0003000000142492354,f2013,44
train/learning_rate,5632,0.0003000000142492354,f2013,44
train/learning_rate,6144,0.0003000000142492354,f2013,44
train/learning_rate,6656,0.0003000000142492354,f2013,44
train/learning_rate,7168,0.0003000000142492354,f2013,44
train/learning_rate,7680,0.0003000000142492354,f2013,44
train/learning_rate,8192,0.0003000000142492354,f2013,44
train/learning_rate,8704,0.0003000000142492354,f2013,44
train/learning_rate,9216,0.0003000000142492354,f2013,44
train/learning_rate,9728,0.0003000000142492354,f2013,44
train/learning_rate,10240,0.0003000000142492354,f2013,44
train/learning_rate,10752,0.0003000000142492354,f2013,44
train/learning_rate,11264,0.0003000000142492354,f2013,44
train/learning_rate,11776,0.0003000000142492354,f2013,44
train/learning_rate,12288,0.0003000000142492354,f2013,44
train/learning_rate,12800,0.0003000000142492354,f2013,44
train/learning_rate,13312,0.0003000000142492354,f2013,44
train/learning_rate,13824,0.0003000000142492354,f2013,44
train/learning_rate,14336,0.0003000000142492354,f2013,44
train/learning_rate,14848,0.0003000000142492354,f2013,44
train/learning_rate,15360,0.0003000000142492354,f2013,44
train/learning_rate,15872,0.0003000000142492354,f2013,44
train/learning_rate,16384,0.0003000000142492354,f2013,44
train/learning_rate,16896,0.0003000000142492354,f2013,44
train/learning_rate,17408,0.0003000000142492354,f2013,44
train/learning_rate,17920,0.0003000000142492354,f2013,44
train/learning_rate,18432,0.0003000000142492354,f2013,44
train/learning_rate,18944,0.0003000000142492354,f2013,44
train/learning_rate,19456,0.0003000000142492354,f2013,44
train/learning_rate,19968,0.0003000000142492354,f2013,44
train/loss,1024,0.595205545425415,f2013,44
train/loss,1536,0.3783809542655945,f2013,44
train/loss,2048,0.3425741195678711,f2013,44
train/loss,2560,0.20306456089019775,f2013,44
train/loss,3072,0.0824144035577774,f2013,44
train/loss,3584,0.021303996443748474,f2013,44
train/loss,4096,0.010458305478096008,f2013,44
train/loss,4608,-0.025388311594724655,f2013,44
train/loss,5120,-0.01155104860663414,f2013,44
train/loss,5632,-0.0032691098749637604,f2013,44
train/loss,6144,-0.028567401692271233,f2013,44
train/loss,6656,-0.036159396171569824,f2013,44
train/loss,7168,-0.013294447213411331,f2013,44
train/loss,7680,-0.017551545053720474,f2013,44
train/loss,8192,-0.023318056017160416,f2013,44
train/loss,8704,-0.02434253878891468,f2013,44
train/loss,9216,-0.01757918857038021,f2013,44
train/loss,9728,-0.015664637088775635,f2013,44
train/loss,10240,-0.035443127155303955,f2013,44
train/loss,10752,0.0012823110446333885,f2013,44
train/loss,11264,-0.022731628268957138,f2013,44
train/loss,11776,-0.025483500212430954,f2013,44
train/loss,12288,-0.019108809530735016,f2013,44
train/loss,12800,-0.022815031930804253,f2013,44
train/loss,13312,-0.029411254450678825,f2013,44
train/loss,13824,-0.031653109937906265,f2013,44
train/loss,14336,-0.016693539917469025,f2013,44
train/loss,14848,-0.026977933943271637,f2013,44
train/loss,15360,-0.00858908612281084,f2013,44
train/loss,15872,-0.01864803209900856,f2013,44
train/loss,16384,0.0027295323088765144,f2013,44
train/loss,16896,-0.02952156588435173,f2013,44
train/loss,17408,-0.022177323698997498,f2013,44
train/loss,17920,-0.014560735784471035,f2013,44
train/loss,18432,-0.026917539536952972,f2013,44
train/loss,18944,-0.020247941836714745,f2013,44
train/loss,19456,-0.048274412751197815,f2013,44
train/loss,19968,-0.030985362827777863,f2013,44
train/policy_gradient_loss,1024,-0.01148545928299427,f2013,44
train/policy_gradient_loss,1536,-0.015942448750138283,f2013,44
train/policy_gradient_loss,2048,-0.020536847412586212,f2013,44
train/policy_gradient_loss,2560,-0.022456306964159012,f2013,44
train/policy_gradient_loss,3072,-0.027147367596626282,f2013,44
train/policy_gradient_loss,3584,-0.018337976187467575,f2013,44
train/policy_gradient_loss,4096,-0.016698405146598816,f2013,44
train/policy_gradient_loss,4608,-0.023147106170654297,f2013,44
train/policy_gradient_loss,5120,-0.017869858071208,f2013,44
train/policy_gradient_loss,5632,-0.020060885697603226,f2013,44
train/policy_gradient_loss,6144,-0.020979396998882294,f2013,44
train/policy_gradient_loss,6656,-0.024330947548151016,f2013,44
train/policy_gradient_loss,7168,-0.012314798310399055,f2013,44
train/policy_gradient_loss,7680,-0.019140684977173805,f2013,44
train/policy_gradient_loss,8192,-0.016184436157345772,f2013,44
train/policy_gradient_loss,8704,-0.015084657818078995,f2013,44
train/policy_gradient_loss,9216,-0.01912059634923935,f2013,44
train/policy_gradient_loss,9728,-0.01878695748746395,f2013,44
train/policy_gradient_loss,10240,-0.018173007294535637,f2013,44
train/policy_gradient_loss,10752,-0.01780291087925434,f2013,44
train/policy_gradient_loss,11264,-0.014737444929778576,f2013,44
train/policy_gradient_loss,11776,-0.018014412373304367,f2013,44
train/policy_gradient_loss,12288,-0.014494006521999836,f2013,44
train/policy_gradient_loss,12800,-0.017293032258749008,f2013,44
train/policy_gradient_loss,13312,-0.022900285199284554,f2013,44
train/policy_gradient_loss,13824,-0.015657465904951096,f2013,44
train/policy_gradient_loss,14336,-0.014217962510883808,f2013,44
train/policy_gradient_loss,14848,-0.025054490193724632,f2013,44
train/policy_gradient_loss,15360,-0.01490891631692648,f2013,44
train/policy_gradient_loss,15872,-0.01568729057908058,f2013,44
train/policy_gradient_loss,16384,-0.011480255052447319,f2013,44
train/policy_gradient_loss,16896,-0.015155249275267124,f2013,44
train/policy_gradient_loss,17408,-0.017267096787691116,f2013,44
train/policy_gradient_loss,17920,-0.015354645438492298,f2013,44
train/policy_gradient_loss,18432,-0.020495247095823288,f2013,44
train/policy_gradient_loss,18944,-0.01699007675051689,f2013,44
train/policy_gradient_loss,19456,-0.024249011650681496,f2013,44
train/policy_gradient_loss,19968,-0.01609133370220661,f2013,44
train/std,1024,0.6060124039649963,f2013,44
train/std,1536,0.6050089597702026,f2013,44
train/std,2048,0.6013010144233704,f2013,44
train/std,2560,0.5954945087432861,f2013,44
train/std,3072,0.5921836495399475,f2013,44
train/std,3584,0.5886332392692566,f2013,44
train/std,4096,0.584092915058136,f2013,44
train/std,4608,0.5818052291870117,f2013,44
train/std,5120,0.5798720717430115,f2013,44
train/std,5632,0.5777125358581543,f2013,44
train/std,6144,0.5741539597511292,f2013,44
train/std,6656,0.57216876745224,f2013,44
train/std,7168,0.5704703330993652,f2013,44
train/std,7680,0.5646712779998779,f2013,44
train/std,8192,0.5603524446487427,f2013,44
train/std,8704,0.5589128136634827,f2013,44
train/std,9216,0.5560611486434937,f2013,44
train/std,9728,0.5533573627471924,f2013,44
train/std,10240,0.549695611000061,f2013,44
train/std,10752,0.5462049841880798,f2013,44
train/std,11264,0.5435609817504883,f2013,44
train/std,11776,0.5404301285743713,f2013,44
train/std,12288,0.537092924118042,f2013,44
train/std,12800,0.5348877310752869,f2013,44
train/std,13312,0.5316911339759827,f2013,44
train/std,13824,0.5294945240020752,f2013,44
train/std,14336,0.527238667011261,f2013,44
train/std,14848,0.5248723030090332,f2013,44
train/std,15360,0.52315753698349,f2013,44
train/std,15872,0.5227881073951721,f2013,44
train/std,16384,0.5224442481994629,f2013,44
train/std,16896,0.5208564400672913,f2013,44
train/std,17408,0.5184719562530518,f2013,44
train/std,17920,0.5153254270553589,f2013,44
train/std,18432,0.5131316184997559,f2013,44
train/std,18944,0.5114454030990601,f2013,44
train/std,19456,0.5077213048934937,f2013,44
train/std,19968,0.5047810077667236,f2013,44
train/value_loss,1024,1.4839370250701904,f2013,44
train/value_loss,1536,1.0209529399871826,f2013,44
train/value_loss,2048,0.8291881084442139,f2013,44
train/value_loss,2560,0.5857670903205872,f2013,44
train/value_loss,3072,0.3943665027618408,f2013,44
train/value_loss,3584,0.20765386521816254,f2013,44
train/value_loss,4096,0.10274069011211395,f2013,44
train/value_loss,4608,0.058781273663043976,f2013,44
train/value_loss,5120,0.041625216603279114,f2013,44
train/value_loss,5632,0.04057146981358528,f2013,44
train/value_loss,6144,0.03849075362086296,f2013,44
train/value_loss,6656,0.03397442027926445,f2013,44
train/value_loss,7168,0.03822034224867821,f2013,44
train/value_loss,7680,0.034122202545404434,f2013,44
train/value_loss,8192,0.033419832587242126,f2013,44
train/value_loss,8704,0.02482197992503643,f2013,44
train/value_loss,9216,0.02839617431163788,f2013,44
train/value_loss,9728,0.02805415168404579,f2013,44
train/value_loss,10240,0.024204891175031662,f2013,44
train/value_loss,10752,0.025365497916936874,f2013,44
train/value_loss,11264,0.022124668583273888,f2013,44
train/value_loss,11776,0.021187586709856987,f2013,44
train/value_loss,12288,0.021900920197367668,f2013,44
train/value_loss,12800,0.019474031403660774,f2013,44
train/value_loss,13312,0.02135392650961876,f2013,44
train/value_loss,13824,0.02426263317465782,f2013,44
train/value_loss,14336,0.02110043354332447,f2013,44
train/value_loss,14848,0.02443266287446022,f2013,44
train/value_loss,15360,0.018746156245470047,f2013,44
train/value_loss,15872,0.020555932074785233,f2013,44
train/value_loss,16384,0.016330266371369362,f2013,44
train/value_loss,16896,0.017315424978733063,f2013,44
train/value_loss,17408,0.02054029144346714,f2013,44
train/value_loss,17920,0.019070181995630264,f2013,44
train/value_loss,18432,0.01643088273704052,f2013,44
train/value_loss,18944,0.01758926548063755,f2013,44
train/value_loss,19456,0.01464028935879469,f2013,44
train/value_loss,19968,0.018228555098176003,f2013,44
rollout/ep_len_mean,512,1.0,f2013,45
rollout/ep_len_mean,1024,1.0,f2013,45
rollout/ep_len_mean,1536,1.0,f2013,45
rollout/ep_len_mean,2048,1.0,f2013,45
rollout/ep_len_mean,2560,1.0,f2013,45
rollout/ep_len_mean,3072,1.0,f2013,45
rollout/ep_len_mean,3584,1.0,f2013,45
rollout/ep_len_mean,4096,1.0,f2013,45
rollout/ep_len_mean,4608,1.0,f2013,45
rollout/ep_len_mean,5120,1.0,f2013,45
rollout/ep_len_mean,5632,1.0,f2013,45
rollout/ep_len_mean,6144,1.0,f2013,45
rollout/ep_len_mean,6656,1.0,f2013,45
rollout/ep_len_mean,7168,1.0,f2013,45
rollout/ep_len_mean,7680,1.0,f2013,45
rollout/ep_len_mean,8192,1.0,f2013,45
rollout/ep_len_mean,8704,1.0,f2013,45
rollout/ep_len_mean,9216,1.0,f2013,45
rollout/ep_len_mean,9728,1.0,f2013,45
rollout/ep_len_mean,10240,1.0,f2013,45
rollout/ep_len_mean,10752,1.0,f2013,45
rollout/ep_len_mean,11264,1.0,f2013,45
rollout/ep_len_mean,11776,1.0,f2013,45
rollout/ep_len_mean,12288,1.0,f2013,45
rollout/ep_len_mean,12800,1.0,f2013,45
rollout/ep_len_mean,13312,1.0,f2013,45
rollout/ep_len_mean,13824,1.0,f2013,45
rollout/ep_len_mean,14336,1.0,f2013,45
rollout/ep_len_mean,14848,1.0,f2013,45
rollout/ep_len_mean,15360,1.0,f2013,45
rollout/ep_len_mean,15872,1.0,f2013,45
rollout/ep_len_mean,16384,1.0,f2013,45
rollout/ep_len_mean,16896,1.0,f2013,45
rollout/ep_len_mean,17408,1.0,f2013,45
rollout/ep_len_mean,17920,1.0,f2013,45
rollout/ep_len_mean,18432,1.0,f2013,45
rollout/ep_len_mean,18944,1.0,f2013,45
rollout/ep_len_mean,19456,1.0,f2013,45
rollout/ep_len_mean,19968,1.0,f2013,45
rollout/ep_len_mean,20480,1.0,f2013,45
rollout/ep_len_mean,20992,1.0,f2013,45
rollout/ep_len_mean,21504,1.0,f2013,45
rollout/ep_len_mean,22016,1.0,f2013,45
rollout/ep_len_mean,22528,1.0,f2013,45
rollout/ep_len_mean,23040,1.0,f2013,45
rollout/ep_len_mean,23552,1.0,f2013,45
rollout/ep_len_mean,24064,1.0,f2013,45
rollout/ep_rew_mean,512,1.1374099254608154,f2013,45
rollout/ep_rew_mean,1024,1.1244169473648071,f2013,45
rollout/ep_rew_mean,1536,1.1573868989944458,f2013,45
rollout/ep_rew_mean,2048,1.1644912958145142,f2013,45
rollout/ep_rew_mean,2560,1.1433765888214111,f2013,45
rollout/ep_rew_mean,3072,1.1822706460952759,f2013,45
rollout/ep_rew_mean,3584,1.1590447425842285,f2013,45
rollout/ep_rew_mean,4096,1.1814444065093994,f2013,45
rollout/ep_rew_mean,4608,1.1801468133926392,f2013,45
rollout/ep_rew_mean,5120,1.1798831224441528,f2013,45
rollout/ep_rew_mean,5632,1.1516450643539429,f2013,45
rollout/ep_rew_mean,6144,1.1862175464630127,f2013,45
rollout/ep_rew_mean,6656,1.1718405485153198,f2013,45
rollout/ep_rew_mean,7168,1.18379545211792,f2013,45
rollout/ep_rew_mean,7680,1.1673225164413452,f2013,45
rollout/ep_rew_mean,8192,1.2144774198532104,f2013,45
rollout/ep_rew_mean,8704,1.2062519788742065,f2013,45
rollout/ep_rew_mean,9216,1.1739964485168457,f2013,45
rollout/ep_rew_mean,9728,1.184984564781189,f2013,45
rollout/ep_rew_mean,10240,1.1804654598236084,f2013,45
rollout/ep_rew_mean,10752,1.1993948221206665,f2013,45
rollout/ep_rew_mean,11264,1.1782805919647217,f2013,45
rollout/ep_rew_mean,11776,1.2072376012802124,f2013,45
rollout/ep_rew_mean,12288,1.2034379243850708,f2013,45
rollout/ep_rew_mean,12800,1.2035783529281616,f2013,45
rollout/ep_rew_mean,13312,1.2066631317138672,f2013,45
rollout/ep_rew_mean,13824,1.2059910297393799,f2013,45
rollout/ep_rew_mean,14336,1.197771668434143,f2013,45
rollout/ep_rew_mean,14848,1.2151219844818115,f2013,45
rollout/ep_rew_mean,15360,1.2029296159744263,f2013,45
rollout/ep_rew_mean,15872,1.176446795463562,f2013,45
rollout/ep_rew_mean,16384,1.2064920663833618,f2013,45
rollout/ep_rew_mean,16896,1.2103514671325684,f2013,45
rollout/ep_rew_mean,17408,1.2011909484863281,f2013,45
rollout/ep_rew_mean,17920,1.1599256992340088,f2013,45
rollout/ep_rew_mean,18432,1.2088476419448853,f2013,45
rollout/ep_rew_mean,18944,1.1899479627609253,f2013,45
rollout/ep_rew_mean,19456,1.1825729608535767,f2013,45
rollout/ep_rew_mean,19968,1.1840488910675049,f2013,45
rollout/ep_rew_mean,20480,1.206984043121338,f2013,45
rollout/ep_rew_mean,20992,1.1960015296936035,f2013,45
rollout/ep_rew_mean,21504,1.1977887153625488,f2013,45
rollout/ep_rew_mean,22016,1.1868764162063599,f2013,45
rollout/ep_rew_mean,22528,1.2158929109573364,f2013,45
rollout/ep_rew_mean,23040,1.1988041400909424,f2013,45
rollout/ep_rew_mean,23552,1.2177176475524902,f2013,45
rollout/ep_rew_mean,24064,1.2014203071594238,f2013,45
time/fps,512,5.0,f2013,45
time/fps,1024,5.0,f2013,45
time/fps,1536,5.0,f2013,45
time/fps,2048,5.0,f2013,45
time/fps,2560,5.0,f2013,45
time/fps,3072,5.0,f2013,45
time/fps,3584,5.0,f2013,45
time/fps,4096,5.0,f2013,45
time/fps,4608,5.0,f2013,45
time/fps,5120,5.0,f2013,45
time/fps,5632,5.0,f2013,45
time/fps,6144,5.0,f2013,45
time/fps,6656,5.0,f2013,45
time/fps,7168,5.0,f2013,45
time/fps,7680,5.0,f2013,45
time/fps,8192,5.0,f2013,45
time/fps,8704,5.0,f2013,45
time/fps,9216,5.0,f2013,45
time/fps,9728,6.0,f2013,45
time/fps,10240,6.0,f2013,45
time/fps,10752,6.0,f2013,45
time/fps,11264,6.0,f2013,45
time/fps,11776,6.0,f2013,45
time/fps,12288,6.0,f2013,45
time/fps,12800,6.0,f2013,45
time/fps,13312,6.0,f2013,45
time/fps,13824,6.0,f2013,45
time/fps,14336,6.0,f2013,45
time/fps,14848,6.0,f2013,45
time/fps,15360,6.0,f2013,45
time/fps,15872,6.0,f2013,45
time/fps,16384,6.0,f2013,45
time/fps,16896,6.0,f2013,45
time/fps,17408,6.0,f2013,45
time/fps,17920,6.0,f2013,45
time/fps,18432,6.0,f2013,45
time/fps,18944,6.0,f2013,45
time/fps,19456,6.0,f2013,45
time/fps,19968,6.0,f2013,45
time/fps,20480,6.0,f2013,45
time/fps,20992,6.0,f2013,45
time/fps,21504,6.0,f2013,45
time/fps,22016,6.0,f2013,45
time/fps,22528,6.0,f2013,45
time/fps,23040,6.0,f2013,45
time/fps,23552,6.0,f2013,45
time/fps,24064,6.0,f2013,45
train/approx_kl,1024,0.006499841809272766,f2013,45
train/approx_kl,1536,0.006239590235054493,f2013,45
train/approx_kl,2048,0.009725777432322502,f2013,45
train/approx_kl,2560,0.010491330176591873,f2013,45
train/approx_kl,3072,0.00818657223135233,f2013,45
train/approx_kl,3584,0.0103611433878541,f2013,45
train/approx_kl,4096,0.011372160166501999,f2013,45
train/approx_kl,4608,0.013070745393633842,f2013,45
train/approx_kl,5120,0.01740814372897148,f2013,45
train/approx_kl,5632,0.011723766103386879,f2013,45
train/approx_kl,6144,0.014501051977276802,f2013,45
train/approx_kl,6656,0.012516031041741371,f2013,45
train/approx_kl,7168,0.011292836628854275,f2013,45
train/approx_kl,7680,0.012854652479290962,f2013,45
train/approx_kl,8192,0.01091090776026249,f2013,45
train/approx_kl,8704,0.0114862360060215,f2013,45
train/approx_kl,9216,0.011693943291902542,f2013,45
train/approx_kl,9728,0.00937434658408165,f2013,45
train/approx_kl,10240,0.008184053935110569,f2013,45
train/approx_kl,10752,0.010778769850730896,f2013,45
train/approx_kl,11264,0.011079780757427216,f2013,45
train/approx_kl,11776,0.00900284107774496,f2013,45
train/approx_kl,12288,0.013591088354587555,f2013,45
train/approx_kl,12800,0.008765129372477531,f2013,45
train/approx_kl,13312,0.010776928626000881,f2013,45
train/approx_kl,13824,0.010044783353805542,f2013,45
train/approx_kl,14336,0.010709229856729507,f2013,45
train/approx_kl,14848,0.012677132152020931,f2013,45
train/approx_kl,15360,0.014605553820729256,f2013,45
train/approx_kl,15872,0.00973607413470745,f2013,45
train/approx_kl,16384,0.01105017215013504,f2013,45
train/approx_kl,16896,0.009246215224266052,f2013,45
train/approx_kl,17408,0.006927814334630966,f2013,45
train/approx_kl,17920,0.012635696679353714,f2013,45
train/approx_kl,18432,0.009469469077885151,f2013,45
train/approx_kl,18944,0.012144492007791996,f2013,45
train/approx_kl,19456,0.010907623916864395,f2013,45
train/approx_kl,19968,0.011507133021950722,f2013,45
train/approx_kl,20480,0.014474062249064445,f2013,45
train/approx_kl,20992,0.009675249457359314,f2013,45
train/approx_kl,21504,0.010828865692019463,f2013,45
train/approx_kl,22016,0.013527194038033485,f2013,45
train/approx_kl,22528,0.01001449953764677,f2013,45
train/approx_kl,23040,0.01396946795284748,f2013,45
train/approx_kl,23552,0.011530537158250809,f2013,45
train/approx_kl,24064,0.013545004650950432,f2013,45
train/clip_fraction,1024,0.02187499962747097,f2013,45
train/clip_fraction,1536,0.0263671875,f2013,45
train/clip_fraction,2048,0.04570312425494194,f2013,45
train/clip_fraction,2560,0.04531250149011612,f2013,45
train/clip_fraction,3072,0.037109375,f2013,45
train/clip_fraction,3584,0.05117187649011612,f2013,45
train/clip_fraction,4096,0.0654296875,f2013,45
train/clip_fraction,4608,0.08710937201976776,f2013,45
train/clip_fraction,5120,0.11152343451976776,f2013,45
train/clip_fraction,5632,0.07207031548023224,f2013,45
train/clip_fraction,6144,0.08945312350988388,f2013,45
train/clip_fraction,6656,0.06718750298023224,f2013,45
train/clip_fraction,7168,0.06230468675494194,f2013,45
train/clip_fraction,7680,0.08964844048023224,f2013,45
train/clip_fraction,8192,0.06972656399011612,f2013,45
train/clip_fraction,8704,0.07441405951976776,f2013,45
train/clip_fraction,9216,0.06699218600988388,f2013,45
train/clip_fraction,9728,0.052734375,f2013,45
train/clip_fraction,10240,0.03496093675494194,f2013,45
train/clip_fraction,10752,0.06386718899011612,f2013,45
train/clip_fraction,11264,0.0634765625,f2013,45
train/clip_fraction,11776,0.04433593899011612,f2013,45
train/clip_fraction,12288,0.09257812798023224,f2013,45
train/clip_fraction,12800,0.06601562350988388,f2013,45
train/clip_fraction,13312,0.08164062350988388,f2013,45
train/clip_fraction,13824,0.0673828125,f2013,45
train/clip_fraction,14336,0.07558593899011612,f2013,45
train/clip_fraction,14848,0.06914062798023224,f2013,45
train/clip_fraction,15360,0.10175780951976776,f2013,45
train/clip_fraction,15872,0.05488281324505806,f2013,45
train/clip_fraction,16384,0.08710937201976776,f2013,45
train/clip_fraction,16896,0.052734375,f2013,45
train/clip_fraction,17408,0.04902343824505806,f2013,45
train/clip_fraction,17920,0.05878906324505806,f2013,45
train/clip_fraction,18432,0.05878906324505806,f2013,45
train/clip_fraction,18944,0.10468749701976776,f2013,45
train/clip_fraction,19456,0.08749999850988388,f2013,45
train/clip_fraction,19968,0.08925781399011612,f2013,45
train/clip_fraction,20480,0.10410156100988388,f2013,45
train/clip_fraction,20992,0.04902343824505806,f2013,45
train/clip_fraction,21504,0.07656250149011612,f2013,45
train/clip_fraction,22016,0.09765625,f2013,45
train/clip_fraction,22528,0.0625,f2013,45
train/clip_fraction,23040,0.09648437798023224,f2013,45
train/clip_fraction,23552,0.08222655951976776,f2013,45
train/clip_fraction,24064,0.08046875149011612,f2013,45
train/clip_range,1024,0.20000000298023224,f2013,45
train/clip_range,1536,0.20000000298023224,f2013,45
train/clip_range,2048,0.20000000298023224,f2013,45
train/clip_range,2560,0.20000000298023224,f2013,45
train/clip_range,3072,0.20000000298023224,f2013,45
train/clip_range,3584,0.20000000298023224,f2013,45
train/clip_range,4096,0.20000000298023224,f2013,45
train/clip_range,4608,0.20000000298023224,f2013,45
train/clip_range,5120,0.20000000298023224,f2013,45
train/clip_range,5632,0.20000000298023224,f2013,45
train/clip_range,6144,0.20000000298023224,f2013,45
train/clip_range,6656,0.20000000298023224,f2013,45
train/clip_range,7168,0.20000000298023224,f2013,45
train/clip_range,7680,0.20000000298023224,f2013,45
train/clip_range,8192,0.20000000298023224,f2013,45
train/clip_range,8704,0.20000000298023224,f2013,45
train/clip_range,9216,0.20000000298023224,f2013,45
train/clip_range,9728,0.20000000298023224,f2013,45
train/clip_range,10240,0.20000000298023224,f2013,45
train/clip_range,10752,0.20000000298023224,f2013,45
train/clip_range,11264,0.20000000298023224,f2013,45
train/clip_range,11776,0.20000000298023224,f2013,45
train/clip_range,12288,0.20000000298023224,f2013,45
train/clip_range,12800,0.20000000298023224,f2013,45
train/clip_range,13312,0.20000000298023224,f2013,45
train/clip_range,13824,0.20000000298023224,f2013,45
train/clip_range,14336,0.20000000298023224,f2013,45
train/clip_range,14848,0.20000000298023224,f2013,45
train/clip_range,15360,0.20000000298023224,f2013,45
train/clip_range,15872,0.20000000298023224,f2013,45
train/clip_range,16384,0.20000000298023224,f2013,45
train/clip_range,16896,0.20000000298023224,f2013,45
train/clip_range,17408,0.20000000298023224,f2013,45
train/clip_range,17920,0.20000000298023224,f2013,45
train/clip_range,18432,0.20000000298023224,f2013,45
train/clip_range,18944,0.20000000298023224,f2013,45
train/clip_range,19456,0.20000000298023224,f2013,45
train/clip_range,19968,0.20000000298023224,f2013,45
train/clip_range,20480,0.20000000298023224,f2013,45
train/clip_range,20992,0.20000000298023224,f2013,45
train/clip_range,21504,0.20000000298023224,f2013,45
train/clip_range,22016,0.20000000298023224,f2013,45
train/clip_range,22528,0.20000000298023224,f2013,45
train/clip_range,23040,0.20000000298023224,f2013,45
train/clip_range,23552,0.20000000298023224,f2013,45
train/clip_range,24064,0.20000000298023224,f2013,45
train/entropy_loss,1024,-3.6670360565185547,f2013,45
train/entropy_loss,1536,-3.641986131668091,f2013,45
train/entropy_loss,2048,-3.611082077026367,f2013,45
train/entropy_loss,2560,-3.5913896560668945,f2013,45
train/entropy_loss,3072,-3.565260410308838,f2013,45
train/entropy_loss,3584,-3.531778573989868,f2013,45
train/entropy_loss,4096,-3.4903459548950195,f2013,45
train/entropy_loss,4608,-3.4659292697906494,f2013,45
train/entropy_loss,5120,-3.446188449859619,f2013,45
train/entropy_loss,5632,-3.421534299850464,f2013,45
train/entropy_loss,6144,-3.397279977798462,f2013,45
train/entropy_loss,6656,-3.3738105297088623,f2013,45
train/entropy_loss,7168,-3.3431191444396973,f2013,45
train/entropy_loss,7680,-3.3046436309814453,f2013,45
train/entropy_loss,8192,-3.2740345001220703,f2013,45
train/entropy_loss,8704,-3.238232374191284,f2013,45
train/entropy_loss,9216,-3.202726364135742,f2013,45
train/entropy_loss,9728,-3.178032636642456,f2013,45
train/entropy_loss,10240,-3.152181625366211,f2013,45
train/entropy_loss,10752,-3.1379642486572266,f2013,45
train/entropy_loss,11264,-3.111721992492676,f2013,45
train/entropy_loss,11776,-3.0791611671447754,f2013,45
train/entropy_loss,12288,-3.047257661819458,f2013,45
train/entropy_loss,12800,-3.017545461654663,f2013,45
train/entropy_loss,13312,-2.9926416873931885,f2013,45
train/entropy_loss,13824,-2.980349540710449,f2013,45
train/entropy_loss,14336,-2.960512638092041,f2013,45
train/entropy_loss,14848,-2.9439265727996826,f2013,45
train/entropy_loss,15360,-2.9325144290924072,f2013,45
train/entropy_loss,15872,-2.9160447120666504,f2013,45
train/entropy_loss,16384,-2.8965632915496826,f2013,45
train/entropy_loss,16896,-2.8786780834198,f2013,45
train/entropy_loss,17408,-2.8570642471313477,f2013,45
train/entropy_loss,17920,-2.8397271633148193,f2013,45
train/entropy_loss,18432,-2.819931745529175,f2013,45
train/entropy_loss,18944,-2.7857749462127686,f2013,45
train/entropy_loss,19456,-2.7649667263031006,f2013,45
train/entropy_loss,19968,-2.745974540710449,f2013,45
train/entropy_loss,20480,-2.723483085632324,f2013,45
train/entropy_loss,20992,-2.699430227279663,f2013,45
train/entropy_loss,21504,-2.6800756454467773,f2013,45
train/entropy_loss,22016,-2.6637802124023438,f2013,45
train/entropy_loss,22528,-2.645711898803711,f2013,45
train/entropy_loss,23040,-2.633680582046509,f2013,45
train/entropy_loss,23552,-2.6191532611846924,f2013,45
train/entropy_loss,24064,-2.5996782779693604,f2013,45
train/explained_variance,1024,-8.918808937072754,f2013,45
train/explained_variance,1536,-2.0892674922943115,f2013,45
train/explained_variance,2048,-0.7686692476272583,f2013,45
train/explained_variance,2560,-0.5470445156097412,f2013,45
train/explained_variance,3072,-1.1184029579162598,f2013,45
train/explained_variance,3584,-1.3242607116699219,f2013,45
train/explained_variance,4096,-1.348076581954956,f2013,45
train/explained_variance,4608,-1.6214275360107422,f2013,45
train/explained_variance,5120,-1.1368393898010254,f2013,45
train/explained_variance,5632,-1.21942138671875,f2013,45
train/explained_variance,6144,-0.9786151647567749,f2013,45
train/explained_variance,6656,-1.2320973873138428,f2013,45
train/explained_variance,7168,-0.7121176719665527,f2013,45
train/explained_variance,7680,-0.520447850227356,f2013,45
train/explained_variance,8192,-0.4657936096191406,f2013,45
train/explained_variance,8704,-0.4040505886077881,f2013,45
train/explained_variance,9216,-0.42328178882598877,f2013,45
train/explained_variance,9728,-0.3765655755996704,f2013,45
train/explained_variance,10240,-0.41134393215179443,f2013,45
train/explained_variance,10752,-0.20233619213104248,f2013,45
train/explained_variance,11264,-0.16045820713043213,f2013,45
train/explained_variance,11776,-0.19391977787017822,f2013,45
train/explained_variance,12288,-0.30841243267059326,f2013,45
train/explained_variance,12800,-0.2677038908004761,f2013,45
train/explained_variance,13312,-0.16426610946655273,f2013,45
train/explained_variance,13824,-0.3158167600631714,f2013,45
train/explained_variance,14336,-0.3249708414077759,f2013,45
train/explained_variance,14848,-0.03331148624420166,f2013,45
train/explained_variance,15360,-0.14902520179748535,f2013,45
train/explained_variance,15872,-0.12177932262420654,f2013,45
train/explained_variance,16384,-0.10603642463684082,f2013,45
train/explained_variance,16896,-0.023895740509033203,f2013,45
train/explained_variance,17408,-0.1374506950378418,f2013,45
train/explained_variance,17920,-0.19655990600585938,f2013,45
train/explained_variance,18432,-0.19570422172546387,f2013,45
train/explained_variance,18944,-0.016858577728271484,f2013,45
train/explained_variance,19456,-0.05303645133972168,f2013,45
train/explained_variance,19968,-0.09085798263549805,f2013,45
train/explained_variance,20480,-0.0038061141967773438,f2013,45
train/explained_variance,20992,-0.08819830417633057,f2013,45
train/explained_variance,21504,0.031647562980651855,f2013,45
train/explained_variance,22016,-0.21412086486816406,f2013,45
train/explained_variance,22528,-0.1412144899368286,f2013,45
train/explained_variance,23040,-0.017768263816833496,f2013,45
train/explained_variance,23552,0.018271148204803467,f2013,45
train/explained_variance,24064,0.1452992558479309,f2013,45
train/learning_rate,1024,0.0003000000142492354,f2013,45
train/learning_rate,1536,0.0003000000142492354,f2013,45
train/learning_rate,2048,0.0003000000142492354,f2013,45
train/learning_rate,2560,0.0003000000142492354,f2013,45
train/learning_rate,3072,0.0003000000142492354,f2013,45
train/learning_rate,3584,0.0003000000142492354,f2013,45
train/learning_rate,4096,0.0003000000142492354,f2013,45
train/learning_rate,4608,0.0003000000142492354,f2013,45
train/learning_rate,5120,0.0003000000142492354,f2013,45
train/learning_rate,5632,0.0003000000142492354,f2013,45
train/learning_rate,6144,0.0003000000142492354,f2013,45
train/learning_rate,6656,0.0003000000142492354,f2013,45
train/learning_rate,7168,0.0003000000142492354,f2013,45
train/learning_rate,7680,0.0003000000142492354,f2013,45
train/learning_rate,8192,0.0003000000142492354,f2013,45
train/learning_rate,8704,0.0003000000142492354,f2013,45
train/learning_rate,9216,0.0003000000142492354,f2013,45
train/learning_rate,9728,0.0003000000142492354,f2013,45
train/learning_rate,10240,0.0003000000142492354,f2013,45
train/learning_rate,10752,0.0003000000142492354,f2013,45
train/learning_rate,11264,0.0003000000142492354,f2013,45
train/learning_rate,11776,0.0003000000142492354,f2013,45
train/learning_rate,12288,0.0003000000142492354,f2013,45
train/learning_rate,12800,0.0003000000142492354,f2013,45
train/learning_rate,13312,0.0003000000142492354,f2013,45
train/learning_rate,13824,0.0003000000142492354,f2013,45
train/learning_rate,14336,0.0003000000142492354,f2013,45
train/learning_rate,14848,0.0003000000142492354,f2013,45
train/learning_rate,15360,0.0003000000142492354,f2013,45
train/learning_rate,15872,0.0003000000142492354,f2013,45
train/learning_rate,16384,0.0003000000142492354,f2013,45
train/learning_rate,16896,0.0003000000142492354,f2013,45
train/learning_rate,17408,0.0003000000142492354,f2013,45
train/learning_rate,17920,0.0003000000142492354,f2013,45
train/learning_rate,18432,0.0003000000142492354,f2013,45
train/learning_rate,18944,0.0003000000142492354,f2013,45
train/learning_rate,19456,0.0003000000142492354,f2013,45
train/learning_rate,19968,0.0003000000142492354,f2013,45
train/learning_rate,20480,0.0003000000142492354,f2013,45
train/learning_rate,20992,0.0003000000142492354,f2013,45
train/learning_rate,21504,0.0003000000142492354,f2013,45
train/learning_rate,22016,0.0003000000142492354,f2013,45
train/learning_rate,22528,0.0003000000142492354,f2013,45
train/learning_rate,23040,0.0003000000142492354,f2013,45
train/learning_rate,23552,0.0003000000142492354,f2013,45
train/learning_rate,24064,0.0003000000142492354,f2013,45
train/loss,1024,0.625258207321167,f2013,45
train/loss,1536,0.43144771456718445,f2013,45
train/loss,2048,0.28399521112442017,f2013,45
train/loss,2560,0.15145160257816315,f2013,45
train/loss,3072,0.0699625313282013,f2013,45
train/loss,3584,0.006319187581539154,f2013,45
train/loss,4096,-0.007901133969426155,f2013,45
train/loss,4608,-0.024891246110200882,f2013,45
train/loss,5120,-0.023233136162161827,f2013,45
train/loss,5632,-0.014382293447852135,f2013,45
train/loss,6144,-0.03512079268693924,f2013,45
train/loss,6656,-0.01010466180741787,f2013,45
train/loss,7168,-0.02243978902697563,f2013,45
train/loss,7680,-0.00579959899187088,f2013,45
train/loss,8192,-0.007299922406673431,f2013,45
train/loss,8704,-0.01764332875609398,f2013,45
train/loss,9216,-0.008192758075892925,f2013,45
train/loss,9728,-0.017168227583169937,f2013,45
train/loss,10240,-0.01801678165793419,f2013,45
train/loss,10752,-0.019939197227358818,f2013,45
train/loss,11264,-0.03221013396978378,f2013,45
train/loss,11776,-0.0037357155233621597,f2013,45
train/loss,12288,-0.017613941803574562,f2013,45
train/loss,12800,-0.012521185912191868,f2013,45
train/loss,13312,-0.012079622596502304,f2013,45
train/loss,13824,-0.016207946464419365,f2013,45
train/loss,14336,-0.021809186786413193,f2013,45
train/loss,14848,-0.01723635196685791,f2013,45
train/loss,15360,-0.02815544791519642,f2013,45
train/loss,15872,-0.0355362668633461,f2013,45
train/loss,16384,-0.03753376752138138,f2013,45
train/loss,16896,-0.01706090196967125,f2013,45
train/loss,17408,-0.021907255053520203,f2013,45
train/loss,17920,-0.026783064007759094,f2013,45
train/loss,18432,-0.03454381972551346,f2013,45
train/loss,18944,-0.022040296345949173,f2013,45
train/loss,19456,-0.02686944790184498,f2013,45
train/loss,19968,-0.025400498881936073,f2013,45
train/loss,20480,-0.03893491253256798,f2013,45
train/loss,20992,-0.025168776512145996,f2013,45
train/loss,21504,-0.02989005483686924,f2013,45
train/loss,22016,-0.02214156650006771,f2013,45
train/loss,22528,-0.011812034994363785,f2013,45
train/loss,23040,-0.02439258247613907,f2013,45
train/loss,23552,-0.011486136354506016,f2013,45
train/loss,24064,-0.024725010618567467,f2013,45
train/policy_gradient_loss,1024,-0.014578426256775856,f2013,45
train/policy_gradient_loss,1536,-0.019533870741724968,f2013,45
train/policy_gradient_loss,2048,-0.023977460339665413,f2013,45
train/policy_gradient_loss,2560,-0.024498803541064262,f2013,45
train/policy_gradient_loss,3072,-0.019713589921593666,f2013,45
train/policy_gradient_loss,3584,-0.017191627994179726,f2013,45
train/policy_gradient_loss,4096,-0.020197784528136253,f2013,45
train/policy_gradient_loss,4608,-0.02092335745692253,f2013,45
train/policy_gradient_loss,5120,-0.025693248957395554,f2013,45
train/policy_gradient_loss,5632,-0.020396752282977104,f2013,45
train/policy_gradient_loss,6144,-0.02235814370214939,f2013,45
train/policy_gradient_loss,6656,-0.018395571038126945,f2013,45
train/policy_gradient_loss,7168,-0.01928040198981762,f2013,45
train/policy_gradient_loss,7680,-0.0175261702388525,f2013,45
train/policy_gradient_loss,8192,-0.018726907670497894,f2013,45
train/policy_gradient_loss,8704,-0.019462954252958298,f2013,45
train/policy_gradient_loss,9216,-0.01608780212700367,f2013,45
train/policy_gradient_loss,9728,-0.019939079880714417,f2013,45
train/policy_gradient_loss,10240,-0.013111130334436893,f2013,45
train/policy_gradient_loss,10752,-0.018053442239761353,f2013,45
train/policy_gradient_loss,11264,-0.018069874495267868,f2013,45
train/policy_gradient_loss,11776,-0.01496798824518919,f2013,45
train/policy_gradient_loss,12288,-0.018284983932971954,f2013,45
train/policy_gradient_loss,12800,-0.01677159033715725,f2013,45
train/policy_gradient_loss,13312,-0.020789043977856636,f2013,45
train/policy_gradient_loss,13824,-0.016392366960644722,f2013,45
train/policy_gradient_loss,14336,-0.016323847696185112,f2013,45
train/policy_gradient_loss,14848,-0.019171101972460747,f2013,45
train/policy_gradient_loss,15360,-0.023147733882069588,f2013,45
train/policy_gradient_loss,15872,-0.01809563674032688,f2013,45
train/policy_gradient_loss,16384,-0.018879231065511703,f2013,45
train/policy_gradient_loss,16896,-0.01818358153104782,f2013,45
train/policy_gradient_loss,17408,-0.013845927082002163,f2013,45
train/policy_gradient_loss,17920,-0.01639973185956478,f2013,45
train/policy_gradient_loss,18432,-0.01908617839217186,f2013,45
train/policy_gradient_loss,18944,-0.02315538376569748,f2013,45
train/policy_gradient_loss,19456,-0.019447848200798035,f2013,45
train/policy_gradient_loss,19968,-0.021582106128335,f2013,45
train/policy_gradient_loss,20480,-0.02299409545958042,f2013,45
train/policy_gradient_loss,20992,-0.018394941464066505,f2013,45
train/policy_gradient_loss,21504,-0.018171770498156548,f2013,45
train/policy_gradient_loss,22016,-0.02098504640161991,f2013,45
train/policy_gradient_loss,22528,-0.014980176463723183,f2013,45
train/policy_gradient_loss,23040,-0.022510504350066185,f2013,45
train/policy_gradient_loss,23552,-0.01878950372338295,f2013,45
train/policy_gradient_loss,24064,-0.018057163804769516,f2013,45
train/std,1024,0.6038471460342407,f2013,45
train/std,1536,0.5985698699951172,f2013,45
train/std,2048,0.5956291556358337,f2013,45
train/std,2560,0.5918930768966675,f2013,45
train/std,3072,0.5882867574691772,f2013,45
train/std,3584,0.5817485451698303,f2013,45
train/std,4096,0.5771865248680115,f2013,45
train/std,4608,0.5746153593063354,f2013,45
train/std,5120,0.571272611618042,f2013,45
train/std,5632,0.5678402185440063,f2013,45
train/std,6144,0.5647776126861572,f2013,45
train/std,6656,0.5611793398857117,f2013,45
train/std,7168,0.5561277866363525,f2013,45
train/std,7680,0.5511420965194702,f2013,45
train/std,8192,0.5474697351455688,f2013,45
train/std,8704,0.5414568781852722,f2013,45
train/std,9216,0.5385823845863342,f2013,45
train/std,9728,0.5342726111412048,f2013,45
train/std,10240,0.532704770565033,f2013,45
train/std,10752,0.5300868153572083,f2013,45
train/std,11264,0.5261222124099731,f2013,45
train/std,11776,0.52175372838974,f2013,45
train/std,12288,0.5180709362030029,f2013,45
train/std,12800,0.5139329433441162,f2013,45
train/std,13312,0.512579083442688,f2013,45
train/std,13824,0.5105872750282288,f2013,45
train/std,14336,0.5080596804618835,f2013,45
train/std,14848,0.5067757368087769,f2013,45
train/std,15360,0.5054476857185364,f2013,45
train/std,15872,0.5030108690261841,f2013,45
train/std,16384,0.5013183355331421,f2013,45
train/std,16896,0.4987447261810303,f2013,45
train/std,17408,0.4963970184326172,f2013,45
train/std,17920,0.4952230155467987,f2013,45
train/std,18432,0.4912831783294678,f2013,45
train/std,18944,0.48806875944137573,f2013,45
train/std,19456,0.48621970415115356,f2013,45
train/std,19968,0.483584463596344,f2013,45
train/std,20480,0.4809703230857849,f2013,45
train/std,20992,0.47811347246170044,f2013,45
train/std,21504,0.4766741096973419,f2013,45
train/std,22016,0.47456592321395874,f2013,45
train/std,22528,0.47308123111724854,f2013,45
train/std,23040,0.47233766317367554,f2013,45
train/std,23552,0.47047120332717896,f2013,45
train/std,24064,0.46792563796043396,f2013,45
train/value_loss,1024,1.3831263780593872,f2013,45
train/value_loss,1536,1.0522685050964355,f2013,45
train/value_loss,2048,0.7698423862457275,f2013,45
train/value_loss,2560,0.5288789868354797,f2013,45
train/value_loss,3072,0.32252737879753113,f2013,45
train/value_loss,3584,0.14571917057037354,f2013,45
train/value_loss,4096,0.06372032314538956,f2013,45
train/value_loss,4608,0.04058327525854111,f2013,45
train/value_loss,5120,0.0417594239115715,f2013,45
train/value_loss,5632,0.04086286574602127,f2013,45
train/value_loss,6144,0.03971007093787193,f2013,45
train/value_loss,6656,0.03610732778906822,f2013,45
train/value_loss,7168,0.03731601685285568,f2013,45
train/value_loss,7680,0.030540114268660545,f2013,45
train/value_loss,8192,0.03347454220056534,f2013,45
train/value_loss,8704,0.02855670638382435,f2013,45
train/value_loss,9216,0.026369979605078697,f2013,45
train/value_loss,9728,0.028104886412620544,f2013,45
train/value_loss,10240,0.026723021641373634,f2013,45
train/value_loss,10752,0.02554936707019806,f2013,45
train/value_loss,11264,0.023838143795728683,f2013,45
train/value_loss,11776,0.023967618122696877,f2013,45
train/value_loss,12288,0.025439327582716942,f2013,45
train/value_loss,12800,0.021652474999427795,f2013,45
train/value_loss,13312,0.01826675422489643,f2013,45
train/value_loss,13824,0.0200045108795166,f2013,45
train/value_loss,14336,0.020079048350453377,f2013,45
train/value_loss,14848,0.018496278673410416,f2013,45
train/value_loss,15360,0.017803220078349113,f2013,45
train/value_loss,15872,0.020460864529013634,f2013,45
train/value_loss,16384,0.016968106850981712,f2013,45
train/value_loss,16896,0.02201537787914276,f2013,45
train/value_loss,17408,0.018461672589182854,f2013,45
train/value_loss,17920,0.01863606460392475,f2013,45
train/value_loss,18432,0.01863871142268181,f2013,45
train/value_loss,18944,0.018889103084802628,f2013,45
train/value_loss,19456,0.015621036291122437,f2013,45
train/value_loss,19968,0.021116791293025017,f2013,45
train/value_loss,20480,0.01708069071173668,f2013,45
train/value_loss,20992,0.017294442281126976,f2013,45
train/value_loss,21504,0.015801038593053818,f2013,45
train/value_loss,22016,0.016283167526125908,f2013,45
train/value_loss,22528,0.019726937636733055,f2013,45
train/value_loss,23040,0.013638602569699287,f2013,45
train/value_loss,23552,0.015677403658628464,f2013,45
train/value_loss,24064,0.011790802702307701,f2013,45
rollout/ep_len_mean,512,1.0,f2013,46
rollout/ep_len_mean,1024,1.0,f2013,46
rollout/ep_len_mean,1536,1.0,f2013,46
rollout/ep_len_mean,2048,1.0,f2013,46
rollout/ep_len_mean,2560,1.0,f2013,46
rollout/ep_len_mean,3072,1.0,f2013,46
rollout/ep_len_mean,3584,1.0,f2013,46
rollout/ep_len_mean,4096,1.0,f2013,46
rollout/ep_len_mean,4608,1.0,f2013,46
rollout/ep_len_mean,5120,1.0,f2013,46
rollout/ep_len_mean,5632,1.0,f2013,46
rollout/ep_len_mean,6144,1.0,f2013,46
rollout/ep_len_mean,6656,1.0,f2013,46
rollout/ep_len_mean,7168,1.0,f2013,46
rollout/ep_len_mean,7680,1.0,f2013,46
rollout/ep_len_mean,8192,1.0,f2013,46
rollout/ep_len_mean,8704,1.0,f2013,46
rollout/ep_len_mean,9216,1.0,f2013,46
rollout/ep_len_mean,9728,1.0,f2013,46
rollout/ep_len_mean,10240,1.0,f2013,46
rollout/ep_len_mean,10752,1.0,f2013,46
rollout/ep_len_mean,11264,1.0,f2013,46
rollout/ep_len_mean,11776,1.0,f2013,46
rollout/ep_len_mean,12288,1.0,f2013,46
rollout/ep_len_mean,12800,1.0,f2013,46
rollout/ep_len_mean,13312,1.0,f2013,46
rollout/ep_len_mean,13824,1.0,f2013,46
rollout/ep_len_mean,14336,1.0,f2013,46
rollout/ep_len_mean,14848,1.0,f2013,46
rollout/ep_len_mean,15360,1.0,f2013,46
rollout/ep_len_mean,15872,1.0,f2013,46
rollout/ep_len_mean,16384,1.0,f2013,46
rollout/ep_len_mean,16896,1.0,f2013,46
rollout/ep_len_mean,17408,1.0,f2013,46
rollout/ep_len_mean,17920,1.0,f2013,46
rollout/ep_rew_mean,512,1.1260405778884888,f2013,46
rollout/ep_rew_mean,1024,1.1616383790969849,f2013,46
rollout/ep_rew_mean,1536,1.1571002006530762,f2013,46
rollout/ep_rew_mean,2048,1.1394966840744019,f2013,46
rollout/ep_rew_mean,2560,1.1457808017730713,f2013,46
rollout/ep_rew_mean,3072,1.134429693222046,f2013,46
rollout/ep_rew_mean,3584,1.146288514137268,f2013,46
rollout/ep_rew_mean,4096,1.1688319444656372,f2013,46
rollout/ep_rew_mean,4608,1.1706969738006592,f2013,46
rollout/ep_rew_mean,5120,1.1800163984298706,f2013,46
rollout/ep_rew_mean,5632,1.149059534072876,f2013,46
rollout/ep_rew_mean,6144,1.1809349060058594,f2013,46
rollout/ep_rew_mean,6656,1.153446078300476,f2013,46
rollout/ep_rew_mean,7168,1.1645143032073975,f2013,46
rollout/ep_rew_mean,7680,1.1638221740722656,f2013,46
rollout/ep_rew_mean,8192,1.1942607164382935,f2013,46
rollout/ep_rew_mean,8704,1.1842120885849,f2013,46
rollout/ep_rew_mean,9216,1.1726336479187012,f2013,46
rollout/ep_rew_mean,9728,1.1900372505187988,f2013,46
rollout/ep_rew_mean,10240,1.2051362991333008,f2013,46
rollout/ep_rew_mean,10752,1.2064775228500366,f2013,46
rollout/ep_rew_mean,11264,1.1978986263275146,f2013,46
rollout/ep_rew_mean,11776,1.2263282537460327,f2013,46
rollout/ep_rew_mean,12288,1.2342751026153564,f2013,46
rollout/ep_rew_mean,12800,1.1949681043624878,f2013,46
rollout/ep_rew_mean,13312,1.2039083242416382,f2013,46
rollout/ep_rew_mean,13824,1.202986478805542,f2013,46
rollout/ep_rew_mean,14336,1.198123574256897,f2013,46
rollout/ep_rew_mean,14848,1.170845627784729,f2013,46
rollout/ep_rew_mean,15360,1.188040852546692,f2013,46
rollout/ep_rew_mean,15872,1.176851749420166,f2013,46
rollout/ep_rew_mean,16384,1.1943949460983276,f2013,46
rollout/ep_rew_mean,16896,1.2198059558868408,f2013,46
rollout/ep_rew_mean,17408,1.1850062608718872,f2013,46
rollout/ep_rew_mean,17920,1.1795474290847778,f2013,46
time/fps,512,5.0,f2013,46
time/fps,1024,5.0,f2013,46
time/fps,1536,5.0,f2013,46
time/fps,2048,5.0,f2013,46
time/fps,2560,5.0,f2013,46
time/fps,3072,5.0,f2013,46
time/fps,3584,5.0,f2013,46
time/fps,4096,5.0,f2013,46
time/fps,4608,5.0,f2013,46
time/fps,5120,5.0,f2013,46
time/fps,5632,5.0,f2013,46
time/fps,6144,5.0,f2013,46
time/fps,6656,5.0,f2013,46
time/fps,7168,5.0,f2013,46
time/fps,7680,5.0,f2013,46
time/fps,8192,5.0,f2013,46
time/fps,8704,5.0,f2013,46
time/fps,9216,6.0,f2013,46
time/fps,9728,6.0,f2013,46
time/fps,10240,6.0,f2013,46
time/fps,10752,6.0,f2013,46
time/fps,11264,6.0,f2013,46
time/fps,11776,6.0,f2013,46
time/fps,12288,6.0,f2013,46
time/fps,12800,6.0,f2013,46
time/fps,13312,6.0,f2013,46
time/fps,13824,6.0,f2013,46
time/fps,14336,6.0,f2013,46
time/fps,14848,6.0,f2013,46
time/fps,15360,6.0,f2013,46
time/fps,15872,6.0,f2013,46
time/fps,16384,6.0,f2013,46
time/fps,16896,6.0,f2013,46
time/fps,17408,6.0,f2013,46
time/fps,17920,6.0,f2013,46
train/approx_kl,1024,0.011654408648610115,f2013,46
train/approx_kl,1536,0.010615124367177486,f2013,46
train/approx_kl,2048,0.007180612999945879,f2013,46
train/approx_kl,2560,0.00758109288290143,f2013,46
train/approx_kl,3072,0.006534661166369915,f2013,46
train/approx_kl,3584,0.006512857042253017,f2013,46
train/approx_kl,4096,0.012774519622325897,f2013,46
train/approx_kl,4608,0.015016023069620132,f2013,46
train/approx_kl,5120,0.018104512244462967,f2013,46
train/approx_kl,5632,0.012537623755633831,f2013,46
train/approx_kl,6144,0.010361813940107822,f2013,46
train/approx_kl,6656,0.011600724421441555,f2013,46
train/approx_kl,7168,0.011735157109797001,f2013,46
train/approx_kl,7680,0.011783279478549957,f2013,46
train/approx_kl,8192,0.010646809823811054,f2013,46
train/approx_kl,8704,0.018645253032445908,f2013,46
train/approx_kl,9216,0.014181429520249367,f2013,46
train/approx_kl,9728,0.010072625242173672,f2013,46
train/approx_kl,10240,0.013399166986346245,f2013,46
train/approx_kl,10752,0.011379403993487358,f2013,46
train/approx_kl,11264,0.00935752410441637,f2013,46
train/approx_kl,11776,0.01101645641028881,f2013,46
train/approx_kl,12288,0.011823288165032864,f2013,46
train/approx_kl,12800,0.007452747318893671,f2013,46
train/approx_kl,13312,0.010720178484916687,f2013,46
train/approx_kl,13824,0.011307855136692524,f2013,46
train/approx_kl,14336,0.010599507950246334,f2013,46
train/approx_kl,14848,0.009824683889746666,f2013,46
train/approx_kl,15360,0.009183406829833984,f2013,46
train/approx_kl,15872,0.010802555829286575,f2013,46
train/approx_kl,16384,0.012951020151376724,f2013,46
train/approx_kl,16896,0.00943361222743988,f2013,46
train/approx_kl,17408,0.013315696269273758,f2013,46
train/approx_kl,17920,0.015640053898096085,f2013,46
train/clip_fraction,1024,0.05332031100988388,f2013,46
train/clip_fraction,1536,0.04824218899011612,f2013,46
train/clip_fraction,2048,0.02734375,f2013,46
train/clip_fraction,2560,0.03125,f2013,46
train/clip_fraction,3072,0.02382812462747097,f2013,46
train/clip_fraction,3584,0.03105468675494194,f2013,46
train/clip_fraction,4096,0.0810546875,f2013,46
train/clip_fraction,4608,0.09785155951976776,f2013,46
train/clip_fraction,5120,0.11562500149011612,f2013,46
train/clip_fraction,5632,0.07285156100988388,f2013,46
train/clip_fraction,6144,0.05585937574505806,f2013,46
train/clip_fraction,6656,0.05722656100988388,f2013,46
train/clip_fraction,7168,0.08222655951976776,f2013,46
train/clip_fraction,7680,0.06425781548023224,f2013,46
train/clip_fraction,8192,0.05937499925494194,f2013,46
train/clip_fraction,8704,0.09785155951976776,f2013,46
train/clip_fraction,9216,0.08476562798023224,f2013,46
train/clip_fraction,9728,0.06093750149011612,f2013,46
train/clip_fraction,10240,0.07148437201976776,f2013,46
train/clip_fraction,10752,0.072265625,f2013,46
train/clip_fraction,11264,0.04609375074505806,f2013,46
train/clip_fraction,11776,0.060546875,f2013,46
train/clip_fraction,12288,0.06621094048023224,f2013,46
train/clip_fraction,12800,0.04238281399011612,f2013,46
train/clip_fraction,13312,0.08769531548023224,f2013,46
train/clip_fraction,13824,0.06289062649011612,f2013,46
train/clip_fraction,14336,0.068359375,f2013,46
train/clip_fraction,14848,0.05546874925494194,f2013,46
train/clip_fraction,15360,0.05996093899011612,f2013,46
train/clip_fraction,15872,0.08574219048023224,f2013,46
train/clip_fraction,16384,0.07578124850988388,f2013,46
train/clip_fraction,16896,0.05019531399011612,f2013,46
train/clip_fraction,17408,0.08867187798023224,f2013,46
train/clip_fraction,17920,0.11347655951976776,f2013,46
train/clip_range,1024,0.20000000298023224,f2013,46
train/clip_range,1536,0.20000000298023224,f2013,46
train/clip_range,2048,0.20000000298023224,f2013,46
train/clip_range,2560,0.20000000298023224,f2013,46
train/clip_range,3072,0.20000000298023224,f2013,46
train/clip_range,3584,0.20000000298023224,f2013,46
train/clip_range,4096,0.20000000298023224,f2013,46
train/clip_range,4608,0.20000000298023224,f2013,46
train/clip_range,5120,0.20000000298023224,f2013,46
train/clip_range,5632,0.20000000298023224,f2013,46
train/clip_range,6144,0.20000000298023224,f2013,46
train/clip_range,6656,0.20000000298023224,f2013,46
train/clip_range,7168,0.20000000298023224,f2013,46
train/clip_range,7680,0.20000000298023224,f2013,46
train/clip_range,8192,0.20000000298023224,f2013,46
train/clip_range,8704,0.20000000298023224,f2013,46
train/clip_range,9216,0.20000000298023224,f2013,46
train/clip_range,9728,0.20000000298023224,f2013,46
train/clip_range,10240,0.20000000298023224,f2013,46
train/clip_range,10752,0.20000000298023224,f2013,46
train/clip_range,11264,0.20000000298023224,f2013,46
train/clip_range,11776,0.20000000298023224,f2013,46
train/clip_range,12288,0.20000000298023224,f2013,46
train/clip_range,12800,0.20000000298023224,f2013,46
train/clip_range,13312,0.20000000298023224,f2013,46
train/clip_range,13824,0.20000000298023224,f2013,46
train/clip_range,14336,0.20000000298023224,f2013,46
train/clip_range,14848,0.20000000298023224,f2013,46
train/clip_range,15360,0.20000000298023224,f2013,46
train/clip_range,15872,0.20000000298023224,f2013,46
train/clip_range,16384,0.20000000298023224,f2013,46
train/clip_range,16896,0.20000000298023224,f2013,46
train/clip_range,17408,0.20000000298023224,f2013,46
train/clip_range,17920,0.20000000298023224,f2013,46
train/entropy_loss,1024,-3.665102958679199,f2013,46
train/entropy_loss,1536,-3.643660545349121,f2013,46
train/entropy_loss,2048,-3.6259219646453857,f2013,46
train/entropy_loss,2560,-3.6085216999053955,f2013,46
train/entropy_loss,3072,-3.586268424987793,f2013,46
train/entropy_loss,3584,-3.55676531791687,f2013,46
train/entropy_loss,4096,-3.5372705459594727,f2013,46
train/entropy_loss,4608,-3.5271453857421875,f2013,46
train/entropy_loss,5120,-3.5102458000183105,f2013,46
train/entropy_loss,5632,-3.489417791366577,f2013,46
train/entropy_loss,6144,-3.4637696743011475,f2013,46
train/entropy_loss,6656,-3.4264888763427734,f2013,46
train/entropy_loss,7168,-3.3846352100372314,f2013,46
train/entropy_loss,7680,-3.3522157669067383,f2013,46
train/entropy_loss,8192,-3.3220202922821045,f2013,46
train/entropy_loss,8704,-3.298147439956665,f2013,46
train/entropy_loss,9216,-3.2803986072540283,f2013,46
train/entropy_loss,9728,-3.252899169921875,f2013,46
train/entropy_loss,10240,-3.2235159873962402,f2013,46
train/entropy_loss,10752,-3.189211130142212,f2013,46
train/entropy_loss,11264,-3.160665988922119,f2013,46
train/entropy_loss,11776,-3.135890007019043,f2013,46
train/entropy_loss,12288,-3.1105077266693115,f2013,46
train/entropy_loss,12800,-3.0993971824645996,f2013,46
train/entropy_loss,13312,-3.080688714981079,f2013,46
train/entropy_loss,13824,-3.060145616531372,f2013,46
train/entropy_loss,14336,-3.033045768737793,f2013,46
train/entropy_loss,14848,-3.0061590671539307,f2013,46
train/entropy_loss,15360,-2.9814398288726807,f2013,46
train/entropy_loss,15872,-2.9620132446289062,f2013,46
train/entropy_loss,16384,-2.946530818939209,f2013,46
train/entropy_loss,16896,-2.9271721839904785,f2013,46
train/entropy_loss,17408,-2.9050867557525635,f2013,46
train/entropy_loss,17920,-2.883653402328491,f2013,46
train/explained_variance,1024,-14.648841857910156,f2013,46
train/explained_variance,1536,-5.529229640960693,f2013,46
train/explained_variance,2048,-1.9932005405426025,f2013,46
train/explained_variance,2560,-1.3660473823547363,f2013,46
train/explained_variance,3072,-1.3687424659729004,f2013,46
train/explained_variance,3584,-1.6160144805908203,f2013,46
train/explained_variance,4096,-1.4139211177825928,f2013,46
train/explained_variance,4608,-1.1312313079833984,f2013,46
train/explained_variance,5120,-1.4494245052337646,f2013,46
train/explained_variance,5632,-1.0969014167785645,f2013,46
train/explained_variance,6144,-1.2294082641601562,f2013,46
train/explained_variance,6656,-1.221045970916748,f2013,46
train/explained_variance,7168,-0.7855360507965088,f2013,46
train/explained_variance,7680,-0.8535970449447632,f2013,46
train/explained_variance,8192,-0.42362701892852783,f2013,46
train/explained_variance,8704,-0.5518590211868286,f2013,46
train/explained_variance,9216,-0.5850553512573242,f2013,46
train/explained_variance,9728,-0.43139946460723877,f2013,46
train/explained_variance,10240,-0.3468846082687378,f2013,46
train/explained_variance,10752,-0.5401159524917603,f2013,46
train/explained_variance,11264,-0.3969327211380005,f2013,46
train/explained_variance,11776,-0.3288055658340454,f2013,46
train/explained_variance,12288,-0.3275153636932373,f2013,46
train/explained_variance,12800,-0.32836830615997314,f2013,46
train/explained_variance,13312,-0.4542381763458252,f2013,46
train/explained_variance,13824,-0.21870744228363037,f2013,46
train/explained_variance,14336,-0.24177789688110352,f2013,46
train/explained_variance,14848,-0.22884058952331543,f2013,46
train/explained_variance,15360,-0.26501893997192383,f2013,46
train/explained_variance,15872,-0.0313715934753418,f2013,46
train/explained_variance,16384,-0.07838594913482666,f2013,46
train/explained_variance,16896,-0.22208380699157715,f2013,46
train/explained_variance,17408,-0.29742705821990967,f2013,46
train/explained_variance,17920,-0.09419679641723633,f2013,46
train/learning_rate,1024,0.0003000000142492354,f2013,46
train/learning_rate,1536,0.0003000000142492354,f2013,46
train/learning_rate,2048,0.0003000000142492354,f2013,46
train/learning_rate,2560,0.0003000000142492354,f2013,46
train/learning_rate,3072,0.0003000000142492354,f2013,46
train/learning_rate,3584,0.0003000000142492354,f2013,46
train/learning_rate,4096,0.0003000000142492354,f2013,46
train/learning_rate,4608,0.0003000000142492354,f2013,46
train/learning_rate,5120,0.0003000000142492354,f2013,46
train/learning_rate,5632,0.0003000000142492354,f2013,46
train/learning_rate,6144,0.0003000000142492354,f2013,46
train/learning_rate,6656,0.0003000000142492354,f2013,46
train/learning_rate,7168,0.0003000000142492354,f2013,46
train/learning_rate,7680,0.0003000000142492354,f2013,46
train/learning_rate,8192,0.0003000000142492354,f2013,46
train/learning_rate,8704,0.0003000000142492354,f2013,46
train/learning_rate,9216,0.0003000000142492354,f2013,46
train/learning_rate,9728,0.0003000000142492354,f2013,46
train/learning_rate,10240,0.0003000000142492354,f2013,46
train/learning_rate,10752,0.0003000000142492354,f2013,46
train/learning_rate,11264,0.0003000000142492354,f2013,46
train/learning_rate,11776,0.0003000000142492354,f2013,46
train/learning_rate,12288,0.0003000000142492354,f2013,46
train/learning_rate,12800,0.0003000000142492354,f2013,46
train/learning_rate,13312,0.0003000000142492354,f2013,46
train/learning_rate,13824,0.0003000000142492354,f2013,46
train/learning_rate,14336,0.0003000000142492354,f2013,46
train/learning_rate,14848,0.0003000000142492354,f2013,46
train/learning_rate,15360,0.0003000000142492354,f2013,46
train/learning_rate,15872,0.0003000000142492354,f2013,46
train/learning_rate,16384,0.0003000000142492354,f2013,46
train/learning_rate,16896,0.0003000000142492354,f2013,46
train/learning_rate,17408,0.0003000000142492354,f2013,46
train/learning_rate,17920,0.0003000000142492354,f2013,46
train/loss,1024,0.60438472032547,f2013,46
train/loss,1536,0.43524226546287537,f2013,46
train/loss,2048,0.38009390234947205,f2013,46
train/loss,2560,0.21202583611011505,f2013,46
train/loss,3072,0.11656105518341064,f2013,46
train/loss,3584,0.033271677792072296,f2013,46
train/loss,4096,-0.01770523004233837,f2013,46
train/loss,4608,-0.01722688414156437,f2013,46
train/loss,5120,-0.009064164012670517,f2013,46
train/loss,5632,-0.002393919974565506,f2013,46
train/loss,6144,-0.02214379981160164,f2013,46
train/loss,6656,-0.030801985412836075,f2013,46
train/loss,7168,-0.015157997608184814,f2013,46
train/loss,7680,-0.007307624444365501,f2013,46
train/loss,8192,-0.016234729439020157,f2013,46
train/loss,8704,-0.030398502945899963,f2013,46
train/loss,9216,-0.012297330424189568,f2013,46
train/loss,9728,-0.006838933564722538,f2013,46
train/loss,10240,-0.02278938516974449,f2013,46
train/loss,10752,-0.03209608793258667,f2013,46
train/loss,11264,-0.007549406960606575,f2013,46
train/loss,11776,-0.026881368830800056,f2013,46
train/loss,12288,-0.019450247287750244,f2013,46
train/loss,12800,-0.00796190369874239,f2013,46
train/loss,13312,-0.01987113431096077,f2013,46
train/loss,13824,-0.025585683062672615,f2013,46
train/loss,14336,-0.019711388275027275,f2013,46
train/loss,14848,-0.017701979726552963,f2013,46
train/loss,15360,-0.04665570706129074,f2013,46
train/loss,15872,-0.028105344623327255,f2013,46
train/loss,16384,-0.032882269471883774,f2013,46
train/loss,16896,-0.02463611401617527,f2013,46
train/loss,17408,-0.022433001548051834,f2013,46
train/loss,17920,-0.040968090295791626,f2013,46
train/policy_gradient_loss,1024,-0.021560996770858765,f2013,46
train/policy_gradient_loss,1536,-0.0205570999532938,f2013,46
train/policy_gradient_loss,2048,-0.01635335385799408,f2013,46
train/policy_gradient_loss,2560,-0.01725577376782894,f2013,46
train/policy_gradient_loss,3072,-0.0172524843364954,f2013,46
train/policy_gradient_loss,3584,-0.014995853416621685,f2013,46
train/policy_gradient_loss,4096,-0.020809493958950043,f2013,46
train/policy_gradient_loss,4608,-0.026345204561948776,f2013,46
train/policy_gradient_loss,5120,-0.022674312815070152,f2013,46
train/policy_gradient_loss,5632,-0.01840681955218315,f2013,46
train/policy_gradient_loss,6144,-0.016506480053067207,f2013,46
train/policy_gradient_loss,6656,-0.018182560801506042,f2013,46
train/policy_gradient_loss,7168,-0.019778430461883545,f2013,46
train/policy_gradient_loss,7680,-0.01680532656610012,f2013,46
train/policy_gradient_loss,8192,-0.020019056275486946,f2013,46
train/policy_gradient_loss,8704,-0.022828441113233566,f2013,46
train/policy_gradient_loss,9216,-0.01934630051255226,f2013,46
train/policy_gradient_loss,9728,-0.01712021417915821,f2013,46
train/policy_gradient_loss,10240,-0.01988021656870842,f2013,46
train/policy_gradient_loss,10752,-0.020796604454517365,f2013,46
train/policy_gradient_loss,11264,-0.0183663759380579,f2013,46
train/policy_gradient_loss,11776,-0.017738033086061478,f2013,46
train/policy_gradient_loss,12288,-0.018807293847203255,f2013,46
train/policy_gradient_loss,12800,-0.013334023766219616,f2013,46
train/policy_gradient_loss,13312,-0.019828734919428825,f2013,46
train/policy_gradient_loss,13824,-0.013723785988986492,f2013,46
train/policy_gradient_loss,14336,-0.016345174983143806,f2013,46
train/policy_gradient_loss,14848,-0.016156064346432686,f2013,46
train/policy_gradient_loss,15360,-0.01767684705555439,f2013,46
train/policy_gradient_loss,15872,-0.01941128820180893,f2013,46
train/policy_gradient_loss,16384,-0.022040316835045815,f2013,46
train/policy_gradient_loss,16896,-0.016144143417477608,f2013,46
train/policy_gradient_loss,17408,-0.02108788676559925,f2013,46
train/policy_gradient_loss,17920,-0.02136770449578762,f2013,46
train/std,1024,0.60323566198349,f2013,46
train/std,1536,0.6002082228660583,f2013,46
train/std,2048,0.5978730916976929,f2013,46
train/std,2560,0.5952065587043762,f2013,46
train/std,3072,0.5909726619720459,f2013,46
train/std,3584,0.5872752666473389,f2013,46
train/std,4096,0.5857088565826416,f2013,46
train/std,4608,0.5841598510742188,f2013,46
train/std,5120,0.5814691185951233,f2013,46
train/std,5632,0.5783706307411194,f2013,46
train/std,6144,0.5741548538208008,f2013,46
train/std,6656,0.5679129362106323,f2013,46
train/std,7168,0.5627723336219788,f2013,46
train/std,7680,0.5591103434562683,f2013,46
train/std,8192,0.5548652410507202,f2013,46
train/std,8704,0.5532400012016296,f2013,46
train/std,9216,0.54975426197052,f2013,46
train/std,9728,0.5461569428443909,f2013,46
train/std,10240,0.5416179895401001,f2013,46
train/std,10752,0.537372887134552,f2013,46
train/std,11264,0.534936249256134,f2013,46
train/std,11776,0.5307804942131042,f2013,46
train/std,12288,0.5292686223983765,f2013,46
train/std,12800,0.5275551676750183,f2013,46
train/std,13312,0.5255928039550781,f2013,46
train/std,13824,0.5222668647766113,f2013,46
train/std,14336,0.5188548564910889,f2013,46
train/std,14848,0.5155351161956787,f2013,46
train/std,15360,0.513008713722229,f2013,46
train/std,15872,0.5113425850868225,f2013,46
train/std,16384,0.5094228982925415,f2013,46
train/std,16896,0.5070330500602722,f2013,46
train/std,17408,0.5042589902877808,f2013,46
train/std,17920,0.5025706887245178,f2013,46
train/value_loss,1024,1.4077467918395996,f2013,46
train/value_loss,1536,1.1107614040374756,f2013,46
train/value_loss,2048,0.8483007550239563,f2013,46
train/value_loss,2560,0.6164011359214783,f2013,46
train/value_loss,3072,0.42347821593284607,f2013,46
train/value_loss,3584,0.21132569015026093,f2013,46
train/value_loss,4096,0.0914328321814537,f2013,46
train/value_loss,4608,0.05348844453692436,f2013,46
train/value_loss,5120,0.04262939468026161,f2013,46
train/value_loss,5632,0.04178999736905098,f2013,46
train/value_loss,6144,0.04164201393723488,f2013,46
train/value_loss,6656,0.03611600771546364,f2013,46
train/value_loss,7168,0.032349441200494766,f2013,46
train/value_loss,7680,0.03209977596998215,f2013,46
train/value_loss,8192,0.028983088210225105,f2013,46
train/value_loss,8704,0.027775635942816734,f2013,46
train/value_loss,9216,0.02870003506541252,f2013,46
train/value_loss,9728,0.026585213840007782,f2013,46
train/value_loss,10240,0.029495328664779663,f2013,46
train/value_loss,10752,0.029933400452136993,f2013,46
train/value_loss,11264,0.025127286091446877,f2013,46
train/value_loss,11776,0.023668551817536354,f2013,46
train/value_loss,12288,0.02465326339006424,f2013,46
train/value_loss,12800,0.024574730545282364,f2013,46
train/value_loss,13312,0.024149466305971146,f2013,46
train/value_loss,13824,0.020485805347561836,f2013,46
train/value_loss,14336,0.02199045568704605,f2013,46
train/value_loss,14848,0.02081737481057644,f2013,46
train/value_loss,15360,0.022908344864845276,f2013,46
train/value_loss,15872,0.019609680399298668,f2013,46
train/value_loss,16384,0.019251851364970207,f2013,46
train/value_loss,16896,0.02146618813276291,f2013,46
train/value_loss,17408,0.02087223343551159,f2013,46
train/value_loss,17920,0.01824195124208927,f2013,46
rollout/ep_len_mean,512,1.0,f2017,42
rollout/ep_len_mean,1024,1.0,f2017,42
rollout/ep_len_mean,1536,1.0,f2017,42
rollout/ep_len_mean,2048,1.0,f2017,42
rollout/ep_len_mean,2560,1.0,f2017,42
rollout/ep_len_mean,3072,1.0,f2017,42
rollout/ep_len_mean,3584,1.0,f2017,42
rollout/ep_len_mean,4096,1.0,f2017,42
rollout/ep_len_mean,4608,1.0,f2017,42
rollout/ep_len_mean,5120,1.0,f2017,42
rollout/ep_len_mean,5632,1.0,f2017,42
rollout/ep_len_mean,6144,1.0,f2017,42
rollout/ep_len_mean,6656,1.0,f2017,42
rollout/ep_len_mean,7168,1.0,f2017,42
rollout/ep_len_mean,7680,1.0,f2017,42
rollout/ep_len_mean,8192,1.0,f2017,42
rollout/ep_len_mean,8704,1.0,f2017,42
rollout/ep_len_mean,9216,1.0,f2017,42
rollout/ep_len_mean,9728,1.0,f2017,42
rollout/ep_len_mean,10240,1.0,f2017,42
rollout/ep_len_mean,10752,1.0,f2017,42
rollout/ep_len_mean,11264,1.0,f2017,42
rollout/ep_len_mean,11776,1.0,f2017,42
rollout/ep_len_mean,12288,1.0,f2017,42
rollout/ep_len_mean,12800,1.0,f2017,42
rollout/ep_len_mean,13312,1.0,f2017,42
rollout/ep_len_mean,13824,1.0,f2017,42
rollout/ep_len_mean,14336,1.0,f2017,42
rollout/ep_len_mean,14848,1.0,f2017,42
rollout/ep_len_mean,15360,1.0,f2017,42
rollout/ep_len_mean,15872,1.0,f2017,42
rollout/ep_len_mean,16384,1.0,f2017,42
rollout/ep_len_mean,16896,1.0,f2017,42
rollout/ep_len_mean,17408,1.0,f2017,42
rollout/ep_len_mean,17920,1.0,f2017,42
rollout/ep_len_mean,18432,1.0,f2017,42
rollout/ep_len_mean,18944,1.0,f2017,42
rollout/ep_len_mean,19456,1.0,f2017,42
rollout/ep_len_mean,19968,1.0,f2017,42
rollout/ep_len_mean,20480,1.0,f2017,42
rollout/ep_len_mean,20992,1.0,f2017,42
rollout/ep_len_mean,21504,1.0,f2017,42
rollout/ep_len_mean,22016,1.0,f2017,42
rollout/ep_rew_mean,512,1.1108132600784302,f2017,42
rollout/ep_rew_mean,1024,1.1308908462524414,f2017,42
rollout/ep_rew_mean,1536,1.1447302103042603,f2017,42
rollout/ep_rew_mean,2048,1.140058159828186,f2017,42
rollout/ep_rew_mean,2560,1.1822853088378906,f2017,42
rollout/ep_rew_mean,3072,1.170363187789917,f2017,42
rollout/ep_rew_mean,3584,1.177822470664978,f2017,42
rollout/ep_rew_mean,4096,1.1742290258407593,f2017,42
rollout/ep_rew_mean,4608,1.1910922527313232,f2017,42
rollout/ep_rew_mean,5120,1.1842422485351562,f2017,42
rollout/ep_rew_mean,5632,1.195177674293518,f2017,42
rollout/ep_rew_mean,6144,1.199731707572937,f2017,42
rollout/ep_rew_mean,6656,1.1678704023361206,f2017,42
rollout/ep_rew_mean,7168,1.190325140953064,f2017,42
rollout/ep_rew_mean,7680,1.1987465620040894,f2017,42
rollout/ep_rew_mean,8192,1.1757304668426514,f2017,42
rollout/ep_rew_mean,8704,1.2033809423446655,f2017,42
rollout/ep_rew_mean,9216,1.2238855361938477,f2017,42
rollout/ep_rew_mean,9728,1.1882760524749756,f2017,42
rollout/ep_rew_mean,10240,1.2095140218734741,f2017,42
rollout/ep_rew_mean,10752,1.210879921913147,f2017,42
rollout/ep_rew_mean,11264,1.193709135055542,f2017,42
rollout/ep_rew_mean,11776,1.198020577430725,f2017,42
rollout/ep_rew_mean,12288,1.2259557247161865,f2017,42
rollout/ep_rew_mean,12800,1.1921783685684204,f2017,42
rollout/ep_rew_mean,13312,1.2154990434646606,f2017,42
rollout/ep_rew_mean,13824,1.2082228660583496,f2017,42
rollout/ep_rew_mean,14336,1.2163010835647583,f2017,42
rollout/ep_rew_mean,14848,1.2027709484100342,f2017,42
rollout/ep_rew_mean,15360,1.2252639532089233,f2017,42
rollout/ep_rew_mean,15872,1.204612135887146,f2017,42
rollout/ep_rew_mean,16384,1.2171125411987305,f2017,42
rollout/ep_rew_mean,16896,1.2150880098342896,f2017,42
rollout/ep_rew_mean,17408,1.2268714904785156,f2017,42
rollout/ep_rew_mean,17920,1.1933631896972656,f2017,42
rollout/ep_rew_mean,18432,1.1826573610305786,f2017,42
rollout/ep_rew_mean,18944,1.2307257652282715,f2017,42
rollout/ep_rew_mean,19456,1.2104812860488892,f2017,42
rollout/ep_rew_mean,19968,1.1977834701538086,f2017,42
rollout/ep_rew_mean,20480,1.2023614645004272,f2017,42
rollout/ep_rew_mean,20992,1.210174560546875,f2017,42
rollout/ep_rew_mean,21504,1.2283399105072021,f2017,42
rollout/ep_rew_mean,22016,1.1982803344726562,f2017,42
time/fps,512,6.0,f2017,42
time/fps,1024,6.0,f2017,42
time/fps,1536,6.0,f2017,42
time/fps,2048,6.0,f2017,42
time/fps,2560,5.0,f2017,42
time/fps,3072,5.0,f2017,42
time/fps,3584,5.0,f2017,42
time/fps,4096,5.0,f2017,42
time/fps,4608,5.0,f2017,42
time/fps,5120,5.0,f2017,42
time/fps,5632,5.0,f2017,42
time/fps,6144,5.0,f2017,42
time/fps,6656,6.0,f2017,42
time/fps,7168,6.0,f2017,42
time/fps,7680,6.0,f2017,42
time/fps,8192,6.0,f2017,42
time/fps,8704,6.0,f2017,42
time/fps,9216,6.0,f2017,42
time/fps,9728,6.0,f2017,42
time/fps,10240,6.0,f2017,42
time/fps,10752,6.0,f2017,42
time/fps,11264,6.0,f2017,42
time/fps,11776,6.0,f2017,42
time/fps,12288,6.0,f2017,42
time/fps,12800,6.0,f2017,42
time/fps,13312,6.0,f2017,42
time/fps,13824,6.0,f2017,42
time/fps,14336,6.0,f2017,42
time/fps,14848,6.0,f2017,42
time/fps,15360,6.0,f2017,42
time/fps,15872,6.0,f2017,42
time/fps,16384,6.0,f2017,42
time/fps,16896,6.0,f2017,42
time/fps,17408,6.0,f2017,42
time/fps,17920,6.0,f2017,42
time/fps,18432,6.0,f2017,42
time/fps,18944,6.0,f2017,42
time/fps,19456,7.0,f2017,42
time/fps,19968,7.0,f2017,42
time/fps,20480,7.0,f2017,42
time/fps,20992,7.0,f2017,42
time/fps,21504,7.0,f2017,42
time/fps,22016,6.0,f2017,42
train/approx_kl,1024,0.008202794007956982,f2017,42
train/approx_kl,1536,0.006121740210801363,f2017,42
train/approx_kl,2048,0.008205454796552658,f2017,42
train/approx_kl,2560,0.009619656950235367,f2017,42
train/approx_kl,3072,0.007645109202712774,f2017,42
train/approx_kl,3584,0.008581990376114845,f2017,42
train/approx_kl,4096,0.008270610123872757,f2017,42
train/approx_kl,4608,0.011139510199427605,f2017,42
train/approx_kl,5120,0.008527384139597416,f2017,42
train/approx_kl,5632,0.01185707375407219,f2017,42
train/approx_kl,6144,0.012472148984670639,f2017,42
train/approx_kl,6656,0.01150617003440857,f2017,42
train/approx_kl,7168,0.008289502933621407,f2017,42
train/approx_kl,7680,0.00908898375928402,f2017,42
train/approx_kl,8192,0.013421818614006042,f2017,42
train/approx_kl,8704,0.010073119774460793,f2017,42
train/approx_kl,9216,0.009161386638879776,f2017,42
train/approx_kl,9728,0.009686486795544624,f2017,42
train/approx_kl,10240,0.01476259995251894,f2017,42
train/approx_kl,10752,0.010633549652993679,f2017,42
train/approx_kl,11264,0.012984954752027988,f2017,42
train/approx_kl,11776,0.010837472975254059,f2017,42
train/approx_kl,12288,0.01135302148759365,f2017,42
train/approx_kl,12800,0.011456525884568691,f2017,42
train/approx_kl,13312,0.009703532792627811,f2017,42
train/approx_kl,13824,0.013085663318634033,f2017,42
train/approx_kl,14336,0.013236314058303833,f2017,42
train/approx_kl,14848,0.0160687156021595,f2017,42
train/approx_kl,15360,0.008841786533594131,f2017,42
train/approx_kl,15872,0.011073778383433819,f2017,42
train/approx_kl,16384,0.011221234686672688,f2017,42
train/approx_kl,16896,0.009940233081579208,f2017,42
train/approx_kl,17408,0.008709881454706192,f2017,42
train/approx_kl,17920,0.010067160241305828,f2017,42
train/approx_kl,18432,0.010043039917945862,f2017,42
train/approx_kl,18944,0.010305838659405708,f2017,42
train/approx_kl,19456,0.011401128023862839,f2017,42
train/approx_kl,19968,0.010702635161578655,f2017,42
train/approx_kl,20480,0.008034450002014637,f2017,42
train/approx_kl,20992,0.008971773087978363,f2017,42
train/approx_kl,21504,0.010752033442258835,f2017,42
train/approx_kl,22016,0.00831427052617073,f2017,42
train/clip_fraction,1024,0.04316406324505806,f2017,42
train/clip_fraction,1536,0.02011718787252903,f2017,42
train/clip_fraction,2048,0.03437500074505806,f2017,42
train/clip_fraction,2560,0.04648437350988388,f2017,42
train/clip_fraction,3072,0.02968749962747097,f2017,42
train/clip_fraction,3584,0.05410156399011612,f2017,42
train/clip_fraction,4096,0.03554687649011612,f2017,42
train/clip_fraction,4608,0.06171875074505806,f2017,42
train/clip_fraction,5120,0.03769531100988388,f2017,42
train/clip_fraction,5632,0.06503906100988388,f2017,42
train/clip_fraction,6144,0.07187499850988388,f2017,42
train/clip_fraction,6656,0.05996093899011612,f2017,42
train/clip_fraction,7168,0.0390625,f2017,42
train/clip_fraction,7680,0.056640625,f2017,42
train/clip_fraction,8192,0.09062500298023224,f2017,42
train/clip_fraction,8704,0.05644531175494194,f2017,42
train/clip_fraction,9216,0.05488281324505806,f2017,42
train/clip_fraction,9728,0.05644531175494194,f2017,42
train/clip_fraction,10240,0.08281250298023224,f2017,42
train/clip_fraction,10752,0.06191406399011612,f2017,42
train/clip_fraction,11264,0.07500000298023224,f2017,42
train/clip_fraction,11776,0.05878906324505806,f2017,42
train/clip_fraction,12288,0.07363281399011612,f2017,42
train/clip_fraction,12800,0.07089843600988388,f2017,42
train/clip_fraction,13312,0.0634765625,f2017,42
train/clip_fraction,13824,0.072265625,f2017,42
train/clip_fraction,14336,0.0703125,f2017,42
train/clip_fraction,14848,0.10703124850988388,f2017,42
train/clip_fraction,15360,0.05332031100988388,f2017,42
train/clip_fraction,15872,0.08261718600988388,f2017,42
train/clip_fraction,16384,0.06914062798023224,f2017,42
train/clip_fraction,16896,0.04316406324505806,f2017,42
train/clip_fraction,17408,0.05878906324505806,f2017,42
train/clip_fraction,17920,0.0751953125,f2017,42
train/clip_fraction,18432,0.05488281324505806,f2017,42
train/clip_fraction,18944,0.06464843451976776,f2017,42
train/clip_fraction,19456,0.07500000298023224,f2017,42
train/clip_fraction,19968,0.07460937649011612,f2017,42
train/clip_fraction,20480,0.04765624925494194,f2017,42
train/clip_fraction,20992,0.07070312649011612,f2017,42
train/clip_fraction,21504,0.06816406548023224,f2017,42
train/clip_fraction,22016,0.0576171875,f2017,42
train/clip_range,1024,0.20000000298023224,f2017,42
train/clip_range,1536,0.20000000298023224,f2017,42
train/clip_range,2048,0.20000000298023224,f2017,42
train/clip_range,2560,0.20000000298023224,f2017,42
train/clip_range,3072,0.20000000298023224,f2017,42
train/clip_range,3584,0.20000000298023224,f2017,42
train/clip_range,4096,0.20000000298023224,f2017,42
train/clip_range,4608,0.20000000298023224,f2017,42
train/clip_range,5120,0.20000000298023224,f2017,42
train/clip_range,5632,0.20000000298023224,f2017,42
train/clip_range,6144,0.20000000298023224,f2017,42
train/clip_range,6656,0.20000000298023224,f2017,42
train/clip_range,7168,0.20000000298023224,f2017,42
train/clip_range,7680,0.20000000298023224,f2017,42
train/clip_range,8192,0.20000000298023224,f2017,42
train/clip_range,8704,0.20000000298023224,f2017,42
train/clip_range,9216,0.20000000298023224,f2017,42
train/clip_range,9728,0.20000000298023224,f2017,42
train/clip_range,10240,0.20000000298023224,f2017,42
train/clip_range,10752,0.20000000298023224,f2017,42
train/clip_range,11264,0.20000000298023224,f2017,42
train/clip_range,11776,0.20000000298023224,f2017,42
train/clip_range,12288,0.20000000298023224,f2017,42
train/clip_range,12800,0.20000000298023224,f2017,42
train/clip_range,13312,0.20000000298023224,f2017,42
train/clip_range,13824,0.20000000298023224,f2017,42
train/clip_range,14336,0.20000000298023224,f2017,42
train/clip_range,14848,0.20000000298023224,f2017,42
train/clip_range,15360,0.20000000298023224,f2017,42
train/clip_range,15872,0.20000000298023224,f2017,42
train/clip_range,16384,0.20000000298023224,f2017,42
train/clip_range,16896,0.20000000298023224,f2017,42
train/clip_range,17408,0.20000000298023224,f2017,42
train/clip_range,17920,0.20000000298023224,f2017,42
train/clip_range,18432,0.20000000298023224,f2017,42
train/clip_range,18944,0.20000000298023224,f2017,42
train/clip_range,19456,0.20000000298023224,f2017,42
train/clip_range,19968,0.20000000298023224,f2017,42
train/clip_range,20480,0.20000000298023224,f2017,42
train/clip_range,20992,0.20000000298023224,f2017,42
train/clip_range,21504,0.20000000298023224,f2017,42
train/clip_range,22016,0.20000000298023224,f2017,42
train/entropy_loss,1024,-3.677898645401001,f2017,42
train/entropy_loss,1536,-3.664738178253174,f2017,42
train/entropy_loss,2048,-3.6348752975463867,f2017,42
train/entropy_loss,2560,-3.606776475906372,f2017,42
train/entropy_loss,3072,-3.589015245437622,f2017,42
train/entropy_loss,3584,-3.5627241134643555,f2017,42
train/entropy_loss,4096,-3.524704694747925,f2017,42
train/entropy_loss,4608,-3.4811110496520996,f2017,42
train/entropy_loss,5120,-3.446661949157715,f2017,42
train/entropy_loss,5632,-3.41658616065979,f2017,42
train/entropy_loss,6144,-3.3993067741394043,f2017,42
train/entropy_loss,6656,-3.3833985328674316,f2017,42
train/entropy_loss,7168,-3.365618944168091,f2017,42
train/entropy_loss,7680,-3.335167407989502,f2017,42
train/entropy_loss,8192,-3.307655096054077,f2017,42
train/entropy_loss,8704,-3.282374620437622,f2017,42
train/entropy_loss,9216,-3.262834310531616,f2017,42
train/entropy_loss,9728,-3.246802568435669,f2017,42
train/entropy_loss,10240,-3.2351696491241455,f2017,42
train/entropy_loss,10752,-3.225620746612549,f2017,42
train/entropy_loss,11264,-3.2054402828216553,f2017,42
train/entropy_loss,11776,-3.190753698348999,f2017,42
train/entropy_loss,12288,-3.178706645965576,f2017,42
train/entropy_loss,12800,-3.1612563133239746,f2017,42
train/entropy_loss,13312,-3.1358113288879395,f2017,42
train/entropy_loss,13824,-3.1125404834747314,f2017,42
train/entropy_loss,14336,-3.10154390335083,f2017,42
train/entropy_loss,14848,-3.0782670974731445,f2017,42
train/entropy_loss,15360,-3.0528597831726074,f2017,42
train/entropy_loss,15872,-3.037112236022949,f2017,42
train/entropy_loss,16384,-3.0212209224700928,f2017,42
train/entropy_loss,16896,-3.000405788421631,f2017,42
train/entropy_loss,17408,-2.9675180912017822,f2017,42
train/entropy_loss,17920,-2.941004991531372,f2017,42
train/entropy_loss,18432,-2.915099620819092,f2017,42
train/entropy_loss,18944,-2.896597146987915,f2017,42
train/entropy_loss,19456,-2.8783652782440186,f2017,42
train/entropy_loss,19968,-2.86554217338562,f2017,42
train/entropy_loss,20480,-2.8551642894744873,f2017,42
train/entropy_loss,20992,-2.8467044830322266,f2017,42
train/entropy_loss,21504,-2.8309171199798584,f2017,42
train/entropy_loss,22016,-2.813579559326172,f2017,42
train/explained_variance,1024,-15.94383430480957,f2017,42
train/explained_variance,1536,-5.444037914276123,f2017,42
train/explained_variance,2048,-1.7939989566802979,f2017,42
train/explained_variance,2560,-1.8575167655944824,f2017,42
train/explained_variance,3072,-0.8949615955352783,f2017,42
train/explained_variance,3584,-1.0491623878479004,f2017,42
train/explained_variance,4096,-0.8360534906387329,f2017,42
train/explained_variance,4608,-1.2680978775024414,f2017,42
train/explained_variance,5120,-1.0987749099731445,f2017,42
train/explained_variance,5632,-1.273240327835083,f2017,42
train/explained_variance,6144,-0.6477205753326416,f2017,42
train/explained_variance,6656,-1.092041254043579,f2017,42
train/explained_variance,7168,-0.6776746511459351,f2017,42
train/explained_variance,7680,-0.6705366373062134,f2017,42
train/explained_variance,8192,-0.6116013526916504,f2017,42
train/explained_variance,8704,-0.6063953638076782,f2017,42
train/explained_variance,9216,-0.37676727771759033,f2017,42
train/explained_variance,9728,-0.65962815284729,f2017,42
train/explained_variance,10240,-0.5130383968353271,f2017,42
train/explained_variance,10752,-0.22320210933685303,f2017,42
train/explained_variance,11264,-0.1687164306640625,f2017,42
train/explained_variance,11776,-0.3618711233139038,f2017,42
train/explained_variance,12288,-0.24496901035308838,f2017,42
train/explained_variance,12800,-0.31027936935424805,f2017,42
train/explained_variance,13312,-0.2186276912689209,f2017,42
train/explained_variance,13824,-0.08800673484802246,f2017,42
train/explained_variance,14336,-0.1168445348739624,f2017,42
train/explained_variance,14848,-0.11825454235076904,f2017,42
train/explained_variance,15360,-0.27361297607421875,f2017,42
train/explained_variance,15872,-0.0946265459060669,f2017,42
train/explained_variance,16384,-0.06106281280517578,f2017,42
train/explained_variance,16896,-0.1213611364364624,f2017,42
train/explained_variance,17408,-0.12151122093200684,f2017,42
train/explained_variance,17920,-0.06587398052215576,f2017,42
train/explained_variance,18432,-0.004165291786193848,f2017,42
train/explained_variance,18944,-0.03455781936645508,f2017,42
train/explained_variance,19456,-0.044850707054138184,f2017,42
train/explained_variance,19968,-0.1176462173461914,f2017,42
train/explained_variance,20480,-0.07967090606689453,f2017,42
train/explained_variance,20992,0.008436977863311768,f2017,42
train/explained_variance,21504,0.016812920570373535,f2017,42
train/explained_variance,22016,0.037363409996032715,f2017,42
train/learning_rate,1024,0.0003000000142492354,f2017,42
train/learning_rate,1536,0.0003000000142492354,f2017,42
train/learning_rate,2048,0.0003000000142492354,f2017,42
train/learning_rate,2560,0.0003000000142492354,f2017,42
train/learning_rate,3072,0.0003000000142492354,f2017,42
train/learning_rate,3584,0.0003000000142492354,f2017,42
train/learning_rate,4096,0.0003000000142492354,f2017,42
train/learning_rate,4608,0.0003000000142492354,f2017,42
train/learning_rate,5120,0.0003000000142492354,f2017,42
train/learning_rate,5632,0.0003000000142492354,f2017,42
train/learning_rate,6144,0.0003000000142492354,f2017,42
train/learning_rate,6656,0.0003000000142492354,f2017,42
train/learning_rate,7168,0.0003000000142492354,f2017,42
train/learning_rate,7680,0.0003000000142492354,f2017,42
train/learning_rate,8192,0.0003000000142492354,f2017,42
train/learning_rate,8704,0.0003000000142492354,f2017,42
train/learning_rate,9216,0.0003000000142492354,f2017,42
train/learning_rate,9728,0.0003000000142492354,f2017,42
train/learning_rate,10240,0.0003000000142492354,f2017,42
train/learning_rate,10752,0.0003000000142492354,f2017,42
train/learning_rate,11264,0.0003000000142492354,f2017,42
train/learning_rate,11776,0.0003000000142492354,f2017,42
train/learning_rate,12288,0.0003000000142492354,f2017,42
train/learning_rate,12800,0.0003000000142492354,f2017,42
train/learning_rate,13312,0.0003000000142492354,f2017,42
train/learning_rate,13824,0.0003000000142492354,f2017,42
train/learning_rate,14336,0.0003000000142492354,f2017,42
train/learning_rate,14848,0.0003000000142492354,f2017,42
train/learning_rate,15360,0.0003000000142492354,f2017,42
train/learning_rate,15872,0.0003000000142492354,f2017,42
train/learning_rate,16384,0.0003000000142492354,f2017,42
train/learning_rate,16896,0.0003000000142492354,f2017,42
train/learning_rate,17408,0.0003000000142492354,f2017,42
train/learning_rate,17920,0.0003000000142492354,f2017,42
train/learning_rate,18432,0.0003000000142492354,f2017,42
train/learning_rate,18944,0.0003000000142492354,f2017,42
train/learning_rate,19456,0.0003000000142492354,f2017,42
train/learning_rate,19968,0.0003000000142492354,f2017,42
train/learning_rate,20480,0.0003000000142492354,f2017,42
train/learning_rate,20992,0.0003000000142492354,f2017,42
train/learning_rate,21504,0.0003000000142492354,f2017,42
train/learning_rate,22016,0.0003000000142492354,f2017,42
train/loss,1024,0.5924493670463562,f2017,42
train/loss,1536,0.46556851267814636,f2017,42
train/loss,2048,0.36002102494239807,f2017,42
train/loss,2560,0.2508358061313629,f2017,42
train/loss,3072,0.1385854333639145,f2017,42
train/loss,3584,0.03454752266407013,f2017,42
train/loss,4096,0.009284276515245438,f2017,42
train/loss,4608,-0.018318146467208862,f2017,42
train/loss,5120,-0.004521865397691727,f2017,42
train/loss,5632,0.0004272833466529846,f2017,42
train/loss,6144,-0.0347316712141037,f2017,42
train/loss,6656,-0.015003267675638199,f2017,42
train/loss,7168,-0.01428384892642498,f2017,42
train/loss,7680,-0.008294317871332169,f2017,42
train/loss,8192,-0.03349792957305908,f2017,42
train/loss,8704,-0.02451177127659321,f2017,42
train/loss,9216,-0.008543639443814754,f2017,42
train/loss,9728,-0.01397982519119978,f2017,42
train/loss,10240,0.003544408828020096,f2017,42
train/loss,10752,-0.028797052800655365,f2017,42
train/loss,11264,-0.029009930789470673,f2017,42
train/loss,11776,-0.02140888012945652,f2017,42
train/loss,12288,-0.02788461744785309,f2017,42
train/loss,12800,-0.019350748509168625,f2017,42
train/loss,13312,-0.018406705930829048,f2017,42
train/loss,13824,-0.02824268490076065,f2017,42
train/loss,14336,-0.028446640819311142,f2017,42
train/loss,14848,-0.03962463140487671,f2017,42
train/loss,15360,-0.02126959338784218,f2017,42
train/loss,15872,-0.016464542597532272,f2017,42
train/loss,16384,-0.01810278557240963,f2017,42
train/loss,16896,-0.02700379490852356,f2017,42
train/loss,17408,-0.021300271153450012,f2017,42
train/loss,17920,-0.016606930643320084,f2017,42
train/loss,18432,-0.020855888724327087,f2017,42
train/loss,18944,-0.02996165305376053,f2017,42
train/loss,19456,-0.03414881229400635,f2017,42
train/loss,19968,-0.016810696572065353,f2017,42
train/loss,20480,-0.023664439097046852,f2017,42
train/loss,20992,-0.021550484001636505,f2017,42
train/loss,21504,-0.02476467937231064,f2017,42
train/loss,22016,-0.02311168611049652,f2017,42
train/policy_gradient_loss,1024,-0.015678493306040764,f2017,42
train/policy_gradient_loss,1536,-0.012355268932878971,f2017,42
train/policy_gradient_loss,2048,-0.01746383309364319,f2017,42
train/policy_gradient_loss,2560,-0.021245231851935387,f2017,42
train/policy_gradient_loss,3072,-0.01980516128242016,f2017,42
train/policy_gradient_loss,3584,-0.020784134045243263,f2017,42
train/policy_gradient_loss,4096,-0.016899293288588524,f2017,42
train/policy_gradient_loss,4608,-0.020950431004166603,f2017,42
train/policy_gradient_loss,5120,-0.015648003667593002,f2017,42
train/policy_gradient_loss,5632,-0.019086187705397606,f2017,42
train/policy_gradient_loss,6144,-0.020092220976948738,f2017,42
train/policy_gradient_loss,6656,-0.021044917404651642,f2017,42
train/policy_gradient_loss,7168,-0.013994656503200531,f2017,42
train/policy_gradient_loss,7680,-0.014250053092837334,f2017,42
train/policy_gradient_loss,8192,-0.022218981757760048,f2017,42
train/policy_gradient_loss,8704,-0.017416467890143394,f2017,42
train/policy_gradient_loss,9216,-0.012766852974891663,f2017,42
train/policy_gradient_loss,9728,-0.014867929741740227,f2017,42
train/policy_gradient_loss,10240,-0.017485560849308968,f2017,42
train/policy_gradient_loss,10752,-0.015933863818645477,f2017,42
train/policy_gradient_loss,11264,-0.0194084495306015,f2017,42
train/policy_gradient_loss,11776,-0.015440086834132671,f2017,42
train/policy_gradient_loss,12288,-0.01601196639239788,f2017,42
train/policy_gradient_loss,12800,-0.017227323725819588,f2017,42
train/policy_gradient_loss,13312,-0.01706160604953766,f2017,42
train/policy_gradient_loss,13824,-0.01834043301641941,f2017,42
train/policy_gradient_loss,14336,-0.016480695456266403,f2017,42
train/policy_gradient_loss,14848,-0.024066729471087456,f2017,42
train/policy_gradient_loss,15360,-0.014214087277650833,f2017,42
train/policy_gradient_loss,15872,-0.01922246254980564,f2017,42
train/policy_gradient_loss,16384,-0.018578166142106056,f2017,42
train/policy_gradient_loss,16896,-0.014589700847864151,f2017,42
train/policy_gradient_loss,17408,-0.016208456829190254,f2017,42
train/policy_gradient_loss,17920,-0.0165127944201231,f2017,42
train/policy_gradient_loss,18432,-0.015466978773474693,f2017,42
train/policy_gradient_loss,18944,-0.015408125706017017,f2017,42
train/policy_gradient_loss,19456,-0.016716014593839645,f2017,42
train/policy_gradient_loss,19968,-0.01850222423672676,f2017,42
train/policy_gradient_loss,20480,-0.01352809090167284,f2017,42
train/policy_gradient_loss,20992,-0.019818080589175224,f2017,42
train/policy_gradient_loss,21504,-0.016448339447379112,f2017,42
train/policy_gradient_loss,22016,-0.01624627783894539,f2017,42
train/std,1024,0.6067143678665161,f2017,42
train/std,1536,0.602682888507843,f2017,42
train/std,2048,0.5978116989135742,f2017,42
train/std,2560,0.5949555039405823,f2017,42
train/std,3072,0.5921015739440918,f2017,42
train/std,3584,0.5875122547149658,f2017,42
train/std,4096,0.5809778571128845,f2017,42
train/std,4608,0.5754087567329407,f2017,42
train/std,5120,0.570835292339325,f2017,42
train/std,5632,0.5678075551986694,f2017,42
train/std,6144,0.5657516717910767,f2017,42
train/std,6656,0.564050018787384,f2017,42
train/std,7168,0.5606998205184937,f2017,42
train/std,7680,0.5565444231033325,f2017,42
train/std,8192,0.5533013343811035,f2017,42
train/std,8704,0.5505401492118835,f2017,42
train/std,9216,0.5484063625335693,f2017,42
train/std,9728,0.5462191104888916,f2017,42
train/std,10240,0.545956015586853,f2017,42
train/std,10752,0.543300986289978,f2017,42
train/std,11264,0.5410118103027344,f2017,42
train/std,11776,0.5395575761795044,f2017,42
train/std,12288,0.5382442474365234,f2017,42
train/std,12800,0.5353015661239624,f2017,42
train/std,13312,0.531441330909729,f2017,42
train/std,13824,0.5302605628967285,f2017,42
train/std,14336,0.5283449292182922,f2017,42
train/std,14848,0.5250771641731262,f2017,42
train/std,15360,0.5226585268974304,f2017,42
train/std,15872,0.5206904411315918,f2017,42
train/std,16384,0.5191967487335205,f2017,42
train/std,16896,0.5151838064193726,f2017,42
train/std,17408,0.5117301940917969,f2017,42
train/std,17920,0.5082023739814758,f2017,42
train/std,18432,0.5058873295783997,f2017,42
train/std,18944,0.503728985786438,f2017,42
train/std,19456,0.5021822452545166,f2017,42
train/std,19968,0.5010338425636292,f2017,42
train/std,20480,0.5007210373878479,f2017,42
train/std,20992,0.4995775818824768,f2017,42
train/std,21504,0.4971534013748169,f2017,42
train/std,22016,0.49632132053375244,f2017,42
train/value_loss,1024,1.4583466053009033,f2017,42
train/value_loss,1536,1.1489648818969727,f2017,42
train/value_loss,2048,0.9214157462120056,f2017,42
train/value_loss,2560,0.676983118057251,f2017,42
train/value_loss,3072,0.4594232738018036,f2017,42
train/value_loss,3584,0.24154266715049744,f2017,42
train/value_loss,4096,0.09593399614095688,f2017,42
train/value_loss,4608,0.048343006521463394,f2017,42
train/value_loss,5120,0.04293204843997955,f2017,42
train/value_loss,5632,0.04582475125789642,f2017,42
train/value_loss,6144,0.03480139002203941,f2017,42
train/value_loss,6656,0.03485693410038948,f2017,42
train/value_loss,7168,0.04004751518368721,f2017,42
train/value_loss,7680,0.03008999116718769,f2017,42
train/value_loss,8192,0.02768515609204769,f2017,42
train/value_loss,8704,0.03359103575348854,f2017,42
train/value_loss,9216,0.0262481477111578,f2017,42
train/value_loss,9728,0.030813105404376984,f2017,42
train/value_loss,10240,0.026060665026307106,f2017,42
train/value_loss,10752,0.03253386169672012,f2017,42
train/value_loss,11264,0.022314298897981644,f2017,42
train/value_loss,11776,0.024958932772278786,f2017,42
train/value_loss,12288,0.024945424869656563,f2017,42
train/value_loss,12800,0.021820368245244026,f2017,42
train/value_loss,13312,0.026446690782904625,f2017,42
train/value_loss,13824,0.025869207456707954,f2017,42
train/value_loss,14336,0.025322824716567993,f2017,42
train/value_loss,14848,0.024403629824519157,f2017,42
train/value_loss,15360,0.022381320595741272,f2017,42
train/value_loss,15872,0.021649237722158432,f2017,42
train/value_loss,16384,0.021996619179844856,f2017,42
train/value_loss,16896,0.018584873527288437,f2017,42
train/value_loss,17408,0.02482905052602291,f2017,42
train/value_loss,17920,0.01819915883243084,f2017,42
train/value_loss,18432,0.018644442781805992,f2017,42
train/value_loss,18944,0.01872493326663971,f2017,42
train/value_loss,19456,0.0189647413790226,f2017,42
train/value_loss,19968,0.02018873766064644,f2017,42
train/value_loss,20480,0.017996685579419136,f2017,42
train/value_loss,20992,0.018846822902560234,f2017,42
train/value_loss,21504,0.019975462928414345,f2017,42
train/value_loss,22016,0.01777590811252594,f2017,42
rollout/ep_len_mean,512,1.0,f2017,43
rollout/ep_len_mean,1024,1.0,f2017,43
rollout/ep_len_mean,1536,1.0,f2017,43
rollout/ep_len_mean,2048,1.0,f2017,43
rollout/ep_len_mean,2560,1.0,f2017,43
rollout/ep_len_mean,3072,1.0,f2017,43
rollout/ep_len_mean,3584,1.0,f2017,43
rollout/ep_len_mean,4096,1.0,f2017,43
rollout/ep_len_mean,4608,1.0,f2017,43
rollout/ep_len_mean,5120,1.0,f2017,43
rollout/ep_len_mean,5632,1.0,f2017,43
rollout/ep_len_mean,6144,1.0,f2017,43
rollout/ep_len_mean,6656,1.0,f2017,43
rollout/ep_len_mean,7168,1.0,f2017,43
rollout/ep_len_mean,7680,1.0,f2017,43
rollout/ep_len_mean,8192,1.0,f2017,43
rollout/ep_len_mean,8704,1.0,f2017,43
rollout/ep_len_mean,9216,1.0,f2017,43
rollout/ep_len_mean,9728,1.0,f2017,43
rollout/ep_len_mean,10240,1.0,f2017,43
rollout/ep_len_mean,10752,1.0,f2017,43
rollout/ep_len_mean,11264,1.0,f2017,43
rollout/ep_len_mean,11776,1.0,f2017,43
rollout/ep_len_mean,12288,1.0,f2017,43
rollout/ep_len_mean,12800,1.0,f2017,43
rollout/ep_len_mean,13312,1.0,f2017,43
rollout/ep_len_mean,13824,1.0,f2017,43
rollout/ep_len_mean,14336,1.0,f2017,43
rollout/ep_len_mean,14848,1.0,f2017,43
rollout/ep_len_mean,15360,1.0,f2017,43
rollout/ep_len_mean,15872,1.0,f2017,43
rollout/ep_len_mean,16384,1.0,f2017,43
rollout/ep_len_mean,16896,1.0,f2017,43
rollout/ep_len_mean,17408,1.0,f2017,43
rollout/ep_len_mean,17920,1.0,f2017,43
rollout/ep_len_mean,18432,1.0,f2017,43
rollout/ep_len_mean,18944,1.0,f2017,43
rollout/ep_len_mean,19456,1.0,f2017,43
rollout/ep_len_mean,19968,1.0,f2017,43
rollout/ep_len_mean,20480,1.0,f2017,43
rollout/ep_len_mean,20992,1.0,f2017,43
rollout/ep_len_mean,21504,1.0,f2017,43
rollout/ep_len_mean,22016,1.0,f2017,43
rollout/ep_len_mean,22528,1.0,f2017,43
rollout/ep_len_mean,23040,1.0,f2017,43
rollout/ep_len_mean,23552,1.0,f2017,43
rollout/ep_len_mean,24064,1.0,f2017,43
rollout/ep_len_mean,24576,1.0,f2017,43
rollout/ep_rew_mean,512,1.1560585498809814,f2017,43
rollout/ep_rew_mean,1024,1.1571028232574463,f2017,43
rollout/ep_rew_mean,1536,1.1612727642059326,f2017,43
rollout/ep_rew_mean,2048,1.1538101434707642,f2017,43
rollout/ep_rew_mean,2560,1.181334376335144,f2017,43
rollout/ep_rew_mean,3072,1.1827138662338257,f2017,43
rollout/ep_rew_mean,3584,1.1657557487487793,f2017,43
rollout/ep_rew_mean,4096,1.1875360012054443,f2017,43
rollout/ep_rew_mean,4608,1.2014416456222534,f2017,43
rollout/ep_rew_mean,5120,1.1793285608291626,f2017,43
rollout/ep_rew_mean,5632,1.1906548738479614,f2017,43
rollout/ep_rew_mean,6144,1.2211815118789673,f2017,43
rollout/ep_rew_mean,6656,1.187835931777954,f2017,43
rollout/ep_rew_mean,7168,1.1865090131759644,f2017,43
rollout/ep_rew_mean,7680,1.1715983152389526,f2017,43
rollout/ep_rew_mean,8192,1.167344331741333,f2017,43
rollout/ep_rew_mean,8704,1.2133101224899292,f2017,43
rollout/ep_rew_mean,9216,1.2327004671096802,f2017,43
rollout/ep_rew_mean,9728,1.1965346336364746,f2017,43
rollout/ep_rew_mean,10240,1.2082228660583496,f2017,43
rollout/ep_rew_mean,10752,1.2118898630142212,f2017,43
rollout/ep_rew_mean,11264,1.2067831754684448,f2017,43
rollout/ep_rew_mean,11776,1.1848293542861938,f2017,43
rollout/ep_rew_mean,12288,1.2153300046920776,f2017,43
rollout/ep_rew_mean,12800,1.1851636171340942,f2017,43
rollout/ep_rew_mean,13312,1.2140218019485474,f2017,43
rollout/ep_rew_mean,13824,1.2289758920669556,f2017,43
rollout/ep_rew_mean,14336,1.2198141813278198,f2017,43
rollout/ep_rew_mean,14848,1.2125998735427856,f2017,43
rollout/ep_rew_mean,15360,1.2212300300598145,f2017,43
rollout/ep_rew_mean,15872,1.201072335243225,f2017,43
rollout/ep_rew_mean,16384,1.2215473651885986,f2017,43
rollout/ep_rew_mean,16896,1.2207666635513306,f2017,43
rollout/ep_rew_mean,17408,1.216156005859375,f2017,43
rollout/ep_rew_mean,17920,1.1865653991699219,f2017,43
rollout/ep_rew_mean,18432,1.1875779628753662,f2017,43
rollout/ep_rew_mean,18944,1.2127662897109985,f2017,43
rollout/ep_rew_mean,19456,1.2229843139648438,f2017,43
rollout/ep_rew_mean,19968,1.2031123638153076,f2017,43
rollout/ep_rew_mean,20480,1.207076072692871,f2017,43
rollout/ep_rew_mean,20992,1.206295132637024,f2017,43
rollout/ep_rew_mean,21504,1.2314064502716064,f2017,43
rollout/ep_rew_mean,22016,1.1891893148422241,f2017,43
rollout/ep_rew_mean,22528,1.2243070602416992,f2017,43
rollout/ep_rew_mean,23040,1.2303446531295776,f2017,43
rollout/ep_rew_mean,23552,1.192929983139038,f2017,43
rollout/ep_rew_mean,24064,1.231224536895752,f2017,43
rollout/ep_rew_mean,24576,1.2214007377624512,f2017,43
time/fps,512,3.0,f2017,43
time/fps,1024,3.0,f2017,43
time/fps,1536,3.0,f2017,43
time/fps,2048,3.0,f2017,43
time/fps,2560,3.0,f2017,43
time/fps,3072,3.0,f2017,43
time/fps,3584,3.0,f2017,43
time/fps,4096,3.0,f2017,43
time/fps,4608,3.0,f2017,43
time/fps,5120,3.0,f2017,43
time/fps,5632,3.0,f2017,43
time/fps,6144,3.0,f2017,43
time/fps,6656,3.0,f2017,43
time/fps,7168,3.0,f2017,43
time/fps,7680,3.0,f2017,43
time/fps,8192,3.0,f2017,43
time/fps,8704,3.0,f2017,43
time/fps,9216,3.0,f2017,43
time/fps,9728,3.0,f2017,43
time/fps,10240,3.0,f2017,43
time/fps,10752,3.0,f2017,43
time/fps,11264,3.0,f2017,43
time/fps,11776,3.0,f2017,43
time/fps,12288,3.0,f2017,43
time/fps,12800,3.0,f2017,43
time/fps,13312,3.0,f2017,43
time/fps,13824,3.0,f2017,43
time/fps,14336,3.0,f2017,43
time/fps,14848,3.0,f2017,43
time/fps,15360,3.0,f2017,43
time/fps,15872,3.0,f2017,43
time/fps,16384,3.0,f2017,43
time/fps,16896,4.0,f2017,43
time/fps,17408,4.0,f2017,43
time/fps,17920,4.0,f2017,43
time/fps,18432,4.0,f2017,43
time/fps,18944,4.0,f2017,43
time/fps,19456,4.0,f2017,43
time/fps,19968,4.0,f2017,43
time/fps,20480,4.0,f2017,43
time/fps,20992,4.0,f2017,43
time/fps,21504,4.0,f2017,43
time/fps,22016,4.0,f2017,43
time/fps,22528,4.0,f2017,43
time/fps,23040,4.0,f2017,43
time/fps,23552,4.0,f2017,43
time/fps,24064,4.0,f2017,43
time/fps,24576,4.0,f2017,43
train/approx_kl,1024,0.006085607223212719,f2017,43
train/approx_kl,1536,0.0059855543076992035,f2017,43
train/approx_kl,2048,0.008173495531082153,f2017,43
train/approx_kl,2560,0.008152474649250507,f2017,43
train/approx_kl,3072,0.008832910098135471,f2017,43
train/approx_kl,3584,0.01143581885844469,f2017,43
train/approx_kl,4096,0.01591580919921398,f2017,43
train/approx_kl,4608,0.009867986664175987,f2017,43
train/approx_kl,5120,0.012707004323601723,f2017,43
train/approx_kl,5632,0.014323166571557522,f2017,43
train/approx_kl,6144,0.01045740395784378,f2017,43
train/approx_kl,6656,0.01368383876979351,f2017,43
train/approx_kl,7168,0.012682542204856873,f2017,43
train/approx_kl,7680,0.01145896501839161,f2017,43
train/approx_kl,8192,0.009763441979885101,f2017,43
train/approx_kl,8704,0.009050500579178333,f2017,43
train/approx_kl,9216,0.013641243800520897,f2017,43
train/approx_kl,9728,0.012605437077581882,f2017,43
train/approx_kl,10240,0.008549587801098824,f2017,43
train/approx_kl,10752,0.012338073924183846,f2017,43
train/approx_kl,11264,0.009641695767641068,f2017,43
train/approx_kl,11776,0.009750479832291603,f2017,43
train/approx_kl,12288,0.00985371321439743,f2017,43
train/approx_kl,12800,0.009956037625670433,f2017,43
train/approx_kl,13312,0.007959000766277313,f2017,43
train/approx_kl,13824,0.007164992857724428,f2017,43
train/approx_kl,14336,0.009632736444473267,f2017,43
train/approx_kl,14848,0.011521799489855766,f2017,43
train/approx_kl,15360,0.010578874498605728,f2017,43
train/approx_kl,15872,0.010125888511538506,f2017,43
train/approx_kl,16384,0.011695249937474728,f2017,43
train/approx_kl,16896,0.00788117852061987,f2017,43
train/approx_kl,17408,0.009265272878110409,f2017,43
train/approx_kl,17920,0.009484871290624142,f2017,43
train/approx_kl,18432,0.006845584139227867,f2017,43
train/approx_kl,18944,0.008392446674406528,f2017,43
train/approx_kl,19456,0.012952284887433052,f2017,43
train/approx_kl,19968,0.010273154824972153,f2017,43
train/approx_kl,20480,0.01309912744909525,f2017,43
train/approx_kl,20992,0.014264392666518688,f2017,43
train/approx_kl,21504,0.017147917300462723,f2017,43
train/approx_kl,22016,0.012779277749359608,f2017,43
train/approx_kl,22528,0.013694394379854202,f2017,43
train/approx_kl,23040,0.012612449936568737,f2017,43
train/approx_kl,23552,0.011369447223842144,f2017,43
train/approx_kl,24064,0.011386964470148087,f2017,43
train/approx_kl,24576,0.009248783811926842,f2017,43
train/clip_fraction,1024,0.02109375037252903,f2017,43
train/clip_fraction,1536,0.013671875,f2017,43
train/clip_fraction,2048,0.02753906324505806,f2017,43
train/clip_fraction,2560,0.03652343899011612,f2017,43
train/clip_fraction,3072,0.04179687425494194,f2017,43
train/clip_fraction,3584,0.05644531175494194,f2017,43
train/clip_fraction,4096,0.08632812649011612,f2017,43
train/clip_fraction,4608,0.05214843899011612,f2017,43
train/clip_fraction,5120,0.08183594048023224,f2017,43
train/clip_fraction,5632,0.09160156548023224,f2017,43
train/clip_fraction,6144,0.05839843675494194,f2017,43
train/clip_fraction,6656,0.07402344048023224,f2017,43
train/clip_fraction,7168,0.0634765625,f2017,43
train/clip_fraction,7680,0.07011719048023224,f2017,43
train/clip_fraction,8192,0.044921875,f2017,43
train/clip_fraction,8704,0.04550781100988388,f2017,43
train/clip_fraction,9216,0.08847656100988388,f2017,43
train/clip_fraction,9728,0.07871093600988388,f2017,43
train/clip_fraction,10240,0.03867187350988388,f2017,43
train/clip_fraction,10752,0.0654296875,f2017,43
train/clip_fraction,11264,0.05156249925494194,f2017,43
train/clip_fraction,11776,0.07050780951976776,f2017,43
train/clip_fraction,12288,0.06523437798023224,f2017,43
train/clip_fraction,12800,0.07597656548023224,f2017,43
train/clip_fraction,13312,0.05742187425494194,f2017,43
train/clip_fraction,13824,0.03378906100988388,f2017,43
train/clip_fraction,14336,0.04648437350988388,f2017,43
train/clip_fraction,14848,0.07929687201976776,f2017,43
train/clip_fraction,15360,0.056640625,f2017,43
train/clip_fraction,15872,0.05820312350988388,f2017,43
train/clip_fraction,16384,0.0654296875,f2017,43
train/clip_fraction,16896,0.03593749925494194,f2017,43
train/clip_fraction,17408,0.0537109375,f2017,43
train/clip_fraction,17920,0.07011719048023224,f2017,43
train/clip_fraction,18432,0.06132812425494194,f2017,43
train/clip_fraction,18944,0.03964843600988388,f2017,43
train/clip_fraction,19456,0.07773437350988388,f2017,43
train/clip_fraction,19968,0.0498046875,f2017,43
train/clip_fraction,20480,0.09160156548023224,f2017,43
train/clip_fraction,20992,0.09531249850988388,f2017,43
train/clip_fraction,21504,0.10273437201976776,f2017,43
train/clip_fraction,22016,0.08339843899011612,f2017,43
train/clip_fraction,22528,0.08906249701976776,f2017,43
train/clip_fraction,23040,0.08359374850988388,f2017,43
train/clip_fraction,23552,0.06621094048023224,f2017,43
train/clip_fraction,24064,0.08378906548023224,f2017,43
train/clip_fraction,24576,0.05742187425494194,f2017,43
train/clip_range,1024,0.20000000298023224,f2017,43
train/clip_range,1536,0.20000000298023224,f2017,43
train/clip_range,2048,0.20000000298023224,f2017,43
train/clip_range,2560,0.20000000298023224,f2017,43
train/clip_range,3072,0.20000000298023224,f2017,43
train/clip_range,3584,0.20000000298023224,f2017,43
train/clip_range,4096,0.20000000298023224,f2017,43
train/clip_range,4608,0.20000000298023224,f2017,43
train/clip_range,5120,0.20000000298023224,f2017,43
train/clip_range,5632,0.20000000298023224,f2017,43
train/clip_range,6144,0.20000000298023224,f2017,43
train/clip_range,6656,0.20000000298023224,f2017,43
train/clip_range,7168,0.20000000298023224,f2017,43
train/clip_range,7680,0.20000000298023224,f2017,43
train/clip_range,8192,0.20000000298023224,f2017,43
train/clip_range,8704,0.20000000298023224,f2017,43
train/clip_range,9216,0.20000000298023224,f2017,43
train/clip_range,9728,0.20000000298023224,f2017,43
train/clip_range,10240,0.20000000298023224,f2017,43
train/clip_range,10752,0.20000000298023224,f2017,43
train/clip_range,11264,0.20000000298023224,f2017,43
train/clip_range,11776,0.20000000298023224,f2017,43
train/clip_range,12288,0.20000000298023224,f2017,43
train/clip_range,12800,0.20000000298023224,f2017,43
train/clip_range,13312,0.20000000298023224,f2017,43
train/clip_range,13824,0.20000000298023224,f2017,43
train/clip_range,14336,0.20000000298023224,f2017,43
train/clip_range,14848,0.20000000298023224,f2017,43
train/clip_range,15360,0.20000000298023224,f2017,43
train/clip_range,15872,0.20000000298023224,f2017,43
train/clip_range,16384,0.20000000298023224,f2017,43
train/clip_range,16896,0.20000000298023224,f2017,43
train/clip_range,17408,0.20000000298023224,f2017,43
train/clip_range,17920,0.20000000298023224,f2017,43
train/clip_range,18432,0.20000000298023224,f2017,43
train/clip_range,18944,0.20000000298023224,f2017,43
train/clip_range,19456,0.20000000298023224,f2017,43
train/clip_range,19968,0.20000000298023224,f2017,43
train/clip_range,20480,0.20000000298023224,f2017,43
train/clip_range,20992,0.20000000298023224,f2017,43
train/clip_range,21504,0.20000000298023224,f2017,43
train/clip_range,22016,0.20000000298023224,f2017,43
train/clip_range,22528,0.20000000298023224,f2017,43
train/clip_range,23040,0.20000000298023224,f2017,43
train/clip_range,23552,0.20000000298023224,f2017,43
train/clip_range,24064,0.20000000298023224,f2017,43
train/clip_range,24576,0.20000000298023224,f2017,43
train/entropy_loss,1024,-3.666605234146118,f2017,43
train/entropy_loss,1536,-3.6539835929870605,f2017,43
train/entropy_loss,2048,-3.645157814025879,f2017,43
train/entropy_loss,2560,-3.623896360397339,f2017,43
train/entropy_loss,3072,-3.5963728427886963,f2017,43
train/entropy_loss,3584,-3.571790933609009,f2017,43
train/entropy_loss,4096,-3.539673089981079,f2017,43
train/entropy_loss,4608,-3.4962825775146484,f2017,43
train/entropy_loss,5120,-3.4514036178588867,f2017,43
train/entropy_loss,5632,-3.420443534851074,f2017,43
train/entropy_loss,6144,-3.393958568572998,f2017,43
train/entropy_loss,6656,-3.3707149028778076,f2017,43
train/entropy_loss,7168,-3.351501941680908,f2017,43
train/entropy_loss,7680,-3.3368489742279053,f2017,43
train/entropy_loss,8192,-3.309629440307617,f2017,43
train/entropy_loss,8704,-3.2830681800842285,f2017,43
train/entropy_loss,9216,-3.2557106018066406,f2017,43
train/entropy_loss,9728,-3.2267978191375732,f2017,43
train/entropy_loss,10240,-3.198058605194092,f2017,43
train/entropy_loss,10752,-3.17201828956604,f2017,43
train/entropy_loss,11264,-3.137937307357788,f2017,43
train/entropy_loss,11776,-3.113725423812866,f2017,43
train/entropy_loss,12288,-3.094304323196411,f2017,43
train/entropy_loss,12800,-3.0754146575927734,f2017,43
train/entropy_loss,13312,-3.049210786819458,f2017,43
train/entropy_loss,13824,-3.014878273010254,f2017,43
train/entropy_loss,14336,-2.989278554916382,f2017,43
train/entropy_loss,14848,-2.9655091762542725,f2017,43
train/entropy_loss,15360,-2.939168691635132,f2017,43
train/entropy_loss,15872,-2.918046236038208,f2017,43
train/entropy_loss,16384,-2.8982062339782715,f2017,43
train/entropy_loss,16896,-2.8874049186706543,f2017,43
train/entropy_loss,17408,-2.870368480682373,f2017,43
train/entropy_loss,17920,-2.839539051055908,f2017,43
train/entropy_loss,18432,-2.8157522678375244,f2017,43
train/entropy_loss,18944,-2.7953062057495117,f2017,43
train/entropy_loss,19456,-2.773378610610962,f2017,43
train/entropy_loss,19968,-2.753739595413208,f2017,43
train/entropy_loss,20480,-2.7342734336853027,f2017,43
train/entropy_loss,20992,-2.7203786373138428,f2017,43
train/entropy_loss,21504,-2.709648370742798,f2017,43
train/entropy_loss,22016,-2.689838409423828,f2017,43
train/entropy_loss,22528,-2.6615772247314453,f2017,43
train/entropy_loss,23040,-2.6371982097625732,f2017,43
train/entropy_loss,23552,-2.6224958896636963,f2017,43
train/entropy_loss,24064,-2.6088576316833496,f2017,43
train/entropy_loss,24576,-2.5935230255126953,f2017,43
train/explained_variance,1024,-19.63097381591797,f2017,43
train/explained_variance,1536,-5.907341003417969,f2017,43
train/explained_variance,2048,-1.811244249343872,f2017,43
train/explained_variance,2560,-0.8743150234222412,f2017,43
train/explained_variance,3072,-0.8164139986038208,f2017,43
train/explained_variance,3584,-0.6625217199325562,f2017,43
train/explained_variance,4096,-0.5183824300765991,f2017,43
train/explained_variance,4608,-0.9973641633987427,f2017,43
train/explained_variance,5120,-0.9134038686752319,f2017,43
train/explained_variance,5632,-0.632866621017456,f2017,43
train/explained_variance,6144,-0.476351261138916,f2017,43
train/explained_variance,6656,-0.8023173809051514,f2017,43
train/explained_variance,7168,-0.4832324981689453,f2017,43
train/explained_variance,7680,-0.5919615030288696,f2017,43
train/explained_variance,8192,-0.4335501194000244,f2017,43
train/explained_variance,8704,-0.4828394651412964,f2017,43
train/explained_variance,9216,-0.4159848690032959,f2017,43
train/explained_variance,9728,-0.2989015579223633,f2017,43
train/explained_variance,10240,-0.2653595209121704,f2017,43
train/explained_variance,10752,-0.2509500980377197,f2017,43
train/explained_variance,11264,-0.35297727584838867,f2017,43
train/explained_variance,11776,-0.08675611019134521,f2017,43
train/explained_variance,12288,-0.07260763645172119,f2017,43
train/explained_variance,12800,-0.12087130546569824,f2017,43
train/explained_variance,13312,-0.0847020149230957,f2017,43
train/explained_variance,13824,-0.061301469802856445,f2017,43
train/explained_variance,14336,-0.0038280487060546875,f2017,43
train/explained_variance,14848,0.011736869812011719,f2017,43
train/explained_variance,15360,-0.10896575450897217,f2017,43
train/explained_variance,15872,-0.0659341812133789,f2017,43
train/explained_variance,16384,-0.07256686687469482,f2017,43
train/explained_variance,16896,-0.2042551040649414,f2017,43
train/explained_variance,17408,-0.019121527671813965,f2017,43
train/explained_variance,17920,0.03372150659561157,f2017,43
train/explained_variance,18432,0.030198216438293457,f2017,43
train/explained_variance,18944,0.0690808892250061,f2017,43
train/explained_variance,19456,0.08398634195327759,f2017,43
train/explained_variance,19968,0.019390881061553955,f2017,43
train/explained_variance,20480,-0.04163336753845215,f2017,43
train/explained_variance,20992,-0.01537013053894043,f2017,43
train/explained_variance,21504,-0.043232083320617676,f2017,43
train/explained_variance,22016,0.10481441020965576,f2017,43
train/explained_variance,22528,0.12733370065689087,f2017,43
train/explained_variance,23040,0.08059704303741455,f2017,43
train/explained_variance,23552,0.0910833477973938,f2017,43
train/explained_variance,24064,0.14635521173477173,f2017,43
train/explained_variance,24576,0.013305127620697021,f2017,43
train/learning_rate,1024,0.0003000000142492354,f2017,43
train/learning_rate,1536,0.0003000000142492354,f2017,43
train/learning_rate,2048,0.0003000000142492354,f2017,43
train/learning_rate,2560,0.0003000000142492354,f2017,43
train/learning_rate,3072,0.0003000000142492354,f2017,43
train/learning_rate,3584,0.0003000000142492354,f2017,43
train/learning_rate,4096,0.0003000000142492354,f2017,43
train/learning_rate,4608,0.0003000000142492354,f2017,43
train/learning_rate,5120,0.0003000000142492354,f2017,43
train/learning_rate,5632,0.0003000000142492354,f2017,43
train/learning_rate,6144,0.0003000000142492354,f2017,43
train/learning_rate,6656,0.0003000000142492354,f2017,43
train/learning_rate,7168,0.0003000000142492354,f2017,43
train/learning_rate,7680,0.0003000000142492354,f2017,43
train/learning_rate,8192,0.0003000000142492354,f2017,43
train/learning_rate,8704,0.0003000000142492354,f2017,43
train/learning_rate,9216,0.0003000000142492354,f2017,43
train/learning_rate,9728,0.0003000000142492354,f2017,43
train/learning_rate,10240,0.0003000000142492354,f2017,43
train/learning_rate,10752,0.0003000000142492354,f2017,43
train/learning_rate,11264,0.0003000000142492354,f2017,43
train/learning_rate,11776,0.0003000000142492354,f2017,43
train/learning_rate,12288,0.0003000000142492354,f2017,43
train/learning_rate,12800,0.0003000000142492354,f2017,43
train/learning_rate,13312,0.0003000000142492354,f2017,43
train/learning_rate,13824,0.0003000000142492354,f2017,43
train/learning_rate,14336,0.0003000000142492354,f2017,43
train/learning_rate,14848,0.0003000000142492354,f2017,43
train/learning_rate,15360,0.0003000000142492354,f2017,43
train/learning_rate,15872,0.0003000000142492354,f2017,43
train/learning_rate,16384,0.0003000000142492354,f2017,43
train/learning_rate,16896,0.0003000000142492354,f2017,43
train/learning_rate,17408,0.0003000000142492354,f2017,43
train/learning_rate,17920,0.0003000000142492354,f2017,43
train/learning_rate,18432,0.0003000000142492354,f2017,43
train/learning_rate,18944,0.0003000000142492354,f2017,43
train/learning_rate,19456,0.0003000000142492354,f2017,43
train/learning_rate,19968,0.0003000000142492354,f2017,43
train/learning_rate,20480,0.0003000000142492354,f2017,43
train/learning_rate,20992,0.0003000000142492354,f2017,43
train/learning_rate,21504,0.0003000000142492354,f2017,43
train/learning_rate,22016,0.0003000000142492354,f2017,43
train/learning_rate,22528,0.0003000000142492354,f2017,43
train/learning_rate,23040,0.0003000000142492354,f2017,43
train/learning_rate,23552,0.0003000000142492354,f2017,43
train/learning_rate,24064,0.0003000000142492354,f2017,43
train/learning_rate,24576,0.0003000000142492354,f2017,43
train/loss,1024,0.6349278688430786,f2017,43
train/loss,1536,0.4718126058578491,f2017,43
train/loss,2048,0.33314305543899536,f2017,43
train/loss,2560,0.20565097033977509,f2017,43
train/loss,3072,0.14108608663082123,f2017,43
train/loss,3584,0.009917326271533966,f2017,43
train/loss,4096,-0.0031083524227142334,f2017,43
train/loss,4608,-0.01305817998945713,f2017,43
train/loss,5120,-0.03402680531144142,f2017,43
train/loss,5632,-0.0354059673845768,f2017,43
train/loss,6144,-0.002607027068734169,f2017,43
train/loss,6656,-0.018373435363173485,f2017,43
train/loss,7168,-0.022323207929730415,f2017,43
train/loss,7680,-0.008863724768161774,f2017,43
train/loss,8192,-0.014277597889304161,f2017,43
train/loss,8704,0.0021569207310676575,f2017,43
train/loss,9216,-0.035230815410614014,f2017,43
train/loss,9728,-0.03201579302549362,f2017,43
train/loss,10240,-0.015277490019798279,f2017,43
train/loss,10752,-0.021532123908400536,f2017,43
train/loss,11264,-0.027737092226743698,f2017,43
train/loss,11776,-0.01825004443526268,f2017,43
train/loss,12288,-0.018929138779640198,f2017,43
train/loss,12800,-0.032938018441200256,f2017,43
train/loss,13312,-0.019154809415340424,f2017,43
train/loss,13824,-0.01817881129682064,f2017,43
train/loss,14336,-0.019004642963409424,f2017,43
train/loss,14848,-0.036613695323467255,f2017,43
train/loss,15360,-0.003925394266843796,f2017,43
train/loss,15872,-0.02788466215133667,f2017,43
train/loss,16384,-0.037762030959129333,f2017,43
train/loss,16896,-0.020160935819149017,f2017,43
train/loss,17408,-0.016319166868925095,f2017,43
train/loss,17920,-0.021311016753315926,f2017,43
train/loss,18432,-0.02354031428694725,f2017,43
train/loss,18944,-0.0025148335844278336,f2017,43
train/loss,19456,-0.0518408864736557,f2017,43
train/loss,19968,-0.01497061736881733,f2017,43
train/loss,20480,-0.01608479768037796,f2017,43
train/loss,20992,-0.0394633486866951,f2017,43
train/loss,21504,-0.023039933294057846,f2017,43
train/loss,22016,-0.029615450650453568,f2017,43
train/loss,22528,-0.012710253708064556,f2017,43
train/loss,23040,-0.01772710680961609,f2017,43
train/loss,23552,-0.023547792807221413,f2017,43
train/loss,24064,-0.030423231422901154,f2017,43
train/loss,24576,-0.006118532735854387,f2017,43
train/policy_gradient_loss,1024,-0.012516746297478676,f2017,43
train/policy_gradient_loss,1536,-0.01074049063026905,f2017,43
train/policy_gradient_loss,2048,-0.01902712881565094,f2017,43
train/policy_gradient_loss,2560,-0.018457897007465363,f2017,43
train/policy_gradient_loss,3072,-0.022328920662403107,f2017,43
train/policy_gradient_loss,3584,-0.02459302730858326,f2017,43
train/policy_gradient_loss,4096,-0.02546330727636814,f2017,43
train/policy_gradient_loss,4608,-0.019387483596801758,f2017,43
train/policy_gradient_loss,5120,-0.020830383524298668,f2017,43
train/policy_gradient_loss,5632,-0.024539373815059662,f2017,43
train/policy_gradient_loss,6144,-0.017039379104971886,f2017,43
train/policy_gradient_loss,6656,-0.023715486750006676,f2017,43
train/policy_gradient_loss,7168,-0.01970694214105606,f2017,43
train/policy_gradient_loss,7680,-0.020250292494893074,f2017,43
train/policy_gradient_loss,8192,-0.01615426503121853,f2017,43
train/policy_gradient_loss,8704,-0.014296806417405605,f2017,43
train/policy_gradient_loss,9216,-0.024290360510349274,f2017,43
train/policy_gradient_loss,9728,-0.019507117569446564,f2017,43
train/policy_gradient_loss,10240,-0.012762636877596378,f2017,43
train/policy_gradient_loss,10752,-0.01865502819418907,f2017,43
train/policy_gradient_loss,11264,-0.016098717227578163,f2017,43
train/policy_gradient_loss,11776,-0.01679185777902603,f2017,43
train/policy_gradient_loss,12288,-0.016755245625972748,f2017,43
train/policy_gradient_loss,12800,-0.0189895648509264,f2017,43
train/policy_gradient_loss,13312,-0.014676183462142944,f2017,43
train/policy_gradient_loss,13824,-0.014859071001410484,f2017,43
train/policy_gradient_loss,14336,-0.015937600284814835,f2017,43
train/policy_gradient_loss,14848,-0.018668577075004578,f2017,43
train/policy_gradient_loss,15360,-0.016079818829894066,f2017,43
train/policy_gradient_loss,15872,-0.01794683188199997,f2017,43
train/policy_gradient_loss,16384,-0.0193781815469265,f2017,43
train/policy_gradient_loss,16896,-0.012350521981716156,f2017,43
train/policy_gradient_loss,17408,-0.015671687200665474,f2017,43
train/policy_gradient_loss,17920,-0.015366698615252972,f2017,43
train/policy_gradient_loss,18432,-0.013615358620882034,f2017,43
train/policy_gradient_loss,18944,-0.013988439925014973,f2017,43
train/policy_gradient_loss,19456,-0.02354169636964798,f2017,43
train/policy_gradient_loss,19968,-0.016781067475676537,f2017,43
train/policy_gradient_loss,20480,-0.021793503314256668,f2017,43
train/policy_gradient_loss,20992,-0.02007681503891945,f2017,43
train/policy_gradient_loss,21504,-0.022641271352767944,f2017,43
train/policy_gradient_loss,22016,-0.02272629737854004,f2017,43
train/policy_gradient_loss,22528,-0.022050056606531143,f2017,43
train/policy_gradient_loss,23040,-0.0201115719974041,f2017,43
train/policy_gradient_loss,23552,-0.01725810207426548,f2017,43
train/policy_gradient_loss,24064,-0.01797381602227688,f2017,43
train/policy_gradient_loss,24576,-0.016762062907218933,f2017,43
train/std,1024,0.6037875413894653,f2017,43
train/std,1536,0.6027777791023254,f2017,43
train/std,2048,0.6009759902954102,f2017,43
train/std,2560,0.5964150428771973,f2017,43
train/std,3072,0.5931229591369629,f2017,43
train/std,3584,0.5889005064964294,f2017,43
train/std,4096,0.5837876200675964,f2017,43
train/std,4608,0.5765879154205322,f2017,43
train/std,5120,0.5716660022735596,f2017,43
train/std,5632,0.5675174593925476,f2017,43
train/std,6144,0.5644363164901733,f2017,43
train/std,6656,0.5614525079727173,f2017,43
train/std,7168,0.5598052740097046,f2017,43
train/std,7680,0.556796669960022,f2017,43
train/std,8192,0.5533495545387268,f2017,43
train/std,8704,0.5496638417243958,f2017,43
train/std,9216,0.5461733937263489,f2017,43
train/std,9728,0.5417031049728394,f2017,43
train/std,10240,0.5389683246612549,f2017,43
train/std,10752,0.5343420505523682,f2017,43
train/std,11264,0.5306249856948853,f2017,43
train/std,11776,0.527950644493103,f2017,43
train/std,12288,0.5256192088127136,f2017,43
train/std,12800,0.5233356952667236,f2017,43
train/std,13312,0.5190593600273132,f2017,43
train/std,13824,0.5153923034667969,f2017,43
train/std,14336,0.5127133131027222,f2017,43
train/std,14848,0.5092378258705139,f2017,43
train/std,15360,0.5066401958465576,f2017,43
train/std,15872,0.5039779543876648,f2017,43
train/std,16384,0.5023496150970459,f2017,43
train/std,16896,0.5016969442367554,f2017,43
train/std,17408,0.4980285167694092,f2017,43
train/std,17920,0.4946618378162384,f2017,43
train/std,18432,0.49250850081443787,f2017,43
train/std,18944,0.4898861050605774,f2017,43
train/std,19456,0.4877302050590515,f2017,43
train/std,19968,0.48545151948928833,f2017,43
train/std,20480,0.48335933685302734,f2017,43
train/std,20992,0.48244160413742065,f2017,43
train/std,21504,0.48099076747894287,f2017,43
train/std,22016,0.4777466654777527,f2017,43
train/std,22528,0.47477495670318604,f2017,43
train/std,23040,0.47272002696990967,f2017,43
train/std,23552,0.471751868724823,f2017,43
train/std,24064,0.47000184655189514,f2017,43
train/std,24576,0.46935099363327026,f2017,43
train/value_loss,1024,1.4934594631195068,f2017,43
train/value_loss,1536,1.1450589895248413,f2017,43
train/value_loss,2048,0.8774119019508362,f2017,43
train/value_loss,2560,0.6417104601860046,f2017,43
train/value_loss,3072,0.4342591166496277,f2017,43
train/value_loss,3584,0.2200782597064972,f2017,43
train/value_loss,4096,0.08212142437696457,f2017,43
train/value_loss,4608,0.041762981563806534,f2017,43
train/value_loss,5120,0.04027428478002548,f2017,43
train/value_loss,5632,0.03646735101938248,f2017,43
train/value_loss,6144,0.03182565048336983,f2017,43
train/value_loss,6656,0.03049321658909321,f2017,43
train/value_loss,7168,0.03412814438343048,f2017,43
train/value_loss,7680,0.028210120275616646,f2017,43
train/value_loss,8192,0.026916509494185448,f2017,43
train/value_loss,8704,0.031213771551847458,f2017,43
train/value_loss,9216,0.027330683544278145,f2017,43
train/value_loss,9728,0.02792249247431755,f2017,43
train/value_loss,10240,0.024199103936553,f2017,43
train/value_loss,10752,0.025689298287034035,f2017,43
train/value_loss,11264,0.02382839284837246,f2017,43
train/value_loss,11776,0.022272150963544846,f2017,43
train/value_loss,12288,0.024170711636543274,f2017,43
train/value_loss,12800,0.023728128522634506,f2017,43
train/value_loss,13312,0.02684207074344158,f2017,43
train/value_loss,13824,0.021846888586878777,f2017,43
train/value_loss,14336,0.023410145193338394,f2017,43
train/value_loss,14848,0.02004876360297203,f2017,43
train/value_loss,15360,0.02369416132569313,f2017,43
train/value_loss,15872,0.022999580949544907,f2017,43
train/value_loss,16384,0.019718673080205917,f2017,43
train/value_loss,16896,0.018875932320952415,f2017,43
train/value_loss,17408,0.019043680280447006,f2017,43
train/value_loss,17920,0.01880960911512375,f2017,43
train/value_loss,18432,0.016369203105568886,f2017,43
train/value_loss,18944,0.0157356858253479,f2017,43
train/value_loss,19456,0.019251173362135887,f2017,43
train/value_loss,19968,0.017763812094926834,f2017,43
train/value_loss,20480,0.01820690743625164,f2017,43
train/value_loss,20992,0.018352514132857323,f2017,43
train/value_loss,21504,0.020206518471240997,f2017,43
train/value_loss,22016,0.016651315614581108,f2017,43
train/value_loss,22528,0.01605067029595375,f2017,43
train/value_loss,23040,0.014872921630740166,f2017,43
train/value_loss,23552,0.013172749429941177,f2017,43
train/value_loss,24064,0.01620449312031269,f2017,43
train/value_loss,24576,0.015244083479046822,f2017,43
rollout/ep_len_mean,512,1.0,f2017,44
rollout/ep_len_mean,1024,1.0,f2017,44
rollout/ep_len_mean,1536,1.0,f2017,44
rollout/ep_len_mean,2048,1.0,f2017,44
rollout/ep_len_mean,2560,1.0,f2017,44
rollout/ep_len_mean,3072,1.0,f2017,44
rollout/ep_len_mean,3584,1.0,f2017,44
rollout/ep_len_mean,4096,1.0,f2017,44
rollout/ep_len_mean,4608,1.0,f2017,44
rollout/ep_len_mean,5120,1.0,f2017,44
rollout/ep_len_mean,5632,1.0,f2017,44
rollout/ep_len_mean,6144,1.0,f2017,44
rollout/ep_len_mean,6656,1.0,f2017,44
rollout/ep_len_mean,7168,1.0,f2017,44
rollout/ep_len_mean,7680,1.0,f2017,44
rollout/ep_len_mean,8192,1.0,f2017,44
rollout/ep_len_mean,8704,1.0,f2017,44
rollout/ep_len_mean,9216,1.0,f2017,44
rollout/ep_len_mean,9728,1.0,f2017,44
rollout/ep_len_mean,10240,1.0,f2017,44
rollout/ep_len_mean,10752,1.0,f2017,44
rollout/ep_len_mean,11264,1.0,f2017,44
rollout/ep_len_mean,11776,1.0,f2017,44
rollout/ep_len_mean,12288,1.0,f2017,44
rollout/ep_len_mean,12800,1.0,f2017,44
rollout/ep_len_mean,13312,1.0,f2017,44
rollout/ep_len_mean,13824,1.0,f2017,44
rollout/ep_len_mean,14336,1.0,f2017,44
rollout/ep_len_mean,14848,1.0,f2017,44
rollout/ep_len_mean,15360,1.0,f2017,44
rollout/ep_len_mean,15872,1.0,f2017,44
rollout/ep_len_mean,16384,1.0,f2017,44
rollout/ep_len_mean,16896,1.0,f2017,44
rollout/ep_len_mean,17408,1.0,f2017,44
rollout/ep_len_mean,17920,1.0,f2017,44
rollout/ep_rew_mean,512,1.1409951448440552,f2017,44
rollout/ep_rew_mean,1024,1.166254997253418,f2017,44
rollout/ep_rew_mean,1536,1.1501169204711914,f2017,44
rollout/ep_rew_mean,2048,1.1552740335464478,f2017,44
rollout/ep_rew_mean,2560,1.1708747148513794,f2017,44
rollout/ep_rew_mean,3072,1.165297269821167,f2017,44
rollout/ep_rew_mean,3584,1.1718698740005493,f2017,44
rollout/ep_rew_mean,4096,1.1972191333770752,f2017,44
rollout/ep_rew_mean,4608,1.1931554079055786,f2017,44
rollout/ep_rew_mean,5120,1.1727415323257446,f2017,44
rollout/ep_rew_mean,5632,1.1696834564208984,f2017,44
rollout/ep_rew_mean,6144,1.1906535625457764,f2017,44
rollout/ep_rew_mean,6656,1.1681294441223145,f2017,44
rollout/ep_rew_mean,7168,1.210366129875183,f2017,44
rollout/ep_rew_mean,7680,1.1940629482269287,f2017,44
rollout/ep_rew_mean,8192,1.1783301830291748,f2017,44
rollout/ep_rew_mean,8704,1.208572506904602,f2017,44
rollout/ep_rew_mean,9216,1.22860848903656,f2017,44
rollout/ep_rew_mean,9728,1.1949043273925781,f2017,44
rollout/ep_rew_mean,10240,1.2100507020950317,f2017,44
rollout/ep_rew_mean,10752,1.2006800174713135,f2017,44
rollout/ep_rew_mean,11264,1.199454665184021,f2017,44
rollout/ep_rew_mean,11776,1.174206018447876,f2017,44
rollout/ep_rew_mean,12288,1.2187401056289673,f2017,44
rollout/ep_rew_mean,12800,1.1872745752334595,f2017,44
rollout/ep_rew_mean,13312,1.2287400960922241,f2017,44
rollout/ep_rew_mean,13824,1.224582314491272,f2017,44
rollout/ep_rew_mean,14336,1.2189141511917114,f2017,44
rollout/ep_rew_mean,14848,1.204371452331543,f2017,44
rollout/ep_rew_mean,15360,1.2174123525619507,f2017,44
rollout/ep_rew_mean,15872,1.197116494178772,f2017,44
rollout/ep_rew_mean,16384,1.2221596240997314,f2017,44
rollout/ep_rew_mean,16896,1.2226238250732422,f2017,44
rollout/ep_rew_mean,17408,1.2029178142547607,f2017,44
rollout/ep_rew_mean,17920,1.193237543106079,f2017,44
time/fps,512,5.0,f2017,44
time/fps,1024,5.0,f2017,44
time/fps,1536,5.0,f2017,44
time/fps,2048,5.0,f2017,44
time/fps,2560,5.0,f2017,44
time/fps,3072,5.0,f2017,44
time/fps,3584,5.0,f2017,44
time/fps,4096,5.0,f2017,44
time/fps,4608,5.0,f2017,44
time/fps,5120,5.0,f2017,44
time/fps,5632,5.0,f2017,44
time/fps,6144,5.0,f2017,44
time/fps,6656,5.0,f2017,44
time/fps,7168,5.0,f2017,44
time/fps,7680,5.0,f2017,44
time/fps,8192,5.0,f2017,44
time/fps,8704,5.0,f2017,44
time/fps,9216,5.0,f2017,44
time/fps,9728,5.0,f2017,44
time/fps,10240,5.0,f2017,44
time/fps,10752,5.0,f2017,44
time/fps,11264,5.0,f2017,44
time/fps,11776,5.0,f2017,44
time/fps,12288,5.0,f2017,44
time/fps,12800,5.0,f2017,44
time/fps,13312,5.0,f2017,44
time/fps,13824,5.0,f2017,44
time/fps,14336,5.0,f2017,44
time/fps,14848,5.0,f2017,44
time/fps,15360,5.0,f2017,44
time/fps,15872,5.0,f2017,44
time/fps,16384,5.0,f2017,44
time/fps,16896,5.0,f2017,44
time/fps,17408,5.0,f2017,44
time/fps,17920,5.0,f2017,44
train/approx_kl,1024,0.005995289422571659,f2017,44
train/approx_kl,1536,0.006533791311085224,f2017,44
train/approx_kl,2048,0.006778636947274208,f2017,44
train/approx_kl,2560,0.009973790496587753,f2017,44
train/approx_kl,3072,0.00723316939547658,f2017,44
train/approx_kl,3584,0.010435590520501137,f2017,44
train/approx_kl,4096,0.011270897462964058,f2017,44
train/approx_kl,4608,0.010258214548230171,f2017,44
train/approx_kl,5120,0.010223720222711563,f2017,44
train/approx_kl,5632,0.008618837222456932,f2017,44
train/approx_kl,6144,0.012872844934463501,f2017,44
train/approx_kl,6656,0.0124984011054039,f2017,44
train/approx_kl,7168,0.017912665382027626,f2017,44
train/approx_kl,7680,0.010740013793110847,f2017,44
train/approx_kl,8192,0.012303952127695084,f2017,44
train/approx_kl,8704,0.01319579966366291,f2017,44
train/approx_kl,9216,0.013527784496545792,f2017,44
train/approx_kl,9728,0.008639352396130562,f2017,44
train/approx_kl,10240,0.00827050767838955,f2017,44
train/approx_kl,10752,0.011922426521778107,f2017,44
train/approx_kl,11264,0.01222611591219902,f2017,44
train/approx_kl,11776,0.010008762590587139,f2017,44
train/approx_kl,12288,0.009125586599111557,f2017,44
train/approx_kl,12800,0.01203237660229206,f2017,44
train/approx_kl,13312,0.013047376647591591,f2017,44
train/approx_kl,13824,0.010835615918040276,f2017,44
train/approx_kl,14336,0.011719001457095146,f2017,44
train/approx_kl,14848,0.010001820512115955,f2017,44
train/approx_kl,15360,0.00993379671126604,f2017,44
train/approx_kl,15872,0.009500588290393353,f2017,44
train/approx_kl,16384,0.010620121844112873,f2017,44
train/approx_kl,16896,0.01060207188129425,f2017,44
train/approx_kl,17408,0.009616230614483356,f2017,44
train/approx_kl,17920,0.01134537160396576,f2017,44
train/clip_fraction,1024,0.01835937425494194,f2017,44
train/clip_fraction,1536,0.0205078125,f2017,44
train/clip_fraction,2048,0.02285156212747097,f2017,44
train/clip_fraction,2560,0.05117187649011612,f2017,44
train/clip_fraction,3072,0.02988281287252903,f2017,44
train/clip_fraction,3584,0.05292968824505806,f2017,44
train/clip_fraction,4096,0.06035156175494194,f2017,44
train/clip_fraction,4608,0.05195312574505806,f2017,44
train/clip_fraction,5120,0.06914062798023224,f2017,44
train/clip_fraction,5632,0.05097656324505806,f2017,44
train/clip_fraction,6144,0.08203125,f2017,44
train/clip_fraction,6656,0.07148437201976776,f2017,44
train/clip_fraction,7168,0.1298828125,f2017,44
train/clip_fraction,7680,0.05585937574505806,f2017,44
train/clip_fraction,8192,0.06523437798023224,f2017,44
train/clip_fraction,8704,0.07187499850988388,f2017,44
train/clip_fraction,9216,0.0732421875,f2017,44
train/clip_fraction,9728,0.0458984375,f2017,44
train/clip_fraction,10240,0.04609375074505806,f2017,44
train/clip_fraction,10752,0.08124999701976776,f2017,44
train/clip_fraction,11264,0.06718750298023224,f2017,44
train/clip_fraction,11776,0.05117187649011612,f2017,44
train/clip_fraction,12288,0.0361328125,f2017,44
train/clip_fraction,12800,0.0625,f2017,44
train/clip_fraction,13312,0.1005859375,f2017,44
train/clip_fraction,13824,0.0556640625,f2017,44
train/clip_fraction,14336,0.0546875,f2017,44
train/clip_fraction,14848,0.0595703125,f2017,44
train/clip_fraction,15360,0.0498046875,f2017,44
train/clip_fraction,15872,0.044921875,f2017,44
train/clip_fraction,16384,0.0654296875,f2017,44
train/clip_fraction,16896,0.06992187350988388,f2017,44
train/clip_fraction,17408,0.05097656324505806,f2017,44
train/clip_fraction,17920,0.05917968600988388,f2017,44
train/clip_range,1024,0.20000000298023224,f2017,44
train/clip_range,1536,0.20000000298023224,f2017,44
train/clip_range,2048,0.20000000298023224,f2017,44
train/clip_range,2560,0.20000000298023224,f2017,44
train/clip_range,3072,0.20000000298023224,f2017,44
train/clip_range,3584,0.20000000298023224,f2017,44
train/clip_range,4096,0.20000000298023224,f2017,44
train/clip_range,4608,0.20000000298023224,f2017,44
train/clip_range,5120,0.20000000298023224,f2017,44
train/clip_range,5632,0.20000000298023224,f2017,44
train/clip_range,6144,0.20000000298023224,f2017,44
train/clip_range,6656,0.20000000298023224,f2017,44
train/clip_range,7168,0.20000000298023224,f2017,44
train/clip_range,7680,0.20000000298023224,f2017,44
train/clip_range,8192,0.20000000298023224,f2017,44
train/clip_range,8704,0.20000000298023224,f2017,44
train/clip_range,9216,0.20000000298023224,f2017,44
train/clip_range,9728,0.20000000298023224,f2017,44
train/clip_range,10240,0.20000000298023224,f2017,44
train/clip_range,10752,0.20000000298023224,f2017,44
train/clip_range,11264,0.20000000298023224,f2017,44
train/clip_range,11776,0.20000000298023224,f2017,44
train/clip_range,12288,0.20000000298023224,f2017,44
train/clip_range,12800,0.20000000298023224,f2017,44
train/clip_range,13312,0.20000000298023224,f2017,44
train/clip_range,13824,0.20000000298023224,f2017,44
train/clip_range,14336,0.20000000298023224,f2017,44
train/clip_range,14848,0.20000000298023224,f2017,44
train/clip_range,15360,0.20000000298023224,f2017,44
train/clip_range,15872,0.20000000298023224,f2017,44
train/clip_range,16384,0.20000000298023224,f2017,44
train/clip_range,16896,0.20000000298023224,f2017,44
train/clip_range,17408,0.20000000298023224,f2017,44
train/clip_range,17920,0.20000000298023224,f2017,44
train/entropy_loss,1024,-3.6720921993255615,f2017,44
train/entropy_loss,1536,-3.661504030227661,f2017,44
train/entropy_loss,2048,-3.6543426513671875,f2017,44
train/entropy_loss,2560,-3.6393823623657227,f2017,44
train/entropy_loss,3072,-3.6076443195343018,f2017,44
train/entropy_loss,3584,-3.5742721557617188,f2017,44
train/entropy_loss,4096,-3.5451149940490723,f2017,44
train/entropy_loss,4608,-3.511456251144409,f2017,44
train/entropy_loss,5120,-3.4801547527313232,f2017,44
train/entropy_loss,5632,-3.4406418800354004,f2017,44
train/entropy_loss,6144,-3.4053001403808594,f2017,44
train/entropy_loss,6656,-3.3908638954162598,f2017,44
train/entropy_loss,7168,-3.3807132244110107,f2017,44
train/entropy_loss,7680,-3.3695273399353027,f2017,44
train/entropy_loss,8192,-3.350032091140747,f2017,44
train/entropy_loss,8704,-3.3293755054473877,f2017,44
train/entropy_loss,9216,-3.31648850440979,f2017,44
train/entropy_loss,9728,-3.2899420261383057,f2017,44
train/entropy_loss,10240,-3.267392635345459,f2017,44
train/entropy_loss,10752,-3.24945330619812,f2017,44
train/entropy_loss,11264,-3.2224209308624268,f2017,44
train/entropy_loss,11776,-3.1896045207977295,f2017,44
train/entropy_loss,12288,-3.162781000137329,f2017,44
train/entropy_loss,12800,-3.139686107635498,f2017,44
train/entropy_loss,13312,-3.1219353675842285,f2017,44
train/entropy_loss,13824,-3.1079211235046387,f2017,44
train/entropy_loss,14336,-3.0883071422576904,f2017,44
train/entropy_loss,14848,-3.067121744155884,f2017,44
train/entropy_loss,15360,-3.0489277839660645,f2017,44
train/entropy_loss,15872,-3.028672456741333,f2017,44
train/entropy_loss,16384,-3.0033299922943115,f2017,44
train/entropy_loss,16896,-2.988037109375,f2017,44
train/entropy_loss,17408,-2.9715535640716553,f2017,44
train/entropy_loss,17920,-2.944420576095581,f2017,44
train/explained_variance,1024,-17.972190856933594,f2017,44
train/explained_variance,1536,-6.681702136993408,f2017,44
train/explained_variance,2048,-2.0289523601531982,f2017,44
train/explained_variance,2560,-0.926223874092102,f2017,44
train/explained_variance,3072,-1.0180375576019287,f2017,44
train/explained_variance,3584,-1.4420697689056396,f2017,44
train/explained_variance,4096,-1.5529232025146484,f2017,44
train/explained_variance,4608,-1.4728915691375732,f2017,44
train/explained_variance,5120,-1.0974361896514893,f2017,44
train/explained_variance,5632,-1.1198627948760986,f2017,44
train/explained_variance,6144,-0.8899493217468262,f2017,44
train/explained_variance,6656,-1.0392558574676514,f2017,44
train/explained_variance,7168,-0.7721561193466187,f2017,44
train/explained_variance,7680,-0.9087198972702026,f2017,44
train/explained_variance,8192,-0.494317889213562,f2017,44
train/explained_variance,8704,-0.47614145278930664,f2017,44
train/explained_variance,9216,-0.5527424812316895,f2017,44
train/explained_variance,9728,-0.33221375942230225,f2017,44
train/explained_variance,10240,-0.4030724763870239,f2017,44
train/explained_variance,10752,-0.18061459064483643,f2017,44
train/explained_variance,11264,-0.18204450607299805,f2017,44
train/explained_variance,11776,-0.2618788480758667,f2017,44
train/explained_variance,12288,-0.3926279544830322,f2017,44
train/explained_variance,12800,-0.4068340063095093,f2017,44
train/explained_variance,13312,-0.052775025367736816,f2017,44
train/explained_variance,13824,-0.3030436038970947,f2017,44
train/explained_variance,14336,0.01906067132949829,f2017,44
train/explained_variance,14848,-0.0487978458404541,f2017,44
train/explained_variance,15360,-0.09192752838134766,f2017,44
train/explained_variance,15872,-0.13071680068969727,f2017,44
train/explained_variance,16384,-0.13411223888397217,f2017,44
train/explained_variance,16896,-0.1385113000869751,f2017,44
train/explained_variance,17408,-0.042214155197143555,f2017,44
train/explained_variance,17920,-0.07265281677246094,f2017,44
train/learning_rate,1024,0.0003000000142492354,f2017,44
train/learning_rate,1536,0.0003000000142492354,f2017,44
train/learning_rate,2048,0.0003000000142492354,f2017,44
train/learning_rate,2560,0.0003000000142492354,f2017,44
train/learning_rate,3072,0.0003000000142492354,f2017,44
train/learning_rate,3584,0.0003000000142492354,f2017,44
train/learning_rate,4096,0.0003000000142492354,f2017,44
train/learning_rate,4608,0.0003000000142492354,f2017,44
train/learning_rate,5120,0.0003000000142492354,f2017,44
train/learning_rate,5632,0.0003000000142492354,f2017,44
train/learning_rate,6144,0.0003000000142492354,f2017,44
train/learning_rate,6656,0.0003000000142492354,f2017,44
train/learning_rate,7168,0.0003000000142492354,f2017,44
train/learning_rate,7680,0.0003000000142492354,f2017,44
train/learning_rate,8192,0.0003000000142492354,f2017,44
train/learning_rate,8704,0.0003000000142492354,f2017,44
train/learning_rate,9216,0.0003000000142492354,f2017,44
train/learning_rate,9728,0.0003000000142492354,f2017,44
train/learning_rate,10240,0.0003000000142492354,f2017,44
train/learning_rate,10752,0.0003000000142492354,f2017,44
train/learning_rate,11264,0.0003000000142492354,f2017,44
train/learning_rate,11776,0.0003000000142492354,f2017,44
train/learning_rate,12288,0.0003000000142492354,f2017,44
train/learning_rate,12800,0.0003000000142492354,f2017,44
train/learning_rate,13312,0.0003000000142492354,f2017,44
train/learning_rate,13824,0.0003000000142492354,f2017,44
train/learning_rate,14336,0.0003000000142492354,f2017,44
train/learning_rate,14848,0.0003000000142492354,f2017,44
train/learning_rate,15360,0.0003000000142492354,f2017,44
train/learning_rate,15872,0.0003000000142492354,f2017,44
train/learning_rate,16384,0.0003000000142492354,f2017,44
train/learning_rate,16896,0.0003000000142492354,f2017,44
train/learning_rate,17408,0.0003000000142492354,f2017,44
train/learning_rate,17920,0.0003000000142492354,f2017,44
train/loss,1024,0.6264357566833496,f2017,44
train/loss,1536,0.43148380517959595,f2017,44
train/loss,2048,0.33541277050971985,f2017,44
train/loss,2560,0.2285611480474472,f2017,44
train/loss,3072,0.11133645474910736,f2017,44
train/loss,3584,0.039271023124456406,f2017,44
train/loss,4096,-0.0060495249927043915,f2017,44
train/loss,4608,3.388151526451111e-06,f2017,44
train/loss,5120,-0.015114333480596542,f2017,44
train/loss,5632,-0.0012359842658042908,f2017,44
train/loss,6144,-0.02583860233426094,f2017,44
train/loss,6656,-0.038338303565979004,f2017,44
train/loss,7168,-0.0280541330575943,f2017,44
train/loss,7680,-0.019867822527885437,f2017,44
train/loss,8192,-0.005433713085949421,f2017,44
train/loss,8704,-0.0066251084208488464,f2017,44
train/loss,9216,-0.01202938612550497,f2017,44
train/loss,9728,-0.01926589198410511,f2017,44
train/loss,10240,-0.025636473670601845,f2017,44
train/loss,10752,-0.015227124094963074,f2017,44
train/loss,11264,-0.026536032557487488,f2017,44
train/loss,11776,0.006391996517777443,f2017,44
train/loss,12288,-0.01612025499343872,f2017,44
train/loss,12800,-0.024906691163778305,f2017,44
train/loss,13312,-0.014485768973827362,f2017,44
train/loss,13824,-0.006399801000952721,f2017,44
train/loss,14336,-0.027770528569817543,f2017,44
train/loss,14848,-0.032075293362140656,f2017,44
train/loss,15360,-0.011281173676252365,f2017,44
train/loss,15872,-0.0337323322892189,f2017,44
train/loss,16384,-0.019085336476564407,f2017,44
train/loss,16896,-0.0145352678373456,f2017,44
train/loss,17408,-0.0042125154286623,f2017,44
train/loss,17920,-0.018988747149705887,f2017,44
train/policy_gradient_loss,1024,-0.012545447796583176,f2017,44
train/policy_gradient_loss,1536,-0.012355011887848377,f2017,44
train/policy_gradient_loss,2048,-0.015129071660339832,f2017,44
train/policy_gradient_loss,2560,-0.024025900289416313,f2017,44
train/policy_gradient_loss,3072,-0.018690861761569977,f2017,44
train/policy_gradient_loss,3584,-0.02129042148590088,f2017,44
train/policy_gradient_loss,4096,-0.021135104820132256,f2017,44
train/policy_gradient_loss,4608,-0.019458899274468422,f2017,44
train/policy_gradient_loss,5120,-0.019133063033223152,f2017,44
train/policy_gradient_loss,5632,-0.016544250771403313,f2017,44
train/policy_gradient_loss,6144,-0.02145780622959137,f2017,44
train/policy_gradient_loss,6656,-0.020885316655039787,f2017,44
train/policy_gradient_loss,7168,-0.026422111317515373,f2017,44
train/policy_gradient_loss,7680,-0.01749792881309986,f2017,44
train/policy_gradient_loss,8192,-0.019208185374736786,f2017,44
train/policy_gradient_loss,8704,-0.016028739511966705,f2017,44
train/policy_gradient_loss,9216,-0.020866522565484047,f2017,44
train/policy_gradient_loss,9728,-0.01383709255605936,f2017,44
train/policy_gradient_loss,10240,-0.01647036522626877,f2017,44
train/policy_gradient_loss,10752,-0.023807235062122345,f2017,44
train/policy_gradient_loss,11264,-0.01883830688893795,f2017,44
train/policy_gradient_loss,11776,-0.015602078288793564,f2017,44
train/policy_gradient_loss,12288,-0.014856948517262936,f2017,44
train/policy_gradient_loss,12800,-0.019886886700987816,f2017,44
train/policy_gradient_loss,13312,-0.021040961146354675,f2017,44
train/policy_gradient_loss,13824,-0.017397578805685043,f2017,44
train/policy_gradient_loss,14336,-0.017139239236712456,f2017,44
train/policy_gradient_loss,14848,-0.016719358041882515,f2017,44
train/policy_gradient_loss,15360,-0.014627913013100624,f2017,44
train/policy_gradient_loss,15872,-0.014087371528148651,f2017,44
train/policy_gradient_loss,16384,-0.015718404203653336,f2017,44
train/policy_gradient_loss,16896,-0.019452756270766258,f2017,44
train/policy_gradient_loss,17408,-0.015004566870629787,f2017,44
train/policy_gradient_loss,17920,-0.017246205359697342,f2017,44
train/std,1024,0.6050469875335693,f2017,44
train/std,1536,0.603821337223053,f2017,44
train/std,2048,0.6028389930725098,f2017,44
train/std,2560,0.5992463827133179,f2017,44
train/std,3072,0.593517541885376,f2017,44
train/std,3584,0.5899641513824463,f2017,44
train/std,4096,0.5850010514259338,f2017,44
train/std,4608,0.5806643962860107,f2017,44
train/std,5120,0.5757675170898438,f2017,44
train/std,5632,0.5696530342102051,f2017,44
train/std,6144,0.5664687156677246,f2017,44
train/std,6656,0.5655465722084045,f2017,44
train/std,7168,0.5642366409301758,f2017,44
train/std,7680,0.5624336004257202,f2017,44
train/std,8192,0.5592061877250671,f2017,44
train/std,8704,0.5581162571907043,f2017,44
train/std,9216,0.5550861358642578,f2017,44
train/std,9728,0.5515929460525513,f2017,44
train/std,10240,0.549654483795166,f2017,44
train/std,10752,0.5464954376220703,f2017,44
train/std,11264,0.5422247648239136,f2017,44
train/std,11776,0.5382534265518188,f2017,44
train/std,12288,0.5350402593612671,f2017,44
train/std,12800,0.5327028632164001,f2017,44
train/std,13312,0.5310052037239075,f2017,44
train/std,13824,0.5288793444633484,f2017,44
train/std,14336,0.5265225172042847,f2017,44
train/std,14848,0.524217963218689,f2017,44
train/std,15360,0.5223727822303772,f2017,44
train/std,15872,0.518885612487793,f2017,44
train/std,16384,0.5168769955635071,f2017,44
train/std,16896,0.5155588984489441,f2017,44
train/std,17408,0.5128421187400818,f2017,44
train/std,17920,0.508734405040741,f2017,44
train/value_loss,1024,1.600778579711914,f2017,44
train/value_loss,1536,1.0958476066589355,f2017,44
train/value_loss,2048,0.8581559658050537,f2017,44
train/value_loss,2560,0.6239464282989502,f2017,44
train/value_loss,3072,0.4116560220718384,f2017,44
train/value_loss,3584,0.23537708818912506,f2017,44
train/value_loss,4096,0.10538621991872787,f2017,44
train/value_loss,4608,0.05518506467342377,f2017,44
train/value_loss,5120,0.0439164899289608,f2017,44
train/value_loss,5632,0.044698283076286316,f2017,44
train/value_loss,6144,0.038391489535570145,f2017,44
train/value_loss,6656,0.03380412235856056,f2017,44
train/value_loss,7168,0.034960657358169556,f2017,44
train/value_loss,7680,0.029320906847715378,f2017,44
train/value_loss,8192,0.03388388827443123,f2017,44
train/value_loss,8704,0.03222748264670372,f2017,44
train/value_loss,9216,0.029080118983983994,f2017,44
train/value_loss,9728,0.03077933005988598,f2017,44
train/value_loss,10240,0.028910432010889053,f2017,44
train/value_loss,10752,0.037803951650857925,f2017,44
train/value_loss,11264,0.024762088432908058,f2017,44
train/value_loss,11776,0.026433780789375305,f2017,44
train/value_loss,12288,0.02661026641726494,f2017,44
train/value_loss,12800,0.024685170501470566,f2017,44
train/value_loss,13312,0.020751813426613808,f2017,44
train/value_loss,13824,0.02158130146563053,f2017,44
train/value_loss,14336,0.021265830844640732,f2017,44
train/value_loss,14848,0.02131965011358261,f2017,44
train/value_loss,15360,0.02359750308096409,f2017,44
train/value_loss,15872,0.020136095583438873,f2017,44
train/value_loss,16384,0.02284177578985691,f2017,44
train/value_loss,16896,0.02088075503706932,f2017,44
train/value_loss,17408,0.020649971440434456,f2017,44
train/value_loss,17920,0.018350794911384583,f2017,44
rollout/ep_len_mean,512,1.0,f2017,45
rollout/ep_len_mean,1024,1.0,f2017,45
rollout/ep_len_mean,1536,1.0,f2017,45
rollout/ep_len_mean,2048,1.0,f2017,45
rollout/ep_len_mean,2560,1.0,f2017,45
rollout/ep_len_mean,3072,1.0,f2017,45
rollout/ep_len_mean,3584,1.0,f2017,45
rollout/ep_len_mean,4096,1.0,f2017,45
rollout/ep_len_mean,4608,1.0,f2017,45
rollout/ep_len_mean,5120,1.0,f2017,45
rollout/ep_len_mean,5632,1.0,f2017,45
rollout/ep_len_mean,6144,1.0,f2017,45
rollout/ep_len_mean,6656,1.0,f2017,45
rollout/ep_len_mean,7168,1.0,f2017,45
rollout/ep_len_mean,7680,1.0,f2017,45
rollout/ep_len_mean,8192,1.0,f2017,45
rollout/ep_len_mean,8704,1.0,f2017,45
rollout/ep_len_mean,9216,1.0,f2017,45
rollout/ep_len_mean,9728,1.0,f2017,45
rollout/ep_len_mean,10240,1.0,f2017,45
rollout/ep_len_mean,10752,1.0,f2017,45
rollout/ep_len_mean,11264,1.0,f2017,45
rollout/ep_len_mean,11776,1.0,f2017,45
rollout/ep_len_mean,12288,1.0,f2017,45
rollout/ep_len_mean,12800,1.0,f2017,45
rollout/ep_len_mean,13312,1.0,f2017,45
rollout/ep_len_mean,13824,1.0,f2017,45
rollout/ep_len_mean,14336,1.0,f2017,45
rollout/ep_len_mean,14848,1.0,f2017,45
rollout/ep_len_mean,15360,1.0,f2017,45
rollout/ep_len_mean,15872,1.0,f2017,45
rollout/ep_len_mean,16384,1.0,f2017,45
rollout/ep_len_mean,16896,1.0,f2017,45
rollout/ep_len_mean,17408,1.0,f2017,45
rollout/ep_len_mean,17920,1.0,f2017,45
rollout/ep_len_mean,18432,1.0,f2017,45
rollout/ep_len_mean,18944,1.0,f2017,45
rollout/ep_len_mean,19456,1.0,f2017,45
rollout/ep_len_mean,19968,1.0,f2017,45
rollout/ep_rew_mean,512,1.14045250415802,f2017,45
rollout/ep_rew_mean,1024,1.137900948524475,f2017,45
rollout/ep_rew_mean,1536,1.1526364088058472,f2017,45
rollout/ep_rew_mean,2048,1.1634372472763062,f2017,45
rollout/ep_rew_mean,2560,1.1702028512954712,f2017,45
rollout/ep_rew_mean,3072,1.1766291856765747,f2017,45
rollout/ep_rew_mean,3584,1.1594246625900269,f2017,45
rollout/ep_rew_mean,4096,1.2008565664291382,f2017,45
rollout/ep_rew_mean,4608,1.1870290040969849,f2017,45
rollout/ep_rew_mean,5120,1.1877505779266357,f2017,45
rollout/ep_rew_mean,5632,1.1897313594818115,f2017,45
rollout/ep_rew_mean,6144,1.199069857597351,f2017,45
rollout/ep_rew_mean,6656,1.1623570919036865,f2017,45
rollout/ep_rew_mean,7168,1.1935862302780151,f2017,45
rollout/ep_rew_mean,7680,1.1732732057571411,f2017,45
rollout/ep_rew_mean,8192,1.1836529970169067,f2017,45
rollout/ep_rew_mean,8704,1.2051910161972046,f2017,45
rollout/ep_rew_mean,9216,1.213818907737732,f2017,45
rollout/ep_rew_mean,9728,1.203430414199829,f2017,45
rollout/ep_rew_mean,10240,1.1995513439178467,f2017,45
rollout/ep_rew_mean,10752,1.2162954807281494,f2017,45
rollout/ep_rew_mean,11264,1.2008765935897827,f2017,45
rollout/ep_rew_mean,11776,1.1997312307357788,f2017,45
rollout/ep_rew_mean,12288,1.2164125442504883,f2017,45
rollout/ep_rew_mean,12800,1.220499038696289,f2017,45
rollout/ep_rew_mean,13312,1.2253247499465942,f2017,45
rollout/ep_rew_mean,13824,1.2249516248703003,f2017,45
rollout/ep_rew_mean,14336,1.2014479637145996,f2017,45
rollout/ep_rew_mean,14848,1.21360182762146,f2017,45
rollout/ep_rew_mean,15360,1.2277857065200806,f2017,45
rollout/ep_rew_mean,15872,1.1767737865447998,f2017,45
rollout/ep_rew_mean,16384,1.2208993434906006,f2017,45
rollout/ep_rew_mean,16896,1.218098759651184,f2017,45
rollout/ep_rew_mean,17408,1.200095295906067,f2017,45
rollout/ep_rew_mean,17920,1.1746033430099487,f2017,45
rollout/ep_rew_mean,18432,1.2055349349975586,f2017,45
rollout/ep_rew_mean,18944,1.2172887325286865,f2017,45
rollout/ep_rew_mean,19456,1.2081736326217651,f2017,45
rollout/ep_rew_mean,19968,1.2134082317352295,f2017,45
time/fps,512,5.0,f2017,45
time/fps,1024,5.0,f2017,45
time/fps,1536,5.0,f2017,45
time/fps,2048,5.0,f2017,45
time/fps,2560,5.0,f2017,45
time/fps,3072,5.0,f2017,45
time/fps,3584,5.0,f2017,45
time/fps,4096,5.0,f2017,45
time/fps,4608,5.0,f2017,45
time/fps,5120,5.0,f2017,45
time/fps,5632,5.0,f2017,45
time/fps,6144,5.0,f2017,45
time/fps,6656,5.0,f2017,45
time/fps,7168,5.0,f2017,45
time/fps,7680,5.0,f2017,45
time/fps,8192,5.0,f2017,45
time/fps,8704,5.0,f2017,45
time/fps,9216,5.0,f2017,45
time/fps,9728,5.0,f2017,45
time/fps,10240,5.0,f2017,45
time/fps,10752,5.0,f2017,45
time/fps,11264,6.0,f2017,45
time/fps,11776,6.0,f2017,45
time/fps,12288,6.0,f2017,45
time/fps,12800,6.0,f2017,45
time/fps,13312,6.0,f2017,45
time/fps,13824,6.0,f2017,45
time/fps,14336,6.0,f2017,45
time/fps,14848,6.0,f2017,45
time/fps,15360,6.0,f2017,45
time/fps,15872,6.0,f2017,45
time/fps,16384,6.0,f2017,45
time/fps,16896,6.0,f2017,45
time/fps,17408,6.0,f2017,45
time/fps,17920,6.0,f2017,45
time/fps,18432,6.0,f2017,45
time/fps,18944,6.0,f2017,45
time/fps,19456,6.0,f2017,45
time/fps,19968,6.0,f2017,45
train/approx_kl,1024,0.004411383997648954,f2017,45
train/approx_kl,1536,0.0075324783101677895,f2017,45
train/approx_kl,2048,0.007596106268465519,f2017,45
train/approx_kl,2560,0.008129063993692398,f2017,45
train/approx_kl,3072,0.010576115921139717,f2017,45
train/approx_kl,3584,0.013873869553208351,f2017,45
train/approx_kl,4096,0.009159103967249393,f2017,45
train/approx_kl,4608,0.014322340488433838,f2017,45
train/approx_kl,5120,0.016354519873857498,f2017,45
train/approx_kl,5632,0.010079516097903252,f2017,45
train/approx_kl,6144,0.009983191266655922,f2017,45
train/approx_kl,6656,0.01324465498328209,f2017,45
train/approx_kl,7168,0.011712831445038319,f2017,45
train/approx_kl,7680,0.01164188515394926,f2017,45
train/approx_kl,8192,0.01188516803085804,f2017,45
train/approx_kl,8704,0.00935889221727848,f2017,45
train/approx_kl,9216,0.005790621507912874,f2017,45
train/approx_kl,9728,0.010984478518366814,f2017,45
train/approx_kl,10240,0.013011273927986622,f2017,45
train/approx_kl,10752,0.011003118008375168,f2017,45
train/approx_kl,11264,0.00819592084735632,f2017,45
train/approx_kl,11776,0.007727476302534342,f2017,45
train/approx_kl,12288,0.0118551691994071,f2017,45
train/approx_kl,12800,0.008808404207229614,f2017,45
train/approx_kl,13312,0.011154361069202423,f2017,45
train/approx_kl,13824,0.010537967085838318,f2017,45
train/approx_kl,14336,0.014214924536645412,f2017,45
train/approx_kl,14848,0.012608465738594532,f2017,45
train/approx_kl,15360,0.009612848982214928,f2017,45
train/approx_kl,15872,0.007345261052250862,f2017,45
train/approx_kl,16384,0.009260546416044235,f2017,45
train/approx_kl,16896,0.012606469914317131,f2017,45
train/approx_kl,17408,0.013213088735938072,f2017,45
train/approx_kl,17920,0.00872883666306734,f2017,45
train/approx_kl,18432,0.011949755251407623,f2017,45
train/approx_kl,18944,0.010391461662948132,f2017,45
train/approx_kl,19456,0.008194537833333015,f2017,45
train/approx_kl,19968,0.009671514853835106,f2017,45
train/clip_fraction,1024,0.01171875,f2017,45
train/clip_fraction,1536,0.0283203125,f2017,45
train/clip_fraction,2048,0.0263671875,f2017,45
train/clip_fraction,2560,0.0361328125,f2017,45
train/clip_fraction,3072,0.05136718600988388,f2017,45
train/clip_fraction,3584,0.06953124701976776,f2017,45
train/clip_fraction,4096,0.04023437574505806,f2017,45
train/clip_fraction,4608,0.09257812798023224,f2017,45
train/clip_fraction,5120,0.11367187649011612,f2017,45
train/clip_fraction,5632,0.05097656324505806,f2017,45
train/clip_fraction,6144,0.0810546875,f2017,45
train/clip_fraction,6656,0.06621094048023224,f2017,45
train/clip_fraction,7168,0.06386718899011612,f2017,45
train/clip_fraction,7680,0.0732421875,f2017,45
train/clip_fraction,8192,0.0693359375,f2017,45
train/clip_fraction,8704,0.05058593675494194,f2017,45
train/clip_fraction,9216,0.03691406175494194,f2017,45
train/clip_fraction,9728,0.05390625074505806,f2017,45
train/clip_fraction,10240,0.07929687201976776,f2017,45
train/clip_fraction,10752,0.07207031548023224,f2017,45
train/clip_fraction,11264,0.04218750074505806,f2017,45
train/clip_fraction,11776,0.03554687649011612,f2017,45
train/clip_fraction,12288,0.06328125298023224,f2017,45
train/clip_fraction,12800,0.03984374925494194,f2017,45
train/clip_fraction,13312,0.06289062649011612,f2017,45
train/clip_fraction,13824,0.07246093451976776,f2017,45
train/clip_fraction,14336,0.10390625149011612,f2017,45
train/clip_fraction,14848,0.0810546875,f2017,45
train/clip_fraction,15360,0.06015624850988388,f2017,45
train/clip_fraction,15872,0.03242187574505806,f2017,45
train/clip_fraction,16384,0.046875,f2017,45
train/clip_fraction,16896,0.08417968451976776,f2017,45
train/clip_fraction,17408,0.07402344048023224,f2017,45
train/clip_fraction,17920,0.04648437350988388,f2017,45
train/clip_fraction,18432,0.08808593451976776,f2017,45
train/clip_fraction,18944,0.0732421875,f2017,45
train/clip_fraction,19456,0.04902343824505806,f2017,45
train/clip_fraction,19968,0.05800781399011612,f2017,45
train/clip_range,1024,0.20000000298023224,f2017,45
train/clip_range,1536,0.20000000298023224,f2017,45
train/clip_range,2048,0.20000000298023224,f2017,45
train/clip_range,2560,0.20000000298023224,f2017,45
train/clip_range,3072,0.20000000298023224,f2017,45
train/clip_range,3584,0.20000000298023224,f2017,45
train/clip_range,4096,0.20000000298023224,f2017,45
train/clip_range,4608,0.20000000298023224,f2017,45
train/clip_range,5120,0.20000000298023224,f2017,45
train/clip_range,5632,0.20000000298023224,f2017,45
train/clip_range,6144,0.20000000298023224,f2017,45
train/clip_range,6656,0.20000000298023224,f2017,45
train/clip_range,7168,0.20000000298023224,f2017,45
train/clip_range,7680,0.20000000298023224,f2017,45
train/clip_range,8192,0.20000000298023224,f2017,45
train/clip_range,8704,0.20000000298023224,f2017,45
train/clip_range,9216,0.20000000298023224,f2017,45
train/clip_range,9728,0.20000000298023224,f2017,45
train/clip_range,10240,0.20000000298023224,f2017,45
train/clip_range,10752,0.20000000298023224,f2017,45
train/clip_range,11264,0.20000000298023224,f2017,45
train/clip_range,11776,0.20000000298023224,f2017,45
train/clip_range,12288,0.20000000298023224,f2017,45
train/clip_range,12800,0.20000000298023224,f2017,45
train/clip_range,13312,0.20000000298023224,f2017,45
train/clip_range,13824,0.20000000298023224,f2017,45
train/clip_range,14336,0.20000000298023224,f2017,45
train/clip_range,14848,0.20000000298023224,f2017,45
train/clip_range,15360,0.20000000298023224,f2017,45
train/clip_range,15872,0.20000000298023224,f2017,45
train/clip_range,16384,0.20000000298023224,f2017,45
train/clip_range,16896,0.20000000298023224,f2017,45
train/clip_range,17408,0.20000000298023224,f2017,45
train/clip_range,17920,0.20000000298023224,f2017,45
train/clip_range,18432,0.20000000298023224,f2017,45
train/clip_range,18944,0.20000000298023224,f2017,45
train/clip_range,19456,0.20000000298023224,f2017,45
train/clip_range,19968,0.20000000298023224,f2017,45
train/entropy_loss,1024,-3.672905921936035,f2017,45
train/entropy_loss,1536,-3.659773826599121,f2017,45
train/entropy_loss,2048,-3.6300323009490967,f2017,45
train/entropy_loss,2560,-3.5940539836883545,f2017,45
train/entropy_loss,3072,-3.5621232986450195,f2017,45
train/entropy_loss,3584,-3.536552667617798,f2017,45
train/entropy_loss,4096,-3.5095462799072266,f2017,45
train/entropy_loss,4608,-3.4843053817749023,f2017,45
train/entropy_loss,5120,-3.460320234298706,f2017,45
train/entropy_loss,5632,-3.4266319274902344,f2017,45
train/entropy_loss,6144,-3.396235942840576,f2017,45
train/entropy_loss,6656,-3.3638839721679688,f2017,45
train/entropy_loss,7168,-3.3436732292175293,f2017,45
train/entropy_loss,7680,-3.3287031650543213,f2017,45
train/entropy_loss,8192,-3.3145039081573486,f2017,45
train/entropy_loss,8704,-3.294710159301758,f2017,45
train/entropy_loss,9216,-3.2679450511932373,f2017,45
train/entropy_loss,9728,-3.2450344562530518,f2017,45
train/entropy_loss,10240,-3.2236328125,f2017,45
train/entropy_loss,10752,-3.2069814205169678,f2017,45
train/entropy_loss,11264,-3.1804544925689697,f2017,45
train/entropy_loss,11776,-3.140619993209839,f2017,45
train/entropy_loss,12288,-3.1119980812072754,f2017,45
train/entropy_loss,12800,-3.0913665294647217,f2017,45
train/entropy_loss,13312,-3.084200382232666,f2017,45
train/entropy_loss,13824,-3.077242374420166,f2017,45
train/entropy_loss,14336,-3.0536136627197266,f2017,45
train/entropy_loss,14848,-3.0297653675079346,f2017,45
train/entropy_loss,15360,-3.013625383377075,f2017,45
train/entropy_loss,15872,-3.007093906402588,f2017,45
train/entropy_loss,16384,-2.993692636489868,f2017,45
train/entropy_loss,16896,-2.969069242477417,f2017,45
train/entropy_loss,17408,-2.9468836784362793,f2017,45
train/entropy_loss,17920,-2.9236042499542236,f2017,45
train/entropy_loss,18432,-2.9055583477020264,f2017,45
train/entropy_loss,18944,-2.8908607959747314,f2017,45
train/entropy_loss,19456,-2.874940872192383,f2017,45
train/entropy_loss,19968,-2.8604533672332764,f2017,45
train/explained_variance,1024,-7.266925811767578,f2017,45
train/explained_variance,1536,-1.6301085948944092,f2017,45
train/explained_variance,2048,-0.8499280214309692,f2017,45
train/explained_variance,2560,-0.707055926322937,f2017,45
train/explained_variance,3072,-0.9019873142242432,f2017,45
train/explained_variance,3584,-1.3063771724700928,f2017,45
train/explained_variance,4096,-1.1313204765319824,f2017,45
train/explained_variance,4608,-1.4132294654846191,f2017,45
train/explained_variance,5120,-1.3850953578948975,f2017,45
train/explained_variance,5632,-1.1266040802001953,f2017,45
train/explained_variance,6144,-0.9495209455490112,f2017,45
train/explained_variance,6656,-1.0095796585083008,f2017,45
train/explained_variance,7168,-0.6429213285446167,f2017,45
train/explained_variance,7680,-0.7576873302459717,f2017,45
train/explained_variance,8192,-0.5943552255630493,f2017,45
train/explained_variance,8704,-0.3966559171676636,f2017,45
train/explained_variance,9216,-0.33664631843566895,f2017,45
train/explained_variance,9728,-0.3007899522781372,f2017,45
train/explained_variance,10240,-0.35375893115997314,f2017,45
train/explained_variance,10752,-0.15257060527801514,f2017,45
train/explained_variance,11264,-0.20279085636138916,f2017,45
train/explained_variance,11776,-0.2177959680557251,f2017,45
train/explained_variance,12288,-0.36929023265838623,f2017,45
train/explained_variance,12800,-0.3646554946899414,f2017,45
train/explained_variance,13312,-0.2998638153076172,f2017,45
train/explained_variance,13824,-0.21504831314086914,f2017,45
train/explained_variance,14336,-0.04527592658996582,f2017,45
train/explained_variance,14848,-0.027071356773376465,f2017,45
train/explained_variance,15360,-0.1103900671005249,f2017,45
train/explained_variance,15872,-0.1590867042541504,f2017,45
train/explained_variance,16384,-0.004612326622009277,f2017,45
train/explained_variance,16896,-0.18719935417175293,f2017,45
train/explained_variance,17408,-0.11845755577087402,f2017,45
train/explained_variance,17920,0.12927377223968506,f2017,45
train/explained_variance,18432,-0.11745285987854004,f2017,45
train/explained_variance,18944,0.004806935787200928,f2017,45
train/explained_variance,19456,-0.017194271087646484,f2017,45
train/explained_variance,19968,-0.0032901763916015625,f2017,45
train/learning_rate,1024,0.0003000000142492354,f2017,45
train/learning_rate,1536,0.0003000000142492354,f2017,45
train/learning_rate,2048,0.0003000000142492354,f2017,45
train/learning_rate,2560,0.0003000000142492354,f2017,45
train/learning_rate,3072,0.0003000000142492354,f2017,45
train/learning_rate,3584,0.0003000000142492354,f2017,45
train/learning_rate,4096,0.0003000000142492354,f2017,45
train/learning_rate,4608,0.0003000000142492354,f2017,45
train/learning_rate,5120,0.0003000000142492354,f2017,45
train/learning_rate,5632,0.0003000000142492354,f2017,45
train/learning_rate,6144,0.0003000000142492354,f2017,45
train/learning_rate,6656,0.0003000000142492354,f2017,45
train/learning_rate,7168,0.0003000000142492354,f2017,45
train/learning_rate,7680,0.0003000000142492354,f2017,45
train/learning_rate,8192,0.0003000000142492354,f2017,45
train/learning_rate,8704,0.0003000000142492354,f2017,45
train/learning_rate,9216,0.0003000000142492354,f2017,45
train/learning_rate,9728,0.0003000000142492354,f2017,45
train/learning_rate,10240,0.0003000000142492354,f2017,45
train/learning_rate,10752,0.0003000000142492354,f2017,45
train/learning_rate,11264,0.0003000000142492354,f2017,45
train/learning_rate,11776,0.0003000000142492354,f2017,45
train/learning_rate,12288,0.0003000000142492354,f2017,45
train/learning_rate,12800,0.0003000000142492354,f2017,45
train/learning_rate,13312,0.0003000000142492354,f2017,45
train/learning_rate,13824,0.0003000000142492354,f2017,45
train/learning_rate,14336,0.0003000000142492354,f2017,45
train/learning_rate,14848,0.0003000000142492354,f2017,45
train/learning_rate,15360,0.0003000000142492354,f2017,45
train/learning_rate,15872,0.0003000000142492354,f2017,45
train/learning_rate,16384,0.0003000000142492354,f2017,45
train/learning_rate,16896,0.0003000000142492354,f2017,45
train/learning_rate,17408,0.0003000000142492354,f2017,45
train/learning_rate,17920,0.0003000000142492354,f2017,45
train/learning_rate,18432,0.0003000000142492354,f2017,45
train/learning_rate,18944,0.0003000000142492354,f2017,45
train/learning_rate,19456,0.0003000000142492354,f2017,45
train/learning_rate,19968,0.0003000000142492354,f2017,45
train/loss,1024,0.6225234270095825,f2017,45
train/loss,1536,0.46730563044548035,f2017,45
train/loss,2048,0.34567680954933167,f2017,45
train/loss,2560,0.18900184333324432,f2017,45
train/loss,3072,0.09954015910625458,f2017,45
train/loss,3584,0.006956096738576889,f2017,45
train/loss,4096,-0.004309363663196564,f2017,45
train/loss,4608,-0.033439453691244125,f2017,45
train/loss,5120,-0.018962224945425987,f2017,45
train/loss,5632,0.012012939900159836,f2017,45
train/loss,6144,-0.015594277530908585,f2017,45
train/loss,6656,-0.0379493273794651,f2017,45
train/loss,7168,-0.025753963738679886,f2017,45
train/loss,7680,-0.004921484738588333,f2017,45
train/loss,8192,-0.015139516443014145,f2017,45
train/loss,8704,0.00030227750539779663,f2017,45
train/loss,9216,-0.016365274786949158,f2017,45
train/loss,9728,-0.013256664387881756,f2017,45
train/loss,10240,-0.0185732189565897,f2017,45
train/loss,10752,-0.017080293968319893,f2017,45
train/loss,11264,0.006518080830574036,f2017,45
train/loss,11776,-0.009173421189188957,f2017,45
train/loss,12288,-0.0067828064784407616,f2017,45
train/loss,12800,-0.013120416551828384,f2017,45
train/loss,13312,-0.03133857995271683,f2017,45
train/loss,13824,-0.030024543404579163,f2017,45
train/loss,14336,-0.03783879429101944,f2017,45
train/loss,14848,-0.026364674791693687,f2017,45
train/loss,15360,-0.014791329391300678,f2017,45
train/loss,15872,-0.024995027109980583,f2017,45
train/loss,16384,-0.03818999603390694,f2017,45
train/loss,16896,-0.02175043895840645,f2017,45
train/loss,17408,-0.026608597487211227,f2017,45
train/loss,17920,-0.005328993313014507,f2017,45
train/loss,18432,-0.009084283374249935,f2017,45
train/loss,18944,-0.030989017337560654,f2017,45
train/loss,19456,-0.0006692591123282909,f2017,45
train/loss,19968,-0.0030763326212763786,f2017,45
train/policy_gradient_loss,1024,-0.010263169184327126,f2017,45
train/policy_gradient_loss,1536,-0.015041028149425983,f2017,45
train/policy_gradient_loss,2048,-0.016871146857738495,f2017,45
train/policy_gradient_loss,2560,-0.019878895953297615,f2017,45
train/policy_gradient_loss,3072,-0.019461465999484062,f2017,45
train/policy_gradient_loss,3584,-0.02354886569082737,f2017,45
train/policy_gradient_loss,4096,-0.0173565074801445,f2017,45
train/policy_gradient_loss,4608,-0.02572699822485447,f2017,45
train/policy_gradient_loss,5120,-0.02747807838022709,f2017,45
train/policy_gradient_loss,5632,-0.01677645929157734,f2017,45
train/policy_gradient_loss,6144,-0.019197512418031693,f2017,45
train/policy_gradient_loss,6656,-0.018732568249106407,f2017,45
train/policy_gradient_loss,7168,-0.01929868385195732,f2017,45
train/policy_gradient_loss,7680,-0.018549103289842606,f2017,45
train/policy_gradient_loss,8192,-0.020921731367707253,f2017,45
train/policy_gradient_loss,8704,-0.013819053769111633,f2017,45
train/policy_gradient_loss,9216,-0.012552348896861076,f2017,45
train/policy_gradient_loss,9728,-0.01912708394229412,f2017,45
train/policy_gradient_loss,10240,-0.019676119089126587,f2017,45
train/policy_gradient_loss,10752,-0.02086508274078369,f2017,45
train/policy_gradient_loss,11264,-0.01452513039112091,f2017,45
train/policy_gradient_loss,11776,-0.01446901261806488,f2017,45
train/policy_gradient_loss,12288,-0.018198871985077858,f2017,45
train/policy_gradient_loss,12800,-0.014446628279983997,f2017,45
train/policy_gradient_loss,13312,-0.017437344416975975,f2017,45
train/policy_gradient_loss,13824,-0.018605099990963936,f2017,45
train/policy_gradient_loss,14336,-0.022361768409609795,f2017,45
train/policy_gradient_loss,14848,-0.0230511873960495,f2017,45
train/policy_gradient_loss,15360,-0.016713764518499374,f2017,45
train/policy_gradient_loss,15872,-0.01214753370732069,f2017,45
train/policy_gradient_loss,16384,-0.016566241160035133,f2017,45
train/policy_gradient_loss,16896,-0.021269896999001503,f2017,45
train/policy_gradient_loss,17408,-0.018785417079925537,f2017,45
train/policy_gradient_loss,17920,-0.015424970537424088,f2017,45
train/policy_gradient_loss,18432,-0.021156037226319313,f2017,45
train/policy_gradient_loss,18944,-0.017812320962548256,f2017,45
train/policy_gradient_loss,19456,-0.013853764161467552,f2017,45
train/policy_gradient_loss,19968,-0.01644439622759819,f2017,45
train/std,1024,0.6057012677192688,f2017,45
train/std,1536,0.6021782159805298,f2017,45
train/std,2048,0.596993625164032,f2017,45
train/std,2560,0.5916087031364441,f2017,45
train/std,3072,0.5876805186271667,f2017,45
train/std,3584,0.5842241048812866,f2017,45
train/std,4096,0.5797986388206482,f2017,45
train/std,4608,0.5773304104804993,f2017,45
train/std,5120,0.5724548697471619,f2017,45
train/std,5632,0.5683275461196899,f2017,45
train/std,6144,0.563464343547821,f2017,45
train/std,6656,0.5598706603050232,f2017,45
train/std,7168,0.5580999851226807,f2017,45
train/std,7680,0.5559523701667786,f2017,45
train/std,8192,0.5544586777687073,f2017,45
train/std,8704,0.5505926012992859,f2017,45
train/std,9216,0.5477749109268188,f2017,45
train/std,9728,0.5444340705871582,f2017,45
train/std,10240,0.5424144268035889,f2017,45
train/std,10752,0.5400896072387695,f2017,45
train/std,11264,0.5349290370941162,f2017,45
train/std,11776,0.5303049683570862,f2017,45
train/std,12288,0.5273600816726685,f2017,45
train/std,12800,0.5256284475326538,f2017,45
train/std,13312,0.5260083079338074,f2017,45
train/std,13824,0.5235317945480347,f2017,45
train/std,14336,0.5207251310348511,f2017,45
train/std,14848,0.517826497554779,f2017,45
train/std,15360,0.5169110894203186,f2017,45
train/std,15872,0.5165789127349854,f2017,45
train/std,16384,0.5135244131088257,f2017,45
train/std,16896,0.511268138885498,f2017,45
train/std,17408,0.5083191394805908,f2017,45
train/std,17920,0.5055834054946899,f2017,45
train/std,18432,0.504287838935852,f2017,45
train/std,18944,0.5023437142372131,f2017,45
train/std,19456,0.5007396936416626,f2017,45
train/std,19968,0.49970701336860657,f2017,45
train/value_loss,1024,1.438888669013977,f2017,45
train/value_loss,1536,1.0783313512802124,f2017,45
train/value_loss,2048,0.8418101072311401,f2017,45
train/value_loss,2560,0.5832163095474243,f2017,45
train/value_loss,3072,0.3584849238395691,f2017,45
train/value_loss,3584,0.17606881260871887,f2017,45
train/value_loss,4096,0.06921157985925674,f2017,45
train/value_loss,4608,0.04500961676239967,f2017,45
train/value_loss,5120,0.04869362339377403,f2017,45
train/value_loss,5632,0.04676574468612671,f2017,45
train/value_loss,6144,0.04058897867798805,f2017,45
train/value_loss,6656,0.03805660083889961,f2017,45
train/value_loss,7168,0.038531914353370667,f2017,45
train/value_loss,7680,0.03334273397922516,f2017,45
train/value_loss,8192,0.03248586133122444,f2017,45
train/value_loss,8704,0.029876839369535446,f2017,45
train/value_loss,9216,0.029335126280784607,f2017,45
train/value_loss,9728,0.0284038744866848,f2017,45
train/value_loss,10240,0.03138246014714241,f2017,45
train/value_loss,10752,0.029737329110503197,f2017,45
train/value_loss,11264,0.027603503316640854,f2017,45
train/value_loss,11776,0.026385683566331863,f2017,45
train/value_loss,12288,0.024270104244351387,f2017,45
train/value_loss,12800,0.02574639953672886,f2017,45
train/value_loss,13312,0.025578748434782028,f2017,45
train/value_loss,13824,0.02277885377407074,f2017,45
train/value_loss,14336,0.019597070291638374,f2017,45
train/value_loss,14848,0.023445073515176773,f2017,45
train/value_loss,15360,0.024803556501865387,f2017,45
train/value_loss,15872,0.020937444642186165,f2017,45
train/value_loss,16384,0.02213415317237377,f2017,45
train/value_loss,16896,0.02190481126308441,f2017,45
train/value_loss,17408,0.020445814356207848,f2017,45
train/value_loss,17920,0.01852971501648426,f2017,45
train/value_loss,18432,0.021377479657530785,f2017,45
train/value_loss,18944,0.01597457565367222,f2017,45
train/value_loss,19456,0.01820959895849228,f2017,45
train/value_loss,19968,0.01818850077688694,f2017,45
rollout/ep_len_mean,512,1.0,f2017,46
rollout/ep_len_mean,1024,1.0,f2017,46
rollout/ep_len_mean,1536,1.0,f2017,46
rollout/ep_len_mean,2048,1.0,f2017,46
rollout/ep_len_mean,2560,1.0,f2017,46
rollout/ep_len_mean,3072,1.0,f2017,46
rollout/ep_len_mean,3584,1.0,f2017,46
rollout/ep_len_mean,4096,1.0,f2017,46
rollout/ep_len_mean,4608,1.0,f2017,46
rollout/ep_len_mean,5120,1.0,f2017,46
rollout/ep_len_mean,5632,1.0,f2017,46
rollout/ep_len_mean,6144,1.0,f2017,46
rollout/ep_len_mean,6656,1.0,f2017,46
rollout/ep_len_mean,7168,1.0,f2017,46
rollout/ep_len_mean,7680,1.0,f2017,46
rollout/ep_len_mean,8192,1.0,f2017,46
rollout/ep_len_mean,8704,1.0,f2017,46
rollout/ep_len_mean,9216,1.0,f2017,46
rollout/ep_len_mean,9728,1.0,f2017,46
rollout/ep_len_mean,10240,1.0,f2017,46
rollout/ep_len_mean,10752,1.0,f2017,46
rollout/ep_len_mean,11264,1.0,f2017,46
rollout/ep_len_mean,11776,1.0,f2017,46
rollout/ep_len_mean,12288,1.0,f2017,46
rollout/ep_len_mean,12800,1.0,f2017,46
rollout/ep_len_mean,13312,1.0,f2017,46
rollout/ep_len_mean,13824,1.0,f2017,46
rollout/ep_len_mean,14336,1.0,f2017,46
rollout/ep_len_mean,14848,1.0,f2017,46
rollout/ep_len_mean,15360,1.0,f2017,46
rollout/ep_len_mean,15872,1.0,f2017,46
rollout/ep_len_mean,16384,1.0,f2017,46
rollout/ep_len_mean,16896,1.0,f2017,46
rollout/ep_len_mean,17408,1.0,f2017,46
rollout/ep_len_mean,17920,1.0,f2017,46
rollout/ep_len_mean,18432,1.0,f2017,46
rollout/ep_len_mean,18944,1.0,f2017,46
rollout/ep_len_mean,19456,1.0,f2017,46
rollout/ep_len_mean,19968,1.0,f2017,46
rollout/ep_len_mean,20480,1.0,f2017,46
rollout/ep_len_mean,20992,1.0,f2017,46
rollout/ep_len_mean,21504,1.0,f2017,46
rollout/ep_len_mean,22016,1.0,f2017,46
rollout/ep_len_mean,22528,1.0,f2017,46
rollout/ep_len_mean,23040,1.0,f2017,46
rollout/ep_len_mean,23552,1.0,f2017,46
rollout/ep_len_mean,24064,1.0,f2017,46
rollout/ep_len_mean,24576,1.0,f2017,46
rollout/ep_rew_mean,512,1.124022364616394,f2017,46
rollout/ep_rew_mean,1024,1.159511923789978,f2017,46
rollout/ep_rew_mean,1536,1.1691349744796753,f2017,46
rollout/ep_rew_mean,2048,1.1582932472229004,f2017,46
rollout/ep_rew_mean,2560,1.1823391914367676,f2017,46
rollout/ep_rew_mean,3072,1.150963306427002,f2017,46
rollout/ep_rew_mean,3584,1.156625509262085,f2017,46
rollout/ep_rew_mean,4096,1.192699909210205,f2017,46
rollout/ep_rew_mean,4608,1.1902893781661987,f2017,46
rollout/ep_rew_mean,5120,1.1815967559814453,f2017,46
rollout/ep_rew_mean,5632,1.1771254539489746,f2017,46
rollout/ep_rew_mean,6144,1.2060571908950806,f2017,46
rollout/ep_rew_mean,6656,1.1784087419509888,f2017,46
rollout/ep_rew_mean,7168,1.1984105110168457,f2017,46
rollout/ep_rew_mean,7680,1.1851037740707397,f2017,46
rollout/ep_rew_mean,8192,1.1707162857055664,f2017,46
rollout/ep_rew_mean,8704,1.1883190870285034,f2017,46
rollout/ep_rew_mean,9216,1.227866768836975,f2017,46
rollout/ep_rew_mean,9728,1.1960687637329102,f2017,46
rollout/ep_rew_mean,10240,1.2233481407165527,f2017,46
rollout/ep_rew_mean,10752,1.210215449333191,f2017,46
rollout/ep_rew_mean,11264,1.2162072658538818,f2017,46
rollout/ep_rew_mean,11776,1.211922287940979,f2017,46
rollout/ep_rew_mean,12288,1.226434350013733,f2017,46
rollout/ep_rew_mean,12800,1.2073383331298828,f2017,46
rollout/ep_rew_mean,13312,1.215372920036316,f2017,46
rollout/ep_rew_mean,13824,1.2219829559326172,f2017,46
rollout/ep_rew_mean,14336,1.2051130533218384,f2017,46
rollout/ep_rew_mean,14848,1.1829360723495483,f2017,46
rollout/ep_rew_mean,15360,1.2013415098190308,f2017,46
rollout/ep_rew_mean,15872,1.1920074224472046,f2017,46
rollout/ep_rew_mean,16384,1.2057864665985107,f2017,46
rollout/ep_rew_mean,16896,1.239647388458252,f2017,46
rollout/ep_rew_mean,17408,1.1951457262039185,f2017,46
rollout/ep_rew_mean,17920,1.1740127801895142,f2017,46
rollout/ep_rew_mean,18432,1.195839285850525,f2017,46
rollout/ep_rew_mean,18944,1.1984913349151611,f2017,46
rollout/ep_rew_mean,19456,1.2255911827087402,f2017,46
rollout/ep_rew_mean,19968,1.2016634941101074,f2017,46
rollout/ep_rew_mean,20480,1.2070609331130981,f2017,46
rollout/ep_rew_mean,20992,1.208399772644043,f2017,46
rollout/ep_rew_mean,21504,1.2408168315887451,f2017,46
rollout/ep_rew_mean,22016,1.2017959356307983,f2017,46
rollout/ep_rew_mean,22528,1.2562365531921387,f2017,46
rollout/ep_rew_mean,23040,1.2280482053756714,f2017,46
rollout/ep_rew_mean,23552,1.2126655578613281,f2017,46
rollout/ep_rew_mean,24064,1.2149767875671387,f2017,46
rollout/ep_rew_mean,24576,1.2104114294052124,f2017,46
time/fps,512,5.0,f2017,46
time/fps,1024,5.0,f2017,46
time/fps,1536,5.0,f2017,46
time/fps,2048,5.0,f2017,46
time/fps,2560,5.0,f2017,46
time/fps,3072,5.0,f2017,46
time/fps,3584,5.0,f2017,46
time/fps,4096,5.0,f2017,46
time/fps,4608,5.0,f2017,46
time/fps,5120,5.0,f2017,46
time/fps,5632,5.0,f2017,46
time/fps,6144,5.0,f2017,46
time/fps,6656,5.0,f2017,46
time/fps,7168,5.0,f2017,46
time/fps,7680,5.0,f2017,46
time/fps,8192,5.0,f2017,46
time/fps,8704,5.0,f2017,46
time/fps,9216,6.0,f2017,46
time/fps,9728,6.0,f2017,46
time/fps,10240,6.0,f2017,46
time/fps,10752,6.0,f2017,46
time/fps,11264,6.0,f2017,46
time/fps,11776,6.0,f2017,46
time/fps,12288,6.0,f2017,46
time/fps,12800,6.0,f2017,46
time/fps,13312,6.0,f2017,46
time/fps,13824,6.0,f2017,46
time/fps,14336,6.0,f2017,46
time/fps,14848,6.0,f2017,46
time/fps,15360,6.0,f2017,46
time/fps,15872,6.0,f2017,46
time/fps,16384,6.0,f2017,46
time/fps,16896,6.0,f2017,46
time/fps,17408,6.0,f2017,46
time/fps,17920,6.0,f2017,46
time/fps,18432,6.0,f2017,46
time/fps,18944,6.0,f2017,46
time/fps,19456,6.0,f2017,46
time/fps,19968,6.0,f2017,46
time/fps,20480,6.0,f2017,46
time/fps,20992,6.0,f2017,46
time/fps,21504,6.0,f2017,46
time/fps,22016,6.0,f2017,46
time/fps,22528,6.0,f2017,46
time/fps,23040,6.0,f2017,46
time/fps,23552,6.0,f2017,46
time/fps,24064,6.0,f2017,46
time/fps,24576,6.0,f2017,46
train/approx_kl,1024,0.009230528026819229,f2017,46
train/approx_kl,1536,0.00771735655143857,f2017,46
train/approx_kl,2048,0.008717183023691177,f2017,46
train/approx_kl,2560,0.0080875214189291,f2017,46
train/approx_kl,3072,0.00956757739186287,f2017,46
train/approx_kl,3584,0.008408419787883759,f2017,46
train/approx_kl,4096,0.012481588870286942,f2017,46
train/approx_kl,4608,0.013811017386615276,f2017,46
train/approx_kl,5120,0.012630409561097622,f2017,46
train/approx_kl,5632,0.007332724053412676,f2017,46
train/approx_kl,6144,0.009072419255971909,f2017,46
train/approx_kl,6656,0.01035984791815281,f2017,46
train/approx_kl,7168,0.00925728864967823,f2017,46
train/approx_kl,7680,0.008954761549830437,f2017,46
train/approx_kl,8192,0.008831902407109737,f2017,46
train/approx_kl,8704,0.008773408830165863,f2017,46
train/approx_kl,9216,0.009738762862980366,f2017,46
train/approx_kl,9728,0.010653279721736908,f2017,46
train/approx_kl,10240,0.010448705404996872,f2017,46
train/approx_kl,10752,0.010636305436491966,f2017,46
train/approx_kl,11264,0.008646434172987938,f2017,46
train/approx_kl,11776,0.010089555755257607,f2017,46
train/approx_kl,12288,0.00979532115161419,f2017,46
train/approx_kl,12800,0.010086508467793465,f2017,46
train/approx_kl,13312,0.01036373432725668,f2017,46
train/approx_kl,13824,0.00974698644131422,f2017,46
train/approx_kl,14336,0.010263592004776001,f2017,46
train/approx_kl,14848,0.012051375582814217,f2017,46
train/approx_kl,15360,0.011245978996157646,f2017,46
train/approx_kl,15872,0.011777394451200962,f2017,46
train/approx_kl,16384,0.01040790043771267,f2017,46
train/approx_kl,16896,0.011504555121064186,f2017,46
train/approx_kl,17408,0.013306764885783195,f2017,46
train/approx_kl,17920,0.013816965743899345,f2017,46
train/approx_kl,18432,0.009165345691144466,f2017,46
train/approx_kl,18944,0.011827085167169571,f2017,46
train/approx_kl,19456,0.01011252123862505,f2017,46
train/approx_kl,19968,0.012116899713873863,f2017,46
train/approx_kl,20480,0.0061445459723472595,f2017,46
train/approx_kl,20992,0.01073371060192585,f2017,46
train/approx_kl,21504,0.012187045067548752,f2017,46
train/approx_kl,22016,0.006991387810558081,f2017,46
train/approx_kl,22528,0.01358939427882433,f2017,46
train/approx_kl,23040,0.010937394574284554,f2017,46
train/approx_kl,23552,0.011205422692000866,f2017,46
train/approx_kl,24064,0.011152190156280994,f2017,46
train/approx_kl,24576,0.009941785596311092,f2017,46
train/clip_fraction,1024,0.05039062350988388,f2017,46
train/clip_fraction,1536,0.02949218824505806,f2017,46
train/clip_fraction,2048,0.03984374925494194,f2017,46
train/clip_fraction,2560,0.0341796875,f2017,46
train/clip_fraction,3072,0.04121093824505806,f2017,46
train/clip_fraction,3584,0.03691406175494194,f2017,46
train/clip_fraction,4096,0.07480468600988388,f2017,46
train/clip_fraction,4608,0.0810546875,f2017,46
train/clip_fraction,5120,0.07148437201976776,f2017,46
train/clip_fraction,5632,0.04531250149011612,f2017,46
train/clip_fraction,6144,0.04316406324505806,f2017,46
train/clip_fraction,6656,0.0595703125,f2017,46
train/clip_fraction,7168,0.04472656175494194,f2017,46
train/clip_fraction,7680,0.04121093824505806,f2017,46
train/clip_fraction,8192,0.04667968675494194,f2017,46
train/clip_fraction,8704,0.052734375,f2017,46
train/clip_fraction,9216,0.08359374850988388,f2017,46
train/clip_fraction,9728,0.07539062201976776,f2017,46
train/clip_fraction,10240,0.06308593600988388,f2017,46
train/clip_fraction,10752,0.06289062649011612,f2017,46
train/clip_fraction,11264,0.04355468600988388,f2017,46
train/clip_fraction,11776,0.05624999850988388,f2017,46
train/clip_fraction,12288,0.05644531175494194,f2017,46
train/clip_fraction,12800,0.06074218824505806,f2017,46
train/clip_fraction,13312,0.05839843675494194,f2017,46
train/clip_fraction,13824,0.05683593824505806,f2017,46
train/clip_fraction,14336,0.06171875074505806,f2017,46
train/clip_fraction,14848,0.05820312350988388,f2017,46
train/clip_fraction,15360,0.06015624850988388,f2017,46
train/clip_fraction,15872,0.08476562798023224,f2017,46
train/clip_fraction,16384,0.0615234375,f2017,46
train/clip_fraction,16896,0.08203125,f2017,46
train/clip_fraction,17408,0.07207031548023224,f2017,46
train/clip_fraction,17920,0.09765625,f2017,46
train/clip_fraction,18432,0.04941406100988388,f2017,46
train/clip_fraction,18944,0.08261718600988388,f2017,46
train/clip_fraction,19456,0.0595703125,f2017,46
train/clip_fraction,19968,0.07285156100988388,f2017,46
train/clip_fraction,20480,0.02656250074505806,f2017,46
train/clip_fraction,20992,0.05878906324505806,f2017,46
train/clip_fraction,21504,0.06406249850988388,f2017,46
train/clip_fraction,22016,0.02871093712747097,f2017,46
train/clip_fraction,22528,0.10683593899011612,f2017,46
train/clip_fraction,23040,0.05507812649011612,f2017,46
train/clip_fraction,23552,0.07734374701976776,f2017,46
train/clip_fraction,24064,0.06386718899011612,f2017,46
train/clip_fraction,24576,0.05996093899011612,f2017,46
train/clip_range,1024,0.20000000298023224,f2017,46
train/clip_range,1536,0.20000000298023224,f2017,46
train/clip_range,2048,0.20000000298023224,f2017,46
train/clip_range,2560,0.20000000298023224,f2017,46
train/clip_range,3072,0.20000000298023224,f2017,46
train/clip_range,3584,0.20000000298023224,f2017,46
train/clip_range,4096,0.20000000298023224,f2017,46
train/clip_range,4608,0.20000000298023224,f2017,46
train/clip_range,5120,0.20000000298023224,f2017,46
train/clip_range,5632,0.20000000298023224,f2017,46
train/clip_range,6144,0.20000000298023224,f2017,46
train/clip_range,6656,0.20000000298023224,f2017,46
train/clip_range,7168,0.20000000298023224,f2017,46
train/clip_range,7680,0.20000000298023224,f2017,46
train/clip_range,8192,0.20000000298023224,f2017,46
train/clip_range,8704,0.20000000298023224,f2017,46
train/clip_range,9216,0.20000000298023224,f2017,46
train/clip_range,9728,0.20000000298023224,f2017,46
train/clip_range,10240,0.20000000298023224,f2017,46
train/clip_range,10752,0.20000000298023224,f2017,46
train/clip_range,11264,0.20000000298023224,f2017,46
train/clip_range,11776,0.20000000298023224,f2017,46
train/clip_range,12288,0.20000000298023224,f2017,46
train/clip_range,12800,0.20000000298023224,f2017,46
train/clip_range,13312,0.20000000298023224,f2017,46
train/clip_range,13824,0.20000000298023224,f2017,46
train/clip_range,14336,0.20000000298023224,f2017,46
train/clip_range,14848,0.20000000298023224,f2017,46
train/clip_range,15360,0.20000000298023224,f2017,46
train/clip_range,15872,0.20000000298023224,f2017,46
train/clip_range,16384,0.20000000298023224,f2017,46
train/clip_range,16896,0.20000000298023224,f2017,46
train/clip_range,17408,0.20000000298023224,f2017,46
train/clip_range,17920,0.20000000298023224,f2017,46
train/clip_range,18432,0.20000000298023224,f2017,46
train/clip_range,18944,0.20000000298023224,f2017,46
train/clip_range,19456,0.20000000298023224,f2017,46
train/clip_range,19968,0.20000000298023224,f2017,46
train/clip_range,20480,0.20000000298023224,f2017,46
train/clip_range,20992,0.20000000298023224,f2017,46
train/clip_range,21504,0.20000000298023224,f2017,46
train/clip_range,22016,0.20000000298023224,f2017,46
train/clip_range,22528,0.20000000298023224,f2017,46
train/clip_range,23040,0.20000000298023224,f2017,46
train/clip_range,23552,0.20000000298023224,f2017,46
train/clip_range,24064,0.20000000298023224,f2017,46
train/clip_range,24576,0.20000000298023224,f2017,46
train/entropy_loss,1024,-3.663376808166504,f2017,46
train/entropy_loss,1536,-3.6394128799438477,f2017,46
train/entropy_loss,2048,-3.622516632080078,f2017,46
train/entropy_loss,2560,-3.6078007221221924,f2017,46
train/entropy_loss,3072,-3.5865416526794434,f2017,46
train/entropy_loss,3584,-3.5596842765808105,f2017,46
train/entropy_loss,4096,-3.538580894470215,f2017,46
train/entropy_loss,4608,-3.52144718170166,f2017,46
train/entropy_loss,5120,-3.499462127685547,f2017,46
train/entropy_loss,5632,-3.4778828620910645,f2017,46
train/entropy_loss,6144,-3.463010787963867,f2017,46
train/entropy_loss,6656,-3.436626672744751,f2017,46
train/entropy_loss,7168,-3.3923072814941406,f2017,46
train/entropy_loss,7680,-3.3531672954559326,f2017,46
train/entropy_loss,8192,-3.3354053497314453,f2017,46
train/entropy_loss,8704,-3.324302911758423,f2017,46
train/entropy_loss,9216,-3.3058674335479736,f2017,46
train/entropy_loss,9728,-3.2913098335266113,f2017,46
train/entropy_loss,10240,-3.2604916095733643,f2017,46
train/entropy_loss,10752,-3.224757671356201,f2017,46
train/entropy_loss,11264,-3.201976776123047,f2017,46
train/entropy_loss,11776,-3.177091598510742,f2017,46
train/entropy_loss,12288,-3.1512413024902344,f2017,46
train/entropy_loss,12800,-3.134214162826538,f2017,46
train/entropy_loss,13312,-3.119567632675171,f2017,46
train/entropy_loss,13824,-3.103154420852661,f2017,46
train/entropy_loss,14336,-3.0782470703125,f2017,46
train/entropy_loss,14848,-3.0527491569519043,f2017,46
train/entropy_loss,15360,-3.0301685333251953,f2017,46
train/entropy_loss,15872,-3.0104000568389893,f2017,46
train/entropy_loss,16384,-2.9896578788757324,f2017,46
train/entropy_loss,16896,-2.9674527645111084,f2017,46
train/entropy_loss,17408,-2.9494383335113525,f2017,46
train/entropy_loss,17920,-2.9329686164855957,f2017,46
train/entropy_loss,18432,-2.915081262588501,f2017,46
train/entropy_loss,18944,-2.894334316253662,f2017,46
train/entropy_loss,19456,-2.8793845176696777,f2017,46
train/entropy_loss,19968,-2.8629777431488037,f2017,46
train/entropy_loss,20480,-2.8437631130218506,f2017,46
train/entropy_loss,20992,-2.8210461139678955,f2017,46
train/entropy_loss,21504,-2.80448317527771,f2017,46
train/entropy_loss,22016,-2.7911322116851807,f2017,46
train/entropy_loss,22528,-2.7707667350769043,f2017,46
train/entropy_loss,23040,-2.7497425079345703,f2017,46
train/entropy_loss,23552,-2.725403070449829,f2017,46
train/entropy_loss,24064,-2.6915478706359863,f2017,46
train/entropy_loss,24576,-2.669320821762085,f2017,46
train/explained_variance,1024,-13.391828536987305,f2017,46
train/explained_variance,1536,-4.288376808166504,f2017,46
train/explained_variance,2048,-2.2602925300598145,f2017,46
train/explained_variance,2560,-1.4447641372680664,f2017,46
train/explained_variance,3072,-1.814208745956421,f2017,46
train/explained_variance,3584,-1.2956314086914062,f2017,46
train/explained_variance,4096,-1.2131407260894775,f2017,46
train/explained_variance,4608,-1.1334896087646484,f2017,46
train/explained_variance,5120,-1.185028076171875,f2017,46
train/explained_variance,5632,-1.0485332012176514,f2017,46
train/explained_variance,6144,-1.225062370300293,f2017,46
train/explained_variance,6656,-0.797744631767273,f2017,46
train/explained_variance,7168,-0.7465114593505859,f2017,46
train/explained_variance,7680,-1.0082149505615234,f2017,46
train/explained_variance,8192,-0.7563122510910034,f2017,46
train/explained_variance,8704,-0.4159064292907715,f2017,46
train/explained_variance,9216,-0.3918454647064209,f2017,46
train/explained_variance,9728,-0.4516540765762329,f2017,46
train/explained_variance,10240,-0.30850744247436523,f2017,46
train/explained_variance,10752,-0.33545398712158203,f2017,46
train/explained_variance,11264,-0.3381016254425049,f2017,46
train/explained_variance,11776,-0.33420848846435547,f2017,46
train/explained_variance,12288,-0.49077272415161133,f2017,46
train/explained_variance,12800,-0.49174964427948,f2017,46
train/explained_variance,13312,-0.0785212516784668,f2017,46
train/explained_variance,13824,-0.24678516387939453,f2017,46
train/explained_variance,14336,-0.05526149272918701,f2017,46
train/explained_variance,14848,-0.18058538436889648,f2017,46
train/explained_variance,15360,-0.1755225658416748,f2017,46
train/explained_variance,15872,-0.15288031101226807,f2017,46
train/explained_variance,16384,-0.045415520668029785,f2017,46
train/explained_variance,16896,-0.14574193954467773,f2017,46
train/explained_variance,17408,-0.12206435203552246,f2017,46
train/explained_variance,17920,-0.020374178886413574,f2017,46
train/explained_variance,18432,-0.06899666786193848,f2017,46
train/explained_variance,18944,-0.015319228172302246,f2017,46
train/explained_variance,19456,-0.194635272026062,f2017,46
train/explained_variance,19968,-0.09318399429321289,f2017,46
train/explained_variance,20480,-0.22724926471710205,f2017,46
train/explained_variance,20992,-0.05712568759918213,f2017,46
train/explained_variance,21504,-0.10457873344421387,f2017,46
train/explained_variance,22016,-0.12288165092468262,f2017,46
train/explained_variance,22528,-0.1071932315826416,f2017,46
train/explained_variance,23040,-0.05048871040344238,f2017,46
train/explained_variance,23552,-0.2419654130935669,f2017,46
train/explained_variance,24064,-0.08269107341766357,f2017,46
train/explained_variance,24576,-0.05708885192871094,f2017,46
train/learning_rate,1024,0.0003000000142492354,f2017,46
train/learning_rate,1536,0.0003000000142492354,f2017,46
train/learning_rate,2048,0.0003000000142492354,f2017,46
train/learning_rate,2560,0.0003000000142492354,f2017,46
train/learning_rate,3072,0.0003000000142492354,f2017,46
train/learning_rate,3584,0.0003000000142492354,f2017,46
train/learning_rate,4096,0.0003000000142492354,f2017,46
train/learning_rate,4608,0.0003000000142492354,f2017,46
train/learning_rate,5120,0.0003000000142492354,f2017,46
train/learning_rate,5632,0.0003000000142492354,f2017,46
train/learning_rate,6144,0.0003000000142492354,f2017,46
train/learning_rate,6656,0.0003000000142492354,f2017,46
train/learning_rate,7168,0.0003000000142492354,f2017,46
train/learning_rate,7680,0.0003000000142492354,f2017,46
train/learning_rate,8192,0.0003000000142492354,f2017,46
train/learning_rate,8704,0.0003000000142492354,f2017,46
train/learning_rate,9216,0.0003000000142492354,f2017,46
train/learning_rate,9728,0.0003000000142492354,f2017,46
train/learning_rate,10240,0.0003000000142492354,f2017,46
train/learning_rate,10752,0.0003000000142492354,f2017,46
train/learning_rate,11264,0.0003000000142492354,f2017,46
train/learning_rate,11776,0.0003000000142492354,f2017,46
train/learning_rate,12288,0.0003000000142492354,f2017,46
train/learning_rate,12800,0.0003000000142492354,f2017,46
train/learning_rate,13312,0.0003000000142492354,f2017,46
train/learning_rate,13824,0.0003000000142492354,f2017,46
train/learning_rate,14336,0.0003000000142492354,f2017,46
train/learning_rate,14848,0.0003000000142492354,f2017,46
train/learning_rate,15360,0.0003000000142492354,f2017,46
train/learning_rate,15872,0.0003000000142492354,f2017,46
train/learning_rate,16384,0.0003000000142492354,f2017,46
train/learning_rate,16896,0.0003000000142492354,f2017,46
train/learning_rate,17408,0.0003000000142492354,f2017,46
train/learning_rate,17920,0.0003000000142492354,f2017,46
train/learning_rate,18432,0.0003000000142492354,f2017,46
train/learning_rate,18944,0.0003000000142492354,f2017,46
train/learning_rate,19456,0.0003000000142492354,f2017,46
train/learning_rate,19968,0.0003000000142492354,f2017,46
train/learning_rate,20480,0.0003000000142492354,f2017,46
train/learning_rate,20992,0.0003000000142492354,f2017,46
train/learning_rate,21504,0.0003000000142492354,f2017,46
train/learning_rate,22016,0.0003000000142492354,f2017,46
train/learning_rate,22528,0.0003000000142492354,f2017,46
train/learning_rate,23040,0.0003000000142492354,f2017,46
train/learning_rate,23552,0.0003000000142492354,f2017,46
train/learning_rate,24064,0.0003000000142492354,f2017,46
train/learning_rate,24576,0.0003000000142492354,f2017,46
train/loss,1024,0.5695958733558655,f2017,46
train/loss,1536,0.46600341796875,f2017,46
train/loss,2048,0.32351037859916687,f2017,46
train/loss,2560,0.23996679484844208,f2017,46
train/loss,3072,0.1376371830701828,f2017,46
train/loss,3584,0.045371606945991516,f2017,46
train/loss,4096,-0.024609096348285675,f2017,46
train/loss,4608,-0.01998676173388958,f2017,46
train/loss,5120,-0.01777387596666813,f2017,46
train/loss,5632,-0.006877634674310684,f2017,46
train/loss,6144,-0.017117947340011597,f2017,46
train/loss,6656,-0.02830740064382553,f2017,46
train/loss,7168,-0.015666713938117027,f2017,46
train/loss,7680,-0.026895301416516304,f2017,46
train/loss,8192,-0.016369061544537544,f2017,46
train/loss,8704,0.015132846310734749,f2017,46
train/loss,9216,-0.007901253178715706,f2017,46
train/loss,9728,-0.013160517439246178,f2017,46
train/loss,10240,0.0006374157965183258,f2017,46
train/loss,10752,-0.01964389532804489,f2017,46
train/loss,11264,-0.013799170032143593,f2017,46
train/loss,11776,0.009433209896087646,f2017,46
train/loss,12288,-0.021827979013323784,f2017,46
train/loss,12800,-0.012813787907361984,f2017,46
train/loss,13312,-0.016253380104899406,f2017,46
train/loss,13824,-0.007693195715546608,f2017,46
train/loss,14336,-0.016477178782224655,f2017,46
train/loss,14848,-0.01641986519098282,f2017,46
train/loss,15360,-0.02756204456090927,f2017,46
train/loss,15872,-0.015048147179186344,f2017,46
train/loss,16384,-0.007575417868793011,f2017,46
train/loss,16896,-0.014771318063139915,f2017,46
train/loss,17408,-0.01511423196643591,f2017,46
train/loss,17920,-0.01716039329767227,f2017,46
train/loss,18432,-0.01948031410574913,f2017,46
train/loss,18944,-0.022750187665224075,f2017,46
train/loss,19456,-0.01763283647596836,f2017,46
train/loss,19968,-0.015886731445789337,f2017,46
train/loss,20480,-0.015045633539557457,f2017,46
train/loss,20992,-0.020866360515356064,f2017,46
train/loss,21504,-0.014633079059422016,f2017,46
train/loss,22016,-0.017694734036922455,f2017,46
train/loss,22528,-0.024556787684559822,f2017,46
train/loss,23040,-0.018094675615429878,f2017,46
train/loss,23552,-0.02102302946150303,f2017,46
train/loss,24064,-0.01799226924777031,f2017,46
train/loss,24576,-0.02154133841395378,f2017,46
train/policy_gradient_loss,1024,-0.020335983484983444,f2017,46
train/policy_gradient_loss,1536,-0.015084410086274147,f2017,46
train/policy_gradient_loss,2048,-0.019051995128393173,f2017,46
train/policy_gradient_loss,2560,-0.02210075594484806,f2017,46
train/policy_gradient_loss,3072,-0.01873932033777237,f2017,46
train/policy_gradient_loss,3584,-0.017397042363882065,f2017,46
train/policy_gradient_loss,4096,-0.025590816512703896,f2017,46
train/policy_gradient_loss,4608,-0.02275402657687664,f2017,46
train/policy_gradient_loss,5120,-0.021227901801466942,f2017,46
train/policy_gradient_loss,5632,-0.016001902520656586,f2017,46
train/policy_gradient_loss,6144,-0.016130106523633003,f2017,46
train/policy_gradient_loss,6656,-0.018740085884928703,f2017,46
train/policy_gradient_loss,7168,-0.018261127173900604,f2017,46
train/policy_gradient_loss,7680,-0.01537681370973587,f2017,46
train/policy_gradient_loss,8192,-0.01435343362390995,f2017,46
train/policy_gradient_loss,8704,-0.01555741298943758,f2017,46
train/policy_gradient_loss,9216,-0.01791599579155445,f2017,46
train/policy_gradient_loss,9728,-0.020050058141350746,f2017,46
train/policy_gradient_loss,10240,-0.01952938921749592,f2017,46
train/policy_gradient_loss,10752,-0.01732352375984192,f2017,46
train/policy_gradient_loss,11264,-0.016713835299015045,f2017,46
train/policy_gradient_loss,11776,-0.01456405594944954,f2017,46
train/policy_gradient_loss,12288,-0.01559394970536232,f2017,46
train/policy_gradient_loss,12800,-0.01434354204684496,f2017,46
train/policy_gradient_loss,13312,-0.017359184101223946,f2017,46
train/policy_gradient_loss,13824,-0.013849999755620956,f2017,46
train/policy_gradient_loss,14336,-0.017742056399583817,f2017,46
train/policy_gradient_loss,14848,-0.016056738793849945,f2017,46
train/policy_gradient_loss,15360,-0.017102934420108795,f2017,46
train/policy_gradient_loss,15872,-0.018575463443994522,f2017,46
train/policy_gradient_loss,16384,-0.01724926382303238,f2017,46
train/policy_gradient_loss,16896,-0.018507223576307297,f2017,46
train/policy_gradient_loss,17408,-0.019191397354006767,f2017,46
train/policy_gradient_loss,17920,-0.020084869116544724,f2017,46
train/policy_gradient_loss,18432,-0.013950708322227001,f2017,46
train/policy_gradient_loss,18944,-0.01724066399037838,f2017,46
train/policy_gradient_loss,19456,-0.01574333943426609,f2017,46
train/policy_gradient_loss,19968,-0.018917914479970932,f2017,46
train/policy_gradient_loss,20480,-0.013728654943406582,f2017,46
train/policy_gradient_loss,20992,-0.016080476343631744,f2017,46
train/policy_gradient_loss,21504,-0.018336519598960876,f2017,46
train/policy_gradient_loss,22016,-0.011378703638911247,f2017,46
train/policy_gradient_loss,22528,-0.018974903970956802,f2017,46
train/policy_gradient_loss,23040,-0.015572760254144669,f2017,46
train/policy_gradient_loss,23552,-0.02020115777850151,f2017,46
train/policy_gradient_loss,24064,-0.016276290640234947,f2017,46
train/policy_gradient_loss,24576,-0.01724804937839508,f2017,46
train/std,1024,0.6028458476066589,f2017,46
train/std,1536,0.5992852449417114,f2017,46
train/std,2048,0.5976411700248718,f2017,46
train/std,2560,0.5951049327850342,f2017,46
train/std,3072,0.5912494659423828,f2017,46
train/std,3584,0.5876401662826538,f2017,46
train/std,4096,0.5853449106216431,f2017,46
train/std,4608,0.5828303098678589,f2017,46
train/std,5120,0.5793209671974182,f2017,46
train/std,5632,0.5774298310279846,f2017,46
train/std,6144,0.5753461718559265,f2017,46
train/std,6656,0.5699708461761475,f2017,46
train/std,7168,0.5631512403488159,f2017,46
train/std,7680,0.5597052574157715,f2017,46
train/std,8192,0.5586304664611816,f2017,46
train/std,8704,0.556180477142334,f2017,46
train/std,9216,0.554709792137146,f2017,46
train/std,9728,0.5518586039543152,f2017,46
train/std,10240,0.546862006187439,f2017,46
train/std,10752,0.5432630181312561,f2017,46
train/std,11264,0.5405726432800293,f2017,46
train/std,11776,0.5371404886245728,f2017,46
train/std,12288,0.5342191457748413,f2017,46
train/std,12800,0.5323740243911743,f2017,46
train/std,13312,0.5308594703674316,f2017,46
train/std,13824,0.5281131267547607,f2017,46
train/std,14336,0.5248719453811646,f2017,46
train/std,14848,0.5217398405075073,f2017,46
train/std,15360,0.5191057920455933,f2017,46
train/std,15872,0.5167999267578125,f2017,46
train/std,16384,0.513942301273346,f2017,46
train/std,16896,0.511486291885376,f2017,46
train/std,17408,0.5096127986907959,f2017,46
train/std,17920,0.5078901052474976,f2017,46
train/std,18432,0.5055792927742004,f2017,46
train/std,18944,0.5033889412879944,f2017,46
train/std,19456,0.5020260810852051,f2017,46
train/std,19968,0.5001904964447021,f2017,46
train/std,20480,0.4978533089160919,f2017,46
train/std,20992,0.495724618434906,f2017,46
train/std,21504,0.49480336904525757,f2017,46
train/std,22016,0.49299156665802,f2017,46
train/std,22528,0.49017179012298584,f2017,46
train/std,23040,0.48810648918151855,f2017,46
train/std,23552,0.4842814803123474,f2017,46
train/std,24064,0.48073428869247437,f2017,46
train/std,24576,0.47979921102523804,f2017,46
train/value_loss,1024,1.4562733173370361,f2017,46
train/value_loss,1536,1.1290382146835327,f2017,46
train/value_loss,2048,0.8996867537498474,f2017,46
train/value_loss,2560,0.6773540377616882,f2017,46
train/value_loss,3072,0.4556702673435211,f2017,46
train/value_loss,3584,0.25494900345802307,f2017,46
train/value_loss,4096,0.11062561720609665,f2017,46
train/value_loss,4608,0.054328422993421555,f2017,46
train/value_loss,5120,0.047531455755233765,f2017,46
train/value_loss,5632,0.04516257345676422,f2017,46
train/value_loss,6144,0.0384349599480629,f2017,46
train/value_loss,6656,0.036622386425733566,f2017,46
train/value_loss,7168,0.03859080374240875,f2017,46
train/value_loss,7680,0.03623528406023979,f2017,46
train/value_loss,8192,0.029791174456477165,f2017,46
train/value_loss,8704,0.029686102643609047,f2017,46
train/value_loss,9216,0.036317452788352966,f2017,46
train/value_loss,9728,0.031109564006328583,f2017,46
train/value_loss,10240,0.03310820460319519,f2017,46
train/value_loss,10752,0.030091581866145134,f2017,46
train/value_loss,11264,0.027852680534124374,f2017,46
train/value_loss,11776,0.02612919919192791,f2017,46
train/value_loss,12288,0.028352025896310806,f2017,46
train/value_loss,12800,0.03047855757176876,f2017,46
train/value_loss,13312,0.022922581061720848,f2017,46
train/value_loss,13824,0.026400361210107803,f2017,46
train/value_loss,14336,0.023143507540225983,f2017,46
train/value_loss,14848,0.025463201105594635,f2017,46
train/value_loss,15360,0.025740690529346466,f2017,46
train/value_loss,15872,0.02462778240442276,f2017,46
train/value_loss,16384,0.023250943049788475,f2017,46
train/value_loss,16896,0.023693062365055084,f2017,46
train/value_loss,17408,0.020563805475831032,f2017,46
train/value_loss,17920,0.020825739949941635,f2017,46
train/value_loss,18432,0.02344559133052826,f2017,46
train/value_loss,18944,0.019956368952989578,f2017,46
train/value_loss,19456,0.02401367947459221,f2017,46
train/value_loss,19968,0.01879393868148327,f2017,46
train/value_loss,20480,0.021010296419262886,f2017,46
train/value_loss,20992,0.01832527481019497,f2017,46
train/value_loss,21504,0.020306551828980446,f2017,46
train/value_loss,22016,0.019085606560111046,f2017,46
train/value_loss,22528,0.021843355149030685,f2017,46
train/value_loss,23040,0.017363037914037704,f2017,46
train/value_loss,23552,0.020009223371744156,f2017,46
train/value_loss,24064,0.016677146777510643,f2017,46
train/value_loss,24576,0.0179870817810297,f2017,46
rollout/ep_len_mean,512,1.0,f2021,42
rollout/ep_len_mean,1024,1.0,f2021,42
rollout/ep_len_mean,1536,1.0,f2021,42
rollout/ep_len_mean,2048,1.0,f2021,42
rollout/ep_len_mean,2560,1.0,f2021,42
rollout/ep_len_mean,3072,1.0,f2021,42
rollout/ep_len_mean,3584,1.0,f2021,42
rollout/ep_len_mean,4096,1.0,f2021,42
rollout/ep_len_mean,4608,1.0,f2021,42
rollout/ep_len_mean,5120,1.0,f2021,42
rollout/ep_len_mean,5632,1.0,f2021,42
rollout/ep_len_mean,6144,1.0,f2021,42
rollout/ep_len_mean,6656,1.0,f2021,42
rollout/ep_len_mean,7168,1.0,f2021,42
rollout/ep_len_mean,7680,1.0,f2021,42
rollout/ep_len_mean,8192,1.0,f2021,42
rollout/ep_len_mean,8704,1.0,f2021,42
rollout/ep_len_mean,9216,1.0,f2021,42
rollout/ep_len_mean,9728,1.0,f2021,42
rollout/ep_len_mean,10240,1.0,f2021,42
rollout/ep_len_mean,10752,1.0,f2021,42
rollout/ep_len_mean,11264,1.0,f2021,42
rollout/ep_len_mean,11776,1.0,f2021,42
rollout/ep_len_mean,12288,1.0,f2021,42
rollout/ep_len_mean,12800,1.0,f2021,42
rollout/ep_len_mean,13312,1.0,f2021,42
rollout/ep_len_mean,13824,1.0,f2021,42
rollout/ep_len_mean,14336,1.0,f2021,42
rollout/ep_len_mean,14848,1.0,f2021,42
rollout/ep_len_mean,15360,1.0,f2021,42
rollout/ep_len_mean,15872,1.0,f2021,42
rollout/ep_len_mean,16384,1.0,f2021,42
rollout/ep_len_mean,16896,1.0,f2021,42
rollout/ep_len_mean,17408,1.0,f2021,42
rollout/ep_len_mean,17920,1.0,f2021,42
rollout/ep_len_mean,18432,1.0,f2021,42
rollout/ep_len_mean,18944,1.0,f2021,42
rollout/ep_len_mean,19456,1.0,f2021,42
rollout/ep_len_mean,19968,1.0,f2021,42
rollout/ep_len_mean,20480,1.0,f2021,42
rollout/ep_len_mean,20992,1.0,f2021,42
rollout/ep_len_mean,21504,1.0,f2021,42
rollout/ep_len_mean,22016,1.0,f2021,42
rollout/ep_len_mean,22528,1.0,f2021,42
rollout/ep_len_mean,23040,1.0,f2021,42
rollout/ep_len_mean,23552,1.0,f2021,42
rollout/ep_len_mean,24064,1.0,f2021,42
rollout/ep_rew_mean,512,1.159308671951294,f2021,42
rollout/ep_rew_mean,1024,1.122698187828064,f2021,42
rollout/ep_rew_mean,1536,1.141840934753418,f2021,42
rollout/ep_rew_mean,2048,1.1421111822128296,f2021,42
rollout/ep_rew_mean,2560,1.1671427488327026,f2021,42
rollout/ep_rew_mean,3072,1.1788291931152344,f2021,42
rollout/ep_rew_mean,3584,1.1872975826263428,f2021,42
rollout/ep_rew_mean,4096,1.1756558418273926,f2021,42
rollout/ep_rew_mean,4608,1.2190804481506348,f2021,42
rollout/ep_rew_mean,5120,1.2069653272628784,f2021,42
rollout/ep_rew_mean,5632,1.2004644870758057,f2021,42
rollout/ep_rew_mean,6144,1.2170988321304321,f2021,42
rollout/ep_rew_mean,6656,1.2356902360916138,f2021,42
rollout/ep_rew_mean,7168,1.227611780166626,f2021,42
rollout/ep_rew_mean,7680,1.1932380199432373,f2021,42
rollout/ep_rew_mean,8192,1.178959608078003,f2021,42
rollout/ep_rew_mean,8704,1.1999554634094238,f2021,42
rollout/ep_rew_mean,9216,1.21160888671875,f2021,42
rollout/ep_rew_mean,9728,1.1951451301574707,f2021,42
rollout/ep_rew_mean,10240,1.2140514850616455,f2021,42
rollout/ep_rew_mean,10752,1.2102832794189453,f2021,42
rollout/ep_rew_mean,11264,1.197887659072876,f2021,42
rollout/ep_rew_mean,11776,1.1945801973342896,f2021,42
rollout/ep_rew_mean,12288,1.222105860710144,f2021,42
rollout/ep_rew_mean,12800,1.2265807390213013,f2021,42
rollout/ep_rew_mean,13312,1.2301890850067139,f2021,42
rollout/ep_rew_mean,13824,1.2166624069213867,f2021,42
rollout/ep_rew_mean,14336,1.2035173177719116,f2021,42
rollout/ep_rew_mean,14848,1.224414587020874,f2021,42
rollout/ep_rew_mean,15360,1.2305574417114258,f2021,42
rollout/ep_rew_mean,15872,1.2123886346817017,f2021,42
rollout/ep_rew_mean,16384,1.233888030052185,f2021,42
rollout/ep_rew_mean,16896,1.2235468626022339,f2021,42
rollout/ep_rew_mean,17408,1.2299206256866455,f2021,42
rollout/ep_rew_mean,17920,1.2000702619552612,f2021,42
rollout/ep_rew_mean,18432,1.2126855850219727,f2021,42
rollout/ep_rew_mean,18944,1.2441630363464355,f2021,42
rollout/ep_rew_mean,19456,1.2254667282104492,f2021,42
rollout/ep_rew_mean,19968,1.1976653337478638,f2021,42
rollout/ep_rew_mean,20480,1.207541823387146,f2021,42
rollout/ep_rew_mean,20992,1.205560564994812,f2021,42
rollout/ep_rew_mean,21504,1.2042174339294434,f2021,42
rollout/ep_rew_mean,22016,1.2260719537734985,f2021,42
rollout/ep_rew_mean,22528,1.2289000749588013,f2021,42
rollout/ep_rew_mean,23040,1.2093989849090576,f2021,42
rollout/ep_rew_mean,23552,1.2458698749542236,f2021,42
rollout/ep_rew_mean,24064,1.229248046875,f2021,42
time/fps,512,4.0,f2021,42
time/fps,1024,5.0,f2021,42
time/fps,1536,5.0,f2021,42
time/fps,2048,5.0,f2021,42
time/fps,2560,5.0,f2021,42
time/fps,3072,5.0,f2021,42
time/fps,3584,5.0,f2021,42
time/fps,4096,5.0,f2021,42
time/fps,4608,5.0,f2021,42
time/fps,5120,5.0,f2021,42
time/fps,5632,5.0,f2021,42
time/fps,6144,5.0,f2021,42
time/fps,6656,5.0,f2021,42
time/fps,7168,5.0,f2021,42
time/fps,7680,5.0,f2021,42
time/fps,8192,5.0,f2021,42
time/fps,8704,5.0,f2021,42
time/fps,9216,5.0,f2021,42
time/fps,9728,5.0,f2021,42
time/fps,10240,5.0,f2021,42
time/fps,10752,5.0,f2021,42
time/fps,11264,5.0,f2021,42
time/fps,11776,5.0,f2021,42
time/fps,12288,5.0,f2021,42
time/fps,12800,5.0,f2021,42
time/fps,13312,5.0,f2021,42
time/fps,13824,5.0,f2021,42
time/fps,14336,5.0,f2021,42
time/fps,14848,5.0,f2021,42
time/fps,15360,5.0,f2021,42
time/fps,15872,5.0,f2021,42
time/fps,16384,5.0,f2021,42
time/fps,16896,5.0,f2021,42
time/fps,17408,5.0,f2021,42
time/fps,17920,5.0,f2021,42
time/fps,18432,5.0,f2021,42
time/fps,18944,5.0,f2021,42
time/fps,19456,5.0,f2021,42
time/fps,19968,5.0,f2021,42
time/fps,20480,5.0,f2021,42
time/fps,20992,5.0,f2021,42
time/fps,21504,5.0,f2021,42
time/fps,22016,5.0,f2021,42
time/fps,22528,5.0,f2021,42
time/fps,23040,5.0,f2021,42
time/fps,23552,5.0,f2021,42
time/fps,24064,5.0,f2021,42
train/approx_kl,1024,0.006270238664001226,f2021,42
train/approx_kl,1536,0.007368910126388073,f2021,42
train/approx_kl,2048,0.005159392952919006,f2021,42
train/approx_kl,2560,0.011951273307204247,f2021,42
train/approx_kl,3072,0.009569399058818817,f2021,42
train/approx_kl,3584,0.012009515427052975,f2021,42
train/approx_kl,4096,0.017925972118973732,f2021,42
train/approx_kl,4608,0.01326392125338316,f2021,42
train/approx_kl,5120,0.011283972300589085,f2021,42
train/approx_kl,5632,0.010728001594543457,f2021,42
train/approx_kl,6144,0.010668757371604443,f2021,42
train/approx_kl,6656,0.012359052896499634,f2021,42
train/approx_kl,7168,0.016685009002685547,f2021,42
train/approx_kl,7680,0.013635087758302689,f2021,42
train/approx_kl,8192,0.013718914240598679,f2021,42
train/approx_kl,8704,0.011110001243650913,f2021,42
train/approx_kl,9216,0.012675376608967781,f2021,42
train/approx_kl,9728,0.01332857646048069,f2021,42
train/approx_kl,10240,0.01053784042596817,f2021,42
train/approx_kl,10752,0.011836085468530655,f2021,42
train/approx_kl,11264,0.009031767025589943,f2021,42
train/approx_kl,11776,0.010361416265368462,f2021,42
train/approx_kl,12288,0.0104777617380023,f2021,42
train/approx_kl,12800,0.008961526677012444,f2021,42
train/approx_kl,13312,0.011608184315264225,f2021,42
train/approx_kl,13824,0.009417291730642319,f2021,42
train/approx_kl,14336,0.008322755806148052,f2021,42
train/approx_kl,14848,0.008216096088290215,f2021,42
train/approx_kl,15360,0.007914328016340733,f2021,42
train/approx_kl,15872,0.009395895525813103,f2021,42
train/approx_kl,16384,0.00973285548388958,f2021,42
train/approx_kl,16896,0.007023942191153765,f2021,42
train/approx_kl,17408,0.008161994628608227,f2021,42
train/approx_kl,17920,0.015328368172049522,f2021,42
train/approx_kl,18432,0.011177735403180122,f2021,42
train/approx_kl,18944,0.008867859840393066,f2021,42
train/approx_kl,19456,0.014521987177431583,f2021,42
train/approx_kl,19968,0.009004207327961922,f2021,42
train/approx_kl,20480,0.009883051738142967,f2021,42
train/approx_kl,20992,0.01126638613641262,f2021,42
train/approx_kl,21504,0.009009888395667076,f2021,42
train/approx_kl,22016,0.012254167348146439,f2021,42
train/approx_kl,22528,0.009038794785737991,f2021,42
train/approx_kl,23040,0.009544704109430313,f2021,42
train/approx_kl,23552,0.009213779121637344,f2021,42
train/approx_kl,24064,0.010602591559290886,f2021,42
train/clip_fraction,1024,0.02285156212747097,f2021,42
train/clip_fraction,1536,0.03007812425494194,f2021,42
train/clip_fraction,2048,0.011914062313735485,f2021,42
train/clip_fraction,2560,0.056640625,f2021,42
train/clip_fraction,3072,0.04843749850988388,f2021,42
train/clip_fraction,3584,0.07421875,f2021,42
train/clip_fraction,4096,0.10136719048023224,f2021,42
train/clip_fraction,4608,0.07734374701976776,f2021,42
train/clip_fraction,5120,0.06699218600988388,f2021,42
train/clip_fraction,5632,0.05996093899011612,f2021,42
train/clip_fraction,6144,0.07578124850988388,f2021,42
train/clip_fraction,6656,0.07187499850988388,f2021,42
train/clip_fraction,7168,0.09003905951976776,f2021,42
train/clip_fraction,7680,0.08339843899011612,f2021,42
train/clip_fraction,8192,0.095703125,f2021,42
train/clip_fraction,8704,0.06582031399011612,f2021,42
train/clip_fraction,9216,0.07343749701976776,f2021,42
train/clip_fraction,9728,0.08554687350988388,f2021,42
train/clip_fraction,10240,0.05898437649011612,f2021,42
train/clip_fraction,10752,0.06582031399011612,f2021,42
train/clip_fraction,11264,0.04902343824505806,f2021,42
train/clip_fraction,11776,0.05605468899011612,f2021,42
train/clip_fraction,12288,0.0546875,f2021,42
train/clip_fraction,12800,0.05410156399011612,f2021,42
train/clip_fraction,13312,0.08535156399011612,f2021,42
train/clip_fraction,13824,0.05019531399011612,f2021,42
train/clip_fraction,14336,0.04296875,f2021,42
train/clip_fraction,14848,0.0341796875,f2021,42
train/clip_fraction,15360,0.048828125,f2021,42
train/clip_fraction,15872,0.04550781100988388,f2021,42
train/clip_fraction,16384,0.04941406100988388,f2021,42
train/clip_fraction,16896,0.04121093824505806,f2021,42
train/clip_fraction,17408,0.03437500074505806,f2021,42
train/clip_fraction,17920,0.107421875,f2021,42
train/clip_fraction,18432,0.06113281100988388,f2021,42
train/clip_fraction,18944,0.05976562574505806,f2021,42
train/clip_fraction,19456,0.08710937201976776,f2021,42
train/clip_fraction,19968,0.05410156399011612,f2021,42
train/clip_fraction,20480,0.06894531100988388,f2021,42
train/clip_fraction,20992,0.0732421875,f2021,42
train/clip_fraction,21504,0.04609375074505806,f2021,42
train/clip_fraction,22016,0.0966796875,f2021,42
train/clip_fraction,22528,0.05390625074505806,f2021,42
train/clip_fraction,23040,0.08124999701976776,f2021,42
train/clip_fraction,23552,0.0556640625,f2021,42
train/clip_fraction,24064,0.04707031324505806,f2021,42
train/clip_range,1024,0.20000000298023224,f2021,42
train/clip_range,1536,0.20000000298023224,f2021,42
train/clip_range,2048,0.20000000298023224,f2021,42
train/clip_range,2560,0.20000000298023224,f2021,42
train/clip_range,3072,0.20000000298023224,f2021,42
train/clip_range,3584,0.20000000298023224,f2021,42
train/clip_range,4096,0.20000000298023224,f2021,42
train/clip_range,4608,0.20000000298023224,f2021,42
train/clip_range,5120,0.20000000298023224,f2021,42
train/clip_range,5632,0.20000000298023224,f2021,42
train/clip_range,6144,0.20000000298023224,f2021,42
train/clip_range,6656,0.20000000298023224,f2021,42
train/clip_range,7168,0.20000000298023224,f2021,42
train/clip_range,7680,0.20000000298023224,f2021,42
train/clip_range,8192,0.20000000298023224,f2021,42
train/clip_range,8704,0.20000000298023224,f2021,42
train/clip_range,9216,0.20000000298023224,f2021,42
train/clip_range,9728,0.20000000298023224,f2021,42
train/clip_range,10240,0.20000000298023224,f2021,42
train/clip_range,10752,0.20000000298023224,f2021,42
train/clip_range,11264,0.20000000298023224,f2021,42
train/clip_range,11776,0.20000000298023224,f2021,42
train/clip_range,12288,0.20000000298023224,f2021,42
train/clip_range,12800,0.20000000298023224,f2021,42
train/clip_range,13312,0.20000000298023224,f2021,42
train/clip_range,13824,0.20000000298023224,f2021,42
train/clip_range,14336,0.20000000298023224,f2021,42
train/clip_range,14848,0.20000000298023224,f2021,42
train/clip_range,15360,0.20000000298023224,f2021,42
train/clip_range,15872,0.20000000298023224,f2021,42
train/clip_range,16384,0.20000000298023224,f2021,42
train/clip_range,16896,0.20000000298023224,f2021,42
train/clip_range,17408,0.20000000298023224,f2021,42
train/clip_range,17920,0.20000000298023224,f2021,42
train/clip_range,18432,0.20000000298023224,f2021,42
train/clip_range,18944,0.20000000298023224,f2021,42
train/clip_range,19456,0.20000000298023224,f2021,42
train/clip_range,19968,0.20000000298023224,f2021,42
train/clip_range,20480,0.20000000298023224,f2021,42
train/clip_range,20992,0.20000000298023224,f2021,42
train/clip_range,21504,0.20000000298023224,f2021,42
train/clip_range,22016,0.20000000298023224,f2021,42
train/clip_range,22528,0.20000000298023224,f2021,42
train/clip_range,23040,0.20000000298023224,f2021,42
train/clip_range,23552,0.20000000298023224,f2021,42
train/clip_range,24064,0.20000000298023224,f2021,42
train/entropy_loss,1024,-3.671543836593628,f2021,42
train/entropy_loss,1536,-3.6518921852111816,f2021,42
train/entropy_loss,2048,-3.6232197284698486,f2021,42
train/entropy_loss,2560,-3.594435691833496,f2021,42
train/entropy_loss,3072,-3.5724172592163086,f2021,42
train/entropy_loss,3584,-3.54750657081604,f2021,42
train/entropy_loss,4096,-3.5153145790100098,f2021,42
train/entropy_loss,4608,-3.477574110031128,f2021,42
train/entropy_loss,5120,-3.4482765197753906,f2021,42
train/entropy_loss,5632,-3.4293506145477295,f2021,42
train/entropy_loss,6144,-3.40907621383667,f2021,42
train/entropy_loss,6656,-3.382687568664551,f2021,42
train/entropy_loss,7168,-3.3570029735565186,f2021,42
train/entropy_loss,7680,-3.3344931602478027,f2021,42
train/entropy_loss,8192,-3.3161630630493164,f2021,42
train/entropy_loss,8704,-3.2939817905426025,f2021,42
train/entropy_loss,9216,-3.2741758823394775,f2021,42
train/entropy_loss,9728,-3.259176731109619,f2021,42
train/entropy_loss,10240,-3.250873327255249,f2021,42
train/entropy_loss,10752,-3.234617233276367,f2021,42
train/entropy_loss,11264,-3.1991684436798096,f2021,42
train/entropy_loss,11776,-3.177422046661377,f2021,42
train/entropy_loss,12288,-3.15376877784729,f2021,42
train/entropy_loss,12800,-3.132810115814209,f2021,42
train/entropy_loss,13312,-3.1120293140411377,f2021,42
train/entropy_loss,13824,-3.0883359909057617,f2021,42
train/entropy_loss,14336,-3.0720882415771484,f2021,42
train/entropy_loss,14848,-3.048015594482422,f2021,42
train/entropy_loss,15360,-3.0195438861846924,f2021,42
train/entropy_loss,15872,-2.997236490249634,f2021,42
train/entropy_loss,16384,-2.97935152053833,f2021,42
train/entropy_loss,16896,-2.9584219455718994,f2021,42
train/entropy_loss,17408,-2.939600706100464,f2021,42
train/entropy_loss,17920,-2.920140266418457,f2021,42
train/entropy_loss,18432,-2.9038643836975098,f2021,42
train/entropy_loss,18944,-2.8819901943206787,f2021,42
train/entropy_loss,19456,-2.8618202209472656,f2021,42
train/entropy_loss,19968,-2.84112548828125,f2021,42
train/entropy_loss,20480,-2.822575807571411,f2021,42
train/entropy_loss,20992,-2.803920269012451,f2021,42
train/entropy_loss,21504,-2.7859549522399902,f2021,42
train/entropy_loss,22016,-2.7646546363830566,f2021,42
train/entropy_loss,22528,-2.7485768795013428,f2021,42
train/entropy_loss,23040,-2.7248144149780273,f2021,42
train/entropy_loss,23552,-2.7029366493225098,f2021,42
train/entropy_loss,24064,-2.684115409851074,f2021,42
train/explained_variance,1024,-17.088726043701172,f2021,42
train/explained_variance,1536,-5.3378825187683105,f2021,42
train/explained_variance,2048,-1.9208018779754639,f2021,42
train/explained_variance,2560,-1.0857112407684326,f2021,42
train/explained_variance,3072,-0.6300374269485474,f2021,42
train/explained_variance,3584,-0.9332845211029053,f2021,42
train/explained_variance,4096,-1.3044800758361816,f2021,42
train/explained_variance,4608,-1.1867573261260986,f2021,42
train/explained_variance,5120,-1.1453239917755127,f2021,42
train/explained_variance,5632,-1.6040778160095215,f2021,42
train/explained_variance,6144,-1.048006534576416,f2021,42
train/explained_variance,6656,-0.6772397756576538,f2021,42
train/explained_variance,7168,-0.6525689363479614,f2021,42
train/explained_variance,7680,-0.8187369108200073,f2021,42
train/explained_variance,8192,-0.5532336235046387,f2021,42
train/explained_variance,8704,-0.38296985626220703,f2021,42
train/explained_variance,9216,-0.2372293472290039,f2021,42
train/explained_variance,9728,-0.4477686882019043,f2021,42
train/explained_variance,10240,-0.38841867446899414,f2021,42
train/explained_variance,10752,-0.27371037006378174,f2021,42
train/explained_variance,11264,-0.27766895294189453,f2021,42
train/explained_variance,11776,-0.29145240783691406,f2021,42
train/explained_variance,12288,-0.22321689128875732,f2021,42
train/explained_variance,12800,-0.14099645614624023,f2021,42
train/explained_variance,13312,-0.15420091152191162,f2021,42
train/explained_variance,13824,-0.16823101043701172,f2021,42
train/explained_variance,14336,-0.03950810432434082,f2021,42
train/explained_variance,14848,-0.3427835702896118,f2021,42
train/explained_variance,15360,-0.05701041221618652,f2021,42
train/explained_variance,15872,-0.020050644874572754,f2021,42
train/explained_variance,16384,-0.013318777084350586,f2021,42
train/explained_variance,16896,-0.23330259323120117,f2021,42
train/explained_variance,17408,-0.07095837593078613,f2021,42
train/explained_variance,17920,0.005940556526184082,f2021,42
train/explained_variance,18432,0.027609407901763916,f2021,42
train/explained_variance,18944,-0.06728053092956543,f2021,42
train/explained_variance,19456,-0.1370004415512085,f2021,42
train/explained_variance,19968,-0.14335548877716064,f2021,42
train/explained_variance,20480,0.018720388412475586,f2021,42
train/explained_variance,20992,0.047843754291534424,f2021,42
train/explained_variance,21504,-0.06270170211791992,f2021,42
train/explained_variance,22016,-0.10626459121704102,f2021,42
train/explained_variance,22528,0.0024732351303100586,f2021,42
train/explained_variance,23040,-0.033257246017456055,f2021,42
train/explained_variance,23552,-0.04113590717315674,f2021,42
train/explained_variance,24064,-0.0570070743560791,f2021,42
train/learning_rate,1024,0.0003000000142492354,f2021,42
train/learning_rate,1536,0.0003000000142492354,f2021,42
train/learning_rate,2048,0.0003000000142492354,f2021,42
train/learning_rate,2560,0.0003000000142492354,f2021,42
train/learning_rate,3072,0.0003000000142492354,f2021,42
train/learning_rate,3584,0.0003000000142492354,f2021,42
train/learning_rate,4096,0.0003000000142492354,f2021,42
train/learning_rate,4608,0.0003000000142492354,f2021,42
train/learning_rate,5120,0.0003000000142492354,f2021,42
train/learning_rate,5632,0.0003000000142492354,f2021,42
train/learning_rate,6144,0.0003000000142492354,f2021,42
train/learning_rate,6656,0.0003000000142492354,f2021,42
train/learning_rate,7168,0.0003000000142492354,f2021,42
train/learning_rate,7680,0.0003000000142492354,f2021,42
train/learning_rate,8192,0.0003000000142492354,f2021,42
train/learning_rate,8704,0.0003000000142492354,f2021,42
train/learning_rate,9216,0.0003000000142492354,f2021,42
train/learning_rate,9728,0.0003000000142492354,f2021,42
train/learning_rate,10240,0.0003000000142492354,f2021,42
train/learning_rate,10752,0.0003000000142492354,f2021,42
train/learning_rate,11264,0.0003000000142492354,f2021,42
train/learning_rate,11776,0.0003000000142492354,f2021,42
train/learning_rate,12288,0.0003000000142492354,f2021,42
train/learning_rate,12800,0.0003000000142492354,f2021,42
train/learning_rate,13312,0.0003000000142492354,f2021,42
train/learning_rate,13824,0.0003000000142492354,f2021,42
train/learning_rate,14336,0.0003000000142492354,f2021,42
train/learning_rate,14848,0.0003000000142492354,f2021,42
train/learning_rate,15360,0.0003000000142492354,f2021,42
train/learning_rate,15872,0.0003000000142492354,f2021,42
train/learning_rate,16384,0.0003000000142492354,f2021,42
train/learning_rate,16896,0.0003000000142492354,f2021,42
train/learning_rate,17408,0.0003000000142492354,f2021,42
train/learning_rate,17920,0.0003000000142492354,f2021,42
train/learning_rate,18432,0.0003000000142492354,f2021,42
train/learning_rate,18944,0.0003000000142492354,f2021,42
train/learning_rate,19456,0.0003000000142492354,f2021,42
train/learning_rate,19968,0.0003000000142492354,f2021,42
train/learning_rate,20480,0.0003000000142492354,f2021,42
train/learning_rate,20992,0.0003000000142492354,f2021,42
train/learning_rate,21504,0.0003000000142492354,f2021,42
train/learning_rate,22016,0.0003000000142492354,f2021,42
train/learning_rate,22528,0.0003000000142492354,f2021,42
train/learning_rate,23040,0.0003000000142492354,f2021,42
train/learning_rate,23552,0.0003000000142492354,f2021,42
train/learning_rate,24064,0.0003000000142492354,f2021,42
train/loss,1024,0.6269367337226868,f2021,42
train/loss,1536,0.5178132057189941,f2021,42
train/loss,2048,0.3603743016719818,f2021,42
train/loss,2560,0.23915132880210876,f2021,42
train/loss,3072,0.11309763789176941,f2021,42
train/loss,3584,0.04558732733130455,f2021,42
train/loss,4096,-0.01966135948896408,f2021,42
train/loss,4608,-0.02991805411875248,f2021,42
train/loss,5120,-0.0234165471047163,f2021,42
train/loss,5632,-0.018031451851129532,f2021,42
train/loss,6144,-0.005657242611050606,f2021,42
train/loss,6656,-0.008947957307100296,f2021,42
train/loss,7168,-0.026604872196912766,f2021,42
train/loss,7680,-0.012353477999567986,f2021,42
train/loss,8192,-0.021659525111317635,f2021,42
train/loss,8704,-0.011737456545233727,f2021,42
train/loss,9216,-0.010634173639118671,f2021,42
train/loss,9728,-0.017189685255289078,f2021,42
train/loss,10240,-0.005587338469922543,f2021,42
train/loss,10752,0.007659832015633583,f2021,42
train/loss,11264,-0.004752977751195431,f2021,42
train/loss,11776,-0.002012968994677067,f2021,42
train/loss,12288,-0.030074061825871468,f2021,42
train/loss,12800,-0.02132771536707878,f2021,42
train/loss,13312,-0.010423896834254265,f2021,42
train/loss,13824,-0.008697597309947014,f2021,42
train/loss,14336,-0.0094091035425663,f2021,42
train/loss,14848,-0.0027457578107714653,f2021,42
train/loss,15360,-0.01753086969256401,f2021,42
train/loss,15872,-0.013885692693293095,f2021,42
train/loss,16384,-0.02375658228993416,f2021,42
train/loss,16896,-0.025595523416996002,f2021,42
train/loss,17408,0.004239555448293686,f2021,42
train/loss,17920,-0.025308875367045403,f2021,42
train/loss,18432,-0.01835106499493122,f2021,42
train/loss,18944,-0.020000189542770386,f2021,42
train/loss,19456,-0.043495163321495056,f2021,42
train/loss,19968,-0.0029557012021541595,f2021,42
train/loss,20480,-0.02619689702987671,f2021,42
train/loss,20992,-0.005909072235226631,f2021,42
train/loss,21504,-0.029430991038680077,f2021,42
train/loss,22016,-0.023298289626836777,f2021,42
train/loss,22528,-0.029037881642580032,f2021,42
train/loss,23040,-0.02713116817176342,f2021,42
train/loss,23552,-0.032134220004081726,f2021,42
train/loss,24064,-0.022351332008838654,f2021,42
train/policy_gradient_loss,1024,-0.015367494896054268,f2021,42
train/policy_gradient_loss,1536,-0.014387145638465881,f2021,42
train/policy_gradient_loss,2048,-0.01471584290266037,f2021,42
train/policy_gradient_loss,2560,-0.024990668520331383,f2021,42
train/policy_gradient_loss,3072,-0.024512549862265587,f2021,42
train/policy_gradient_loss,3584,-0.024414241313934326,f2021,42
train/policy_gradient_loss,4096,-0.028161967173218727,f2021,42
train/policy_gradient_loss,4608,-0.02491559274494648,f2021,42
train/policy_gradient_loss,5120,-0.020628834143280983,f2021,42
train/policy_gradient_loss,5632,-0.018619220703840256,f2021,42
train/policy_gradient_loss,6144,-0.019733361899852753,f2021,42
train/policy_gradient_loss,6656,-0.01939980871975422,f2021,42
train/policy_gradient_loss,7168,-0.020763689652085304,f2021,42
train/policy_gradient_loss,7680,-0.02025032788515091,f2021,42
train/policy_gradient_loss,8192,-0.017738448455929756,f2021,42
train/policy_gradient_loss,8704,-0.015756066888570786,f2021,42
train/policy_gradient_loss,9216,-0.016605261713266373,f2021,42
train/policy_gradient_loss,9728,-0.020342331379652023,f2021,42
train/policy_gradient_loss,10240,-0.015401828102767467,f2021,42
train/policy_gradient_loss,10752,-0.01737210527062416,f2021,42
train/policy_gradient_loss,11264,-0.011233950033783913,f2021,42
train/policy_gradient_loss,11776,-0.017739208415150642,f2021,42
train/policy_gradient_loss,12288,-0.016576247289776802,f2021,42
train/policy_gradient_loss,12800,-0.015389150939881802,f2021,42
train/policy_gradient_loss,13312,-0.019059496000409126,f2021,42
train/policy_gradient_loss,13824,-0.015636533498764038,f2021,42
train/policy_gradient_loss,14336,-0.015740487724542618,f2021,42
train/policy_gradient_loss,14848,-0.01361542847007513,f2021,42
train/policy_gradient_loss,15360,-0.014596443623304367,f2021,42
train/policy_gradient_loss,15872,-0.01564582996070385,f2021,42
train/policy_gradient_loss,16384,-0.016362447291612625,f2021,42
train/policy_gradient_loss,16896,-0.012626278214156628,f2021,42
train/policy_gradient_loss,17408,-0.011747471988201141,f2021,42
train/policy_gradient_loss,17920,-0.02095295861363411,f2021,42
train/policy_gradient_loss,18432,-0.017801692709326744,f2021,42
train/policy_gradient_loss,18944,-0.015571136958897114,f2021,42
train/policy_gradient_loss,19456,-0.02340797148644924,f2021,42
train/policy_gradient_loss,19968,-0.015189841389656067,f2021,42
train/policy_gradient_loss,20480,-0.01694941520690918,f2021,42
train/policy_gradient_loss,20992,-0.014499851502478123,f2021,42
train/policy_gradient_loss,21504,-0.016743598505854607,f2021,42
train/policy_gradient_loss,22016,-0.02148640900850296,f2021,42
train/policy_gradient_loss,22528,-0.017071884125471115,f2021,42
train/policy_gradient_loss,23040,-0.020496953278779984,f2021,42
train/policy_gradient_loss,23552,-0.02040734887123108,f2021,42
train/policy_gradient_loss,24064,-0.014943205751478672,f2021,42
train/std,1024,0.604977548122406,f2021,42
train/std,1536,0.6008025407791138,f2021,42
train/std,2048,0.5960955619812012,f2021,42
train/std,2560,0.592889130115509,f2021,42
train/std,3072,0.5894379615783691,f2021,42
train/std,3584,0.5857657194137573,f2021,42
train/std,4096,0.5800933837890625,f2021,42
train/std,4608,0.5751290321350098,f2021,42
train/std,5120,0.5720874071121216,f2021,42
train/std,5632,0.5700317621231079,f2021,42
train/std,6144,0.5665205717086792,f2021,42
train/std,6656,0.5631389021873474,f2021,42
train/std,7168,0.5592366456985474,f2021,42
train/std,7680,0.5574071407318115,f2021,42
train/std,8192,0.5542275905609131,f2021,42
train/std,8704,0.5516401529312134,f2021,42
train/std,9216,0.5491723418235779,f2021,42
train/std,9728,0.54792720079422,f2021,42
train/std,10240,0.5474891662597656,f2021,42
train/std,10752,0.542499303817749,f2021,42
train/std,11264,0.5390903949737549,f2021,42
train/std,11776,0.5362399220466614,f2021,42
train/std,12288,0.5331552028656006,f2021,42
train/std,12800,0.5310218334197998,f2021,42
train/std,13312,0.5276656150817871,f2021,42
train/std,13824,0.5257687568664551,f2021,42
train/std,14336,0.5236244201660156,f2021,42
train/std,14848,0.5199447870254517,f2021,42
train/std,15360,0.5165391564369202,f2021,42
train/std,15872,0.5146567821502686,f2021,42
train/std,16384,0.5120343565940857,f2021,42
train/std,16896,0.5101500749588013,f2021,42
train/std,17408,0.507453441619873,f2021,42
train/std,17920,0.5059529542922974,f2021,42
train/std,18432,0.5035365223884583,f2021,42
train/std,18944,0.5011357665061951,f2021,42
train/std,19456,0.49895280599594116,f2021,42
train/std,19968,0.4968477487564087,f2021,42
train/std,20480,0.4948462247848511,f2021,42
train/std,20992,0.49305564165115356,f2021,42
train/std,21504,0.4902415871620178,f2021,42
train/std,22016,0.48858287930488586,f2021,42
train/std,22528,0.4861721992492676,f2021,42
train/std,23040,0.4834528863430023,f2021,42
train/std,23552,0.48152244091033936,f2021,42
train/std,24064,0.47941869497299194,f2021,42
train/value_loss,1024,1.5002036094665527,f2021,42
train/value_loss,1536,1.148993730545044,f2021,42
train/value_loss,2048,0.905379056930542,f2021,42
train/value_loss,2560,0.6886647939682007,f2021,42
train/value_loss,3072,0.45028233528137207,f2021,42
train/value_loss,3584,0.24456696212291718,f2021,42
train/value_loss,4096,0.10747992247343063,f2021,42
train/value_loss,4608,0.05084986612200737,f2021,42
train/value_loss,5120,0.04762238636612892,f2021,42
train/value_loss,5632,0.046383555978536606,f2021,42
train/value_loss,6144,0.035205285996198654,f2021,42
train/value_loss,6656,0.03562500327825546,f2021,42
train/value_loss,7168,0.03531128540635109,f2021,42
train/value_loss,7680,0.03240871801972389,f2021,42
train/value_loss,8192,0.03135601058602333,f2021,42
train/value_loss,8704,0.03382817283272743,f2021,42
train/value_loss,9216,0.028265783563256264,f2021,42
train/value_loss,9728,0.034548673778772354,f2021,42
train/value_loss,10240,0.02925257198512554,f2021,42
train/value_loss,10752,0.031902603805065155,f2021,42
train/value_loss,11264,0.023529836907982826,f2021,42
train/value_loss,11776,0.027340805158019066,f2021,42
train/value_loss,12288,0.02946787327528,f2021,42
train/value_loss,12800,0.023378103971481323,f2021,42
train/value_loss,13312,0.029549995437264442,f2021,42
train/value_loss,13824,0.020933697000145912,f2021,42
train/value_loss,14336,0.02487085945904255,f2021,42
train/value_loss,14848,0.025403903797268867,f2021,42
train/value_loss,15360,0.025374755263328552,f2021,42
train/value_loss,15872,0.022080695256590843,f2021,42
train/value_loss,16384,0.02302451990544796,f2021,42
train/value_loss,16896,0.023383263498544693,f2021,42
train/value_loss,17408,0.02436886914074421,f2021,42
train/value_loss,17920,0.01863924041390419,f2021,42
train/value_loss,18432,0.016618557274341583,f2021,42
train/value_loss,18944,0.02094261720776558,f2021,42
train/value_loss,19456,0.023620471358299255,f2021,42
train/value_loss,19968,0.020607640966773033,f2021,42
train/value_loss,20480,0.020464131608605385,f2021,42
train/value_loss,20992,0.01895548216998577,f2021,42
train/value_loss,21504,0.019866198301315308,f2021,42
train/value_loss,22016,0.016294186934828758,f2021,42
train/value_loss,22528,0.016166243702173233,f2021,42
train/value_loss,23040,0.01549898087978363,f2021,42
train/value_loss,23552,0.016930148005485535,f2021,42
train/value_loss,24064,0.014738653786480427,f2021,42
rollout/ep_len_mean,512,1.0,f2021,43
rollout/ep_len_mean,1024,1.0,f2021,43
rollout/ep_len_mean,1536,1.0,f2021,43
rollout/ep_len_mean,2048,1.0,f2021,43
rollout/ep_len_mean,2560,1.0,f2021,43
rollout/ep_len_mean,3072,1.0,f2021,43
rollout/ep_len_mean,3584,1.0,f2021,43
rollout/ep_len_mean,4096,1.0,f2021,43
rollout/ep_len_mean,4608,1.0,f2021,43
rollout/ep_len_mean,5120,1.0,f2021,43
rollout/ep_len_mean,5632,1.0,f2021,43
rollout/ep_len_mean,6144,1.0,f2021,43
rollout/ep_len_mean,6656,1.0,f2021,43
rollout/ep_len_mean,7168,1.0,f2021,43
rollout/ep_len_mean,7680,1.0,f2021,43
rollout/ep_len_mean,8192,1.0,f2021,43
rollout/ep_len_mean,8704,1.0,f2021,43
rollout/ep_len_mean,9216,1.0,f2021,43
rollout/ep_len_mean,9728,1.0,f2021,43
rollout/ep_len_mean,10240,1.0,f2021,43
rollout/ep_len_mean,10752,1.0,f2021,43
rollout/ep_len_mean,11264,1.0,f2021,43
rollout/ep_len_mean,11776,1.0,f2021,43
rollout/ep_len_mean,12288,1.0,f2021,43
rollout/ep_len_mean,12800,1.0,f2021,43
rollout/ep_len_mean,13312,1.0,f2021,43
rollout/ep_len_mean,13824,1.0,f2021,43
rollout/ep_len_mean,14336,1.0,f2021,43
rollout/ep_len_mean,14848,1.0,f2021,43
rollout/ep_len_mean,15360,1.0,f2021,43
rollout/ep_len_mean,15872,1.0,f2021,43
rollout/ep_len_mean,16384,1.0,f2021,43
rollout/ep_len_mean,16896,1.0,f2021,43
rollout/ep_len_mean,17408,1.0,f2021,43
rollout/ep_len_mean,17920,1.0,f2021,43
rollout/ep_len_mean,18432,1.0,f2021,43
rollout/ep_len_mean,18944,1.0,f2021,43
rollout/ep_len_mean,19456,1.0,f2021,43
rollout/ep_len_mean,19968,1.0,f2021,43
rollout/ep_len_mean,20480,1.0,f2021,43
rollout/ep_len_mean,20992,1.0,f2021,43
rollout/ep_len_mean,21504,1.0,f2021,43
rollout/ep_len_mean,22016,1.0,f2021,43
rollout/ep_len_mean,22528,1.0,f2021,43
rollout/ep_len_mean,23040,1.0,f2021,43
rollout/ep_len_mean,23552,1.0,f2021,43
rollout/ep_len_mean,24064,1.0,f2021,43
rollout/ep_rew_mean,512,1.1815599203109741,f2021,43
rollout/ep_rew_mean,1024,1.151631236076355,f2021,43
rollout/ep_rew_mean,1536,1.1505097150802612,f2021,43
rollout/ep_rew_mean,2048,1.1835271120071411,f2021,43
rollout/ep_rew_mean,2560,1.1798549890518188,f2021,43
rollout/ep_rew_mean,3072,1.1735211610794067,f2021,43
rollout/ep_rew_mean,3584,1.1967453956604004,f2021,43
rollout/ep_rew_mean,4096,1.2039754390716553,f2021,43
rollout/ep_rew_mean,4608,1.1983935832977295,f2021,43
rollout/ep_rew_mean,5120,1.2055611610412598,f2021,43
rollout/ep_rew_mean,5632,1.1917799711227417,f2021,43
rollout/ep_rew_mean,6144,1.1867806911468506,f2021,43
rollout/ep_rew_mean,6656,1.2043758630752563,f2021,43
rollout/ep_rew_mean,7168,1.2191554307937622,f2021,43
rollout/ep_rew_mean,7680,1.2067841291427612,f2021,43
rollout/ep_rew_mean,8192,1.187190055847168,f2021,43
rollout/ep_rew_mean,8704,1.2105612754821777,f2021,43
rollout/ep_rew_mean,9216,1.2089354991912842,f2021,43
rollout/ep_rew_mean,9728,1.19588041305542,f2021,43
rollout/ep_rew_mean,10240,1.2103322744369507,f2021,43
rollout/ep_rew_mean,10752,1.2137945890426636,f2021,43
rollout/ep_rew_mean,11264,1.2167495489120483,f2021,43
rollout/ep_rew_mean,11776,1.2246142625808716,f2021,43
rollout/ep_rew_mean,12288,1.2189236879348755,f2021,43
rollout/ep_rew_mean,12800,1.222084641456604,f2021,43
rollout/ep_rew_mean,13312,1.2274954319000244,f2021,43
rollout/ep_rew_mean,13824,1.2165206670761108,f2021,43
rollout/ep_rew_mean,14336,1.2061415910720825,f2021,43
rollout/ep_rew_mean,14848,1.210907220840454,f2021,43
rollout/ep_rew_mean,15360,1.2165452241897583,f2021,43
rollout/ep_rew_mean,15872,1.2338346242904663,f2021,43
rollout/ep_rew_mean,16384,1.2260457277297974,f2021,43
rollout/ep_rew_mean,16896,1.2486659288406372,f2021,43
rollout/ep_rew_mean,17408,1.2297067642211914,f2021,43
rollout/ep_rew_mean,17920,1.2063777446746826,f2021,43
rollout/ep_rew_mean,18432,1.216299057006836,f2021,43
rollout/ep_rew_mean,18944,1.239151120185852,f2021,43
rollout/ep_rew_mean,19456,1.2279053926467896,f2021,43
rollout/ep_rew_mean,19968,1.2159368991851807,f2021,43
rollout/ep_rew_mean,20480,1.2151085138320923,f2021,43
rollout/ep_rew_mean,20992,1.2035671472549438,f2021,43
rollout/ep_rew_mean,21504,1.2248780727386475,f2021,43
rollout/ep_rew_mean,22016,1.2158993482589722,f2021,43
rollout/ep_rew_mean,22528,1.2286828756332397,f2021,43
rollout/ep_rew_mean,23040,1.2125754356384277,f2021,43
rollout/ep_rew_mean,23552,1.230994701385498,f2021,43
rollout/ep_rew_mean,24064,1.238165020942688,f2021,43
time/fps,512,5.0,f2021,43
time/fps,1024,4.0,f2021,43
time/fps,1536,4.0,f2021,43
time/fps,2048,4.0,f2021,43
time/fps,2560,4.0,f2021,43
time/fps,3072,5.0,f2021,43
time/fps,3584,5.0,f2021,43
time/fps,4096,5.0,f2021,43
time/fps,4608,5.0,f2021,43
time/fps,5120,5.0,f2021,43
time/fps,5632,5.0,f2021,43
time/fps,6144,5.0,f2021,43
time/fps,6656,5.0,f2021,43
time/fps,7168,5.0,f2021,43
time/fps,7680,5.0,f2021,43
time/fps,8192,5.0,f2021,43
time/fps,8704,5.0,f2021,43
time/fps,9216,5.0,f2021,43
time/fps,9728,5.0,f2021,43
time/fps,10240,5.0,f2021,43
time/fps,10752,5.0,f2021,43
time/fps,11264,5.0,f2021,43
time/fps,11776,5.0,f2021,43
time/fps,12288,5.0,f2021,43
time/fps,12800,5.0,f2021,43
time/fps,13312,5.0,f2021,43
time/fps,13824,5.0,f2021,43
time/fps,14336,5.0,f2021,43
time/fps,14848,5.0,f2021,43
time/fps,15360,5.0,f2021,43
time/fps,15872,5.0,f2021,43
time/fps,16384,5.0,f2021,43
time/fps,16896,5.0,f2021,43
time/fps,17408,5.0,f2021,43
time/fps,17920,5.0,f2021,43
time/fps,18432,5.0,f2021,43
time/fps,18944,5.0,f2021,43
time/fps,19456,5.0,f2021,43
time/fps,19968,5.0,f2021,43
time/fps,20480,5.0,f2021,43
time/fps,20992,5.0,f2021,43
time/fps,21504,5.0,f2021,43
time/fps,22016,5.0,f2021,43
time/fps,22528,5.0,f2021,43
time/fps,23040,5.0,f2021,43
time/fps,23552,5.0,f2021,43
time/fps,24064,5.0,f2021,43
train/approx_kl,1024,0.005702664144337177,f2021,43
train/approx_kl,1536,0.007953546941280365,f2021,43
train/approx_kl,2048,0.005908295512199402,f2021,43
train/approx_kl,2560,0.009932161308825016,f2021,43
train/approx_kl,3072,0.010468175634741783,f2021,43
train/approx_kl,3584,0.01303820963948965,f2021,43
train/approx_kl,4096,0.012532729655504227,f2021,43
train/approx_kl,4608,0.010184644721448421,f2021,43
train/approx_kl,5120,0.009348086081445217,f2021,43
train/approx_kl,5632,0.013178517110645771,f2021,43
train/approx_kl,6144,0.012320071458816528,f2021,43
train/approx_kl,6656,0.012314622290432453,f2021,43
train/approx_kl,7168,0.013871656730771065,f2021,43
train/approx_kl,7680,0.014522046782076359,f2021,43
train/approx_kl,8192,0.012300696223974228,f2021,43
train/approx_kl,8704,0.008957655169069767,f2021,43
train/approx_kl,9216,0.012777229771018028,f2021,43
train/approx_kl,9728,0.010120484046638012,f2021,43
train/approx_kl,10240,0.012072944082319736,f2021,43
train/approx_kl,10752,0.009688489139080048,f2021,43
train/approx_kl,11264,0.008337430655956268,f2021,43
train/approx_kl,11776,0.010639987885951996,f2021,43
train/approx_kl,12288,0.011388071812689304,f2021,43
train/approx_kl,12800,0.008679698221385479,f2021,43
train/approx_kl,13312,0.011030303314328194,f2021,43
train/approx_kl,13824,0.008641257882118225,f2021,43
train/approx_kl,14336,0.014285730198025703,f2021,43
train/approx_kl,14848,0.008951005525887012,f2021,43
train/approx_kl,15360,0.010036432184278965,f2021,43
train/approx_kl,15872,0.012449496425688267,f2021,43
train/approx_kl,16384,0.006997135933488607,f2021,43
train/approx_kl,16896,0.012982728891074657,f2021,43
train/approx_kl,17408,0.014128847979009151,f2021,43
train/approx_kl,17920,0.0084292683750391,f2021,43
train/approx_kl,18432,0.01140231266617775,f2021,43
train/approx_kl,18944,0.01145950611680746,f2021,43
train/approx_kl,19456,0.011947506107389927,f2021,43
train/approx_kl,19968,0.006473802495747805,f2021,43
train/approx_kl,20480,0.011459538713097572,f2021,43
train/approx_kl,20992,0.012648269534111023,f2021,43
train/approx_kl,21504,0.01073717325925827,f2021,43
train/approx_kl,22016,0.015363622456789017,f2021,43
train/approx_kl,22528,0.012655522674322128,f2021,43
train/approx_kl,23040,0.006693555042147636,f2021,43
train/approx_kl,23552,0.014887286350131035,f2021,43
train/approx_kl,24064,0.006316563580185175,f2021,43
train/clip_fraction,1024,0.01718750037252903,f2021,43
train/clip_fraction,1536,0.03515625,f2021,43
train/clip_fraction,2048,0.01582031324505806,f2021,43
train/clip_fraction,2560,0.0400390625,f2021,43
train/clip_fraction,3072,0.0498046875,f2021,43
train/clip_fraction,3584,0.07675781100988388,f2021,43
train/clip_fraction,4096,0.07656250149011612,f2021,43
train/clip_fraction,4608,0.04609375074505806,f2021,43
train/clip_fraction,5120,0.05332031100988388,f2021,43
train/clip_fraction,5632,0.10000000149011612,f2021,43
train/clip_fraction,6144,0.06757812201976776,f2021,43
train/clip_fraction,6656,0.0810546875,f2021,43
train/clip_fraction,7168,0.09375,f2021,43
train/clip_fraction,7680,0.09648437798023224,f2021,43
train/clip_fraction,8192,0.06484375149011612,f2021,43
train/clip_fraction,8704,0.04902343824505806,f2021,43
train/clip_fraction,9216,0.07363281399011612,f2021,43
train/clip_fraction,9728,0.06171875074505806,f2021,43
train/clip_fraction,10240,0.05703125149011612,f2021,43
train/clip_fraction,10752,0.04453124850988388,f2021,43
train/clip_fraction,11264,0.044921875,f2021,43
train/clip_fraction,11776,0.06035156175494194,f2021,43
train/clip_fraction,12288,0.06718750298023224,f2021,43
train/clip_fraction,12800,0.03593749925494194,f2021,43
train/clip_fraction,13312,0.08144531399011612,f2021,43
train/clip_fraction,13824,0.06386718899011612,f2021,43
train/clip_fraction,14336,0.07558593899011612,f2021,43
train/clip_fraction,14848,0.05234374850988388,f2021,43
train/clip_fraction,15360,0.0595703125,f2021,43
train/clip_fraction,15872,0.08476562798023224,f2021,43
train/clip_fraction,16384,0.03281249850988388,f2021,43
train/clip_fraction,16896,0.07363281399011612,f2021,43
train/clip_fraction,17408,0.10703124850988388,f2021,43
train/clip_fraction,17920,0.07597656548023224,f2021,43
train/clip_fraction,18432,0.06269530951976776,f2021,43
train/clip_fraction,18944,0.0849609375,f2021,43
train/clip_fraction,19456,0.07890625298023224,f2021,43
train/clip_fraction,19968,0.02812499925494194,f2021,43
train/clip_fraction,20480,0.07421875,f2021,43
train/clip_fraction,20992,0.09765625,f2021,43
train/clip_fraction,21504,0.056640625,f2021,43
train/clip_fraction,22016,0.09160156548023224,f2021,43
train/clip_fraction,22528,0.08945312350988388,f2021,43
train/clip_fraction,23040,0.02910156175494194,f2021,43
train/clip_fraction,23552,0.11874999850988388,f2021,43
train/clip_fraction,24064,0.03847656399011612,f2021,43
train/clip_range,1024,0.20000000298023224,f2021,43
train/clip_range,1536,0.20000000298023224,f2021,43
train/clip_range,2048,0.20000000298023224,f2021,43
train/clip_range,2560,0.20000000298023224,f2021,43
train/clip_range,3072,0.20000000298023224,f2021,43
train/clip_range,3584,0.20000000298023224,f2021,43
train/clip_range,4096,0.20000000298023224,f2021,43
train/clip_range,4608,0.20000000298023224,f2021,43
train/clip_range,5120,0.20000000298023224,f2021,43
train/clip_range,5632,0.20000000298023224,f2021,43
train/clip_range,6144,0.20000000298023224,f2021,43
train/clip_range,6656,0.20000000298023224,f2021,43
train/clip_range,7168,0.20000000298023224,f2021,43
train/clip_range,7680,0.20000000298023224,f2021,43
train/clip_range,8192,0.20000000298023224,f2021,43
train/clip_range,8704,0.20000000298023224,f2021,43
train/clip_range,9216,0.20000000298023224,f2021,43
train/clip_range,9728,0.20000000298023224,f2021,43
train/clip_range,10240,0.20000000298023224,f2021,43
train/clip_range,10752,0.20000000298023224,f2021,43
train/clip_range,11264,0.20000000298023224,f2021,43
train/clip_range,11776,0.20000000298023224,f2021,43
train/clip_range,12288,0.20000000298023224,f2021,43
train/clip_range,12800,0.20000000298023224,f2021,43
train/clip_range,13312,0.20000000298023224,f2021,43
train/clip_range,13824,0.20000000298023224,f2021,43
train/clip_range,14336,0.20000000298023224,f2021,43
train/clip_range,14848,0.20000000298023224,f2021,43
train/clip_range,15360,0.20000000298023224,f2021,43
train/clip_range,15872,0.20000000298023224,f2021,43
train/clip_range,16384,0.20000000298023224,f2021,43
train/clip_range,16896,0.20000000298023224,f2021,43
train/clip_range,17408,0.20000000298023224,f2021,43
train/clip_range,17920,0.20000000298023224,f2021,43
train/clip_range,18432,0.20000000298023224,f2021,43
train/clip_range,18944,0.20000000298023224,f2021,43
train/clip_range,19456,0.20000000298023224,f2021,43
train/clip_range,19968,0.20000000298023224,f2021,43
train/clip_range,20480,0.20000000298023224,f2021,43
train/clip_range,20992,0.20000000298023224,f2021,43
train/clip_range,21504,0.20000000298023224,f2021,43
train/clip_range,22016,0.20000000298023224,f2021,43
train/clip_range,22528,0.20000000298023224,f2021,43
train/clip_range,23040,0.20000000298023224,f2021,43
train/clip_range,23552,0.20000000298023224,f2021,43
train/clip_range,24064,0.20000000298023224,f2021,43
train/entropy_loss,1024,-3.675476551055908,f2021,43
train/entropy_loss,1536,-3.673687696456909,f2021,43
train/entropy_loss,2048,-3.662114143371582,f2021,43
train/entropy_loss,2560,-3.6362502574920654,f2021,43
train/entropy_loss,3072,-3.604557752609253,f2021,43
train/entropy_loss,3584,-3.582381248474121,f2021,43
train/entropy_loss,4096,-3.560016632080078,f2021,43
train/entropy_loss,4608,-3.527951717376709,f2021,43
train/entropy_loss,5120,-3.4879631996154785,f2021,43
train/entropy_loss,5632,-3.45975923538208,f2021,43
train/entropy_loss,6144,-3.431389093399048,f2021,43
train/entropy_loss,6656,-3.389876365661621,f2021,43
train/entropy_loss,7168,-3.354806900024414,f2021,43
train/entropy_loss,7680,-3.3339788913726807,f2021,43
train/entropy_loss,8192,-3.3110432624816895,f2021,43
train/entropy_loss,8704,-3.2895233631134033,f2021,43
train/entropy_loss,9216,-3.2684590816497803,f2021,43
train/entropy_loss,9728,-3.2464799880981445,f2021,43
train/entropy_loss,10240,-3.216249704360962,f2021,43
train/entropy_loss,10752,-3.184638500213623,f2021,43
train/entropy_loss,11264,-3.1548843383789062,f2021,43
train/entropy_loss,11776,-3.1292519569396973,f2021,43
train/entropy_loss,12288,-3.1105854511260986,f2021,43
train/entropy_loss,12800,-3.099552631378174,f2021,43
train/entropy_loss,13312,-3.0805251598358154,f2021,43
train/entropy_loss,13824,-3.0550601482391357,f2021,43
train/entropy_loss,14336,-3.037360668182373,f2021,43
train/entropy_loss,14848,-3.0174031257629395,f2021,43
train/entropy_loss,15360,-2.9988701343536377,f2021,43
train/entropy_loss,15872,-2.9760284423828125,f2021,43
train/entropy_loss,16384,-2.9536540508270264,f2021,43
train/entropy_loss,16896,-2.9356393814086914,f2021,43
train/entropy_loss,17408,-2.9113612174987793,f2021,43
train/entropy_loss,17920,-2.8925061225891113,f2021,43
train/entropy_loss,18432,-2.875814199447632,f2021,43
train/entropy_loss,18944,-2.848597288131714,f2021,43
train/entropy_loss,19456,-2.8308730125427246,f2021,43
train/entropy_loss,19968,-2.8248178958892822,f2021,43
train/entropy_loss,20480,-2.8081467151641846,f2021,43
train/entropy_loss,20992,-2.800279140472412,f2021,43
train/entropy_loss,21504,-2.7949655055999756,f2021,43
train/entropy_loss,22016,-2.789583921432495,f2021,43
train/entropy_loss,22528,-2.7719943523406982,f2021,43
train/entropy_loss,23040,-2.750792980194092,f2021,43
train/entropy_loss,23552,-2.7325966358184814,f2021,43
train/entropy_loss,24064,-2.717123508453369,f2021,43
train/explained_variance,1024,-16.841140747070312,f2021,43
train/explained_variance,1536,-5.448261260986328,f2021,43
train/explained_variance,2048,-1.7179169654846191,f2021,43
train/explained_variance,2560,-0.9748430252075195,f2021,43
train/explained_variance,3072,-0.6713613271713257,f2021,43
train/explained_variance,3584,-0.7467267513275146,f2021,43
train/explained_variance,4096,-0.8339473009109497,f2021,43
train/explained_variance,4608,-0.9539093971252441,f2021,43
train/explained_variance,5120,-0.9100387096405029,f2021,43
train/explained_variance,5632,-0.6612673997879028,f2021,43
train/explained_variance,6144,-0.8659480810165405,f2021,43
train/explained_variance,6656,-0.6332272291183472,f2021,43
train/explained_variance,7168,-0.42515134811401367,f2021,43
train/explained_variance,7680,-0.31083106994628906,f2021,43
train/explained_variance,8192,-0.3946986198425293,f2021,43
train/explained_variance,8704,-0.3804442882537842,f2021,43
train/explained_variance,9216,-0.3209550380706787,f2021,43
train/explained_variance,9728,-0.22607135772705078,f2021,43
train/explained_variance,10240,-0.14036810398101807,f2021,43
train/explained_variance,10752,-0.10848629474639893,f2021,43
train/explained_variance,11264,-0.2818080186843872,f2021,43
train/explained_variance,11776,-0.11195135116577148,f2021,43
train/explained_variance,12288,-0.16705143451690674,f2021,43
train/explained_variance,12800,-0.09757983684539795,f2021,43
train/explained_variance,13312,-0.06293773651123047,f2021,43
train/explained_variance,13824,-0.03785085678100586,f2021,43
train/explained_variance,14336,0.02943497896194458,f2021,43
train/explained_variance,14848,-0.16485857963562012,f2021,43
train/explained_variance,15360,0.01588571071624756,f2021,43
train/explained_variance,15872,-0.05418360233306885,f2021,43
train/explained_variance,16384,-0.1175851821899414,f2021,43
train/explained_variance,16896,0.003759324550628662,f2021,43
train/explained_variance,17408,0.055895864963531494,f2021,43
train/explained_variance,17920,0.040356576442718506,f2021,43
train/explained_variance,18432,0.026592791080474854,f2021,43
train/explained_variance,18944,0.1248888373374939,f2021,43
train/explained_variance,19456,0.08764880895614624,f2021,43
train/explained_variance,19968,0.06618815660476685,f2021,43
train/explained_variance,20480,0.09392881393432617,f2021,43
train/explained_variance,20992,0.09341073036193848,f2021,43
train/explained_variance,21504,-0.05680251121520996,f2021,43
train/explained_variance,22016,-0.145424485206604,f2021,43
train/explained_variance,22528,0.10174453258514404,f2021,43
train/explained_variance,23040,0.093081533908844,f2021,43
train/explained_variance,23552,0.13567358255386353,f2021,43
train/explained_variance,24064,0.19669365882873535,f2021,43
train/learning_rate,1024,0.0003000000142492354,f2021,43
train/learning_rate,1536,0.0003000000142492354,f2021,43
train/learning_rate,2048,0.0003000000142492354,f2021,43
train/learning_rate,2560,0.0003000000142492354,f2021,43
train/learning_rate,3072,0.0003000000142492354,f2021,43
train/learning_rate,3584,0.0003000000142492354,f2021,43
train/learning_rate,4096,0.0003000000142492354,f2021,43
train/learning_rate,4608,0.0003000000142492354,f2021,43
train/learning_rate,5120,0.0003000000142492354,f2021,43
train/learning_rate,5632,0.0003000000142492354,f2021,43
train/learning_rate,6144,0.0003000000142492354,f2021,43
train/learning_rate,6656,0.0003000000142492354,f2021,43
train/learning_rate,7168,0.0003000000142492354,f2021,43
train/learning_rate,7680,0.0003000000142492354,f2021,43
train/learning_rate,8192,0.0003000000142492354,f2021,43
train/learning_rate,8704,0.0003000000142492354,f2021,43
train/learning_rate,9216,0.0003000000142492354,f2021,43
train/learning_rate,9728,0.0003000000142492354,f2021,43
train/learning_rate,10240,0.0003000000142492354,f2021,43
train/learning_rate,10752,0.0003000000142492354,f2021,43
train/learning_rate,11264,0.0003000000142492354,f2021,43
train/learning_rate,11776,0.0003000000142492354,f2021,43
train/learning_rate,12288,0.0003000000142492354,f2021,43
train/learning_rate,12800,0.0003000000142492354,f2021,43
train/learning_rate,13312,0.0003000000142492354,f2021,43
train/learning_rate,13824,0.0003000000142492354,f2021,43
train/learning_rate,14336,0.0003000000142492354,f2021,43
train/learning_rate,14848,0.0003000000142492354,f2021,43
train/learning_rate,15360,0.0003000000142492354,f2021,43
train/learning_rate,15872,0.0003000000142492354,f2021,43
train/learning_rate,16384,0.0003000000142492354,f2021,43
train/learning_rate,16896,0.0003000000142492354,f2021,43
train/learning_rate,17408,0.0003000000142492354,f2021,43
train/learning_rate,17920,0.0003000000142492354,f2021,43
train/learning_rate,18432,0.0003000000142492354,f2021,43
train/learning_rate,18944,0.0003000000142492354,f2021,43
train/learning_rate,19456,0.0003000000142492354,f2021,43
train/learning_rate,19968,0.0003000000142492354,f2021,43
train/learning_rate,20480,0.0003000000142492354,f2021,43
train/learning_rate,20992,0.0003000000142492354,f2021,43
train/learning_rate,21504,0.0003000000142492354,f2021,43
train/learning_rate,22016,0.0003000000142492354,f2021,43
train/learning_rate,22528,0.0003000000142492354,f2021,43
train/learning_rate,23040,0.0003000000142492354,f2021,43
train/learning_rate,23552,0.0003000000142492354,f2021,43
train/learning_rate,24064,0.0003000000142492354,f2021,43
train/loss,1024,0.6693062782287598,f2021,43
train/loss,1536,0.46918126940727234,f2021,43
train/loss,2048,0.34060215950012207,f2021,43
train/loss,2560,0.21413570642471313,f2021,43
train/loss,3072,0.10523389279842377,f2021,43
train/loss,3584,0.016633283346891403,f2021,43
train/loss,4096,-0.014651307836174965,f2021,43
train/loss,4608,-0.015808094292879105,f2021,43
train/loss,5120,-0.030745621770620346,f2021,43
train/loss,5632,-0.02632605843245983,f2021,43
train/loss,6144,-0.022332273423671722,f2021,43
train/loss,6656,-0.02391468547284603,f2021,43
train/loss,7168,-0.02084922231733799,f2021,43
train/loss,7680,-0.012018656358122826,f2021,43
train/loss,8192,-0.012359220534563065,f2021,43
train/loss,8704,-0.03187199681997299,f2021,43
train/loss,9216,-0.027697380632162094,f2021,43
train/loss,9728,-0.021023252978920937,f2021,43
train/loss,10240,-0.012584608048200607,f2021,43
train/loss,10752,-0.01248829998075962,f2021,43
train/loss,11264,-0.003975534811615944,f2021,43
train/loss,11776,-0.02350778505206108,f2021,43
train/loss,12288,-0.017109904438257217,f2021,43
train/loss,12800,-0.010708954185247421,f2021,43
train/loss,13312,-0.008807746693491936,f2021,43
train/loss,13824,-0.01659122295677662,f2021,43
train/loss,14336,-0.011078626848757267,f2021,43
train/loss,14848,-0.005728418938815594,f2021,43
train/loss,15360,-0.01108983252197504,f2021,43
train/loss,15872,0.00854078121483326,f2021,43
train/loss,16384,-0.009699596092104912,f2021,43
train/loss,16896,-0.038513295352458954,f2021,43
train/loss,17408,-0.034163281321525574,f2021,43
train/loss,17920,-0.02823970466852188,f2021,43
train/loss,18432,-0.023839415982365608,f2021,43
train/loss,18944,-0.014608966186642647,f2021,43
train/loss,19456,-0.025370948016643524,f2021,43
train/loss,19968,-0.00787829328328371,f2021,43
train/loss,20480,-0.013450365513563156,f2021,43
train/loss,20992,-0.034225910902023315,f2021,43
train/loss,21504,-0.017825506627559662,f2021,43
train/loss,22016,-0.04099578782916069,f2021,43
train/loss,22528,-0.006332894787192345,f2021,43
train/loss,23040,-0.016687976196408272,f2021,43
train/loss,23552,-0.03275235742330551,f2021,43
train/loss,24064,-0.023914087563753128,f2021,43
train/policy_gradient_loss,1024,-0.01246640644967556,f2021,43
train/policy_gradient_loss,1536,-0.01286576222628355,f2021,43
train/policy_gradient_loss,2048,-0.014803637750446796,f2021,43
train/policy_gradient_loss,2560,-0.025082407519221306,f2021,43
train/policy_gradient_loss,3072,-0.022457199171185493,f2021,43
train/policy_gradient_loss,3584,-0.026916543021798134,f2021,43
train/policy_gradient_loss,4096,-0.022139376029372215,f2021,43
train/policy_gradient_loss,4608,-0.01904308795928955,f2021,43
train/policy_gradient_loss,5120,-0.01913391798734665,f2021,43
train/policy_gradient_loss,5632,-0.024837788194417953,f2021,43
train/policy_gradient_loss,6144,-0.019925488159060478,f2021,43
train/policy_gradient_loss,6656,-0.02313053421676159,f2021,43
train/policy_gradient_loss,7168,-0.02143208496272564,f2021,43
train/policy_gradient_loss,7680,-0.023466892540454865,f2021,43
train/policy_gradient_loss,8192,-0.018749304115772247,f2021,43
train/policy_gradient_loss,8704,-0.016190970316529274,f2021,43
train/policy_gradient_loss,9216,-0.0196822602301836,f2021,43
train/policy_gradient_loss,9728,-0.018607543781399727,f2021,43
train/policy_gradient_loss,10240,-0.017670154571533203,f2021,43
train/policy_gradient_loss,10752,-0.016300667077302933,f2021,43
train/policy_gradient_loss,11264,-0.013337926007807255,f2021,43
train/policy_gradient_loss,11776,-0.016219165176153183,f2021,43
train/policy_gradient_loss,12288,-0.016181332990527153,f2021,43
train/policy_gradient_loss,12800,-0.015129351057112217,f2021,43
train/policy_gradient_loss,13312,-0.018904346972703934,f2021,43
train/policy_gradient_loss,13824,-0.01699839159846306,f2021,43
train/policy_gradient_loss,14336,-0.020052269101142883,f2021,43
train/policy_gradient_loss,14848,-0.014990068040788174,f2021,43
train/policy_gradient_loss,15360,-0.016536341980099678,f2021,43
train/policy_gradient_loss,15872,-0.020919907838106155,f2021,43
train/policy_gradient_loss,16384,-0.010698343627154827,f2021,43
train/policy_gradient_loss,16896,-0.02074047550559044,f2021,43
train/policy_gradient_loss,17408,-0.02288537472486496,f2021,43
train/policy_gradient_loss,17920,-0.01742127165198326,f2021,43
train/policy_gradient_loss,18432,-0.018941299989819527,f2021,43
train/policy_gradient_loss,18944,-0.01944996416568756,f2021,43
train/policy_gradient_loss,19456,-0.020015167072415352,f2021,43
train/policy_gradient_loss,19968,-0.010478418320417404,f2021,43
train/policy_gradient_loss,20480,-0.018113460391759872,f2021,43
train/policy_gradient_loss,20992,-0.02165435254573822,f2021,43
train/policy_gradient_loss,21504,-0.014309230260550976,f2021,43
train/policy_gradient_loss,22016,-0.02014775015413761,f2021,43
train/policy_gradient_loss,22528,-0.021035412326455116,f2021,43
train/policy_gradient_loss,23040,-0.011908399872481823,f2021,43
train/policy_gradient_loss,23552,-0.023636743426322937,f2021,43
train/policy_gradient_loss,24064,-0.011476309038698673,f2021,43
train/std,1024,0.6064005494117737,f2021,43
train/std,1536,0.605871856212616,f2021,43
train/std,2048,0.6029677987098694,f2021,43
train/std,2560,0.5980773568153381,f2021,43
train/std,3072,0.593987226486206,f2021,43
train/std,3584,0.5913105010986328,f2021,43
train/std,4096,0.5878098607063293,f2021,43
train/std,4608,0.5819500088691711,f2021,43
train/std,5120,0.5770810842514038,f2021,43
train/std,5632,0.5740319490432739,f2021,43
train/std,6144,0.5685880184173584,f2021,43
train/std,6656,0.5627871751785278,f2021,43
train/std,7168,0.5595402717590332,f2021,43
train/std,7680,0.5566556453704834,f2021,43
train/std,8192,0.5536340475082397,f2021,43
train/std,8704,0.5510069727897644,f2021,43
train/std,9216,0.5484781861305237,f2021,43
train/std,9728,0.5447515249252319,f2021,43
train/std,10240,0.5405995845794678,f2021,43
train/std,10752,0.5367462635040283,f2021,43
train/std,11264,0.5330114960670471,f2021,43
train/std,11776,0.5304721593856812,f2021,43
train/std,12288,0.5286171436309814,f2021,43
train/std,12800,0.5275520086288452,f2021,43
train/std,13312,0.5239430665969849,f2021,43
train/std,13824,0.5217751264572144,f2021,43
train/std,14336,0.519493579864502,f2021,43
train/std,14848,0.5171533823013306,f2021,43
train/std,15360,0.5148054957389832,f2021,43
train/std,15872,0.5116511583328247,f2021,43
train/std,16384,0.5099258422851562,f2021,43
train/std,16896,0.5069385170936584,f2021,43
train/std,17408,0.5042282342910767,f2021,43
train/std,17920,0.5029404163360596,f2021,43
train/std,18432,0.5002010464668274,f2021,43
train/std,18944,0.49673038721084595,f2021,43
train/std,19456,0.4967411160469055,f2021,43
train/std,19968,0.4950316250324249,f2021,43
train/std,20480,0.493715763092041,f2021,43
train/std,20992,0.4931492507457733,f2021,43
train/std,21504,0.49344292283058167,f2021,43
train/std,22016,0.4921649396419525,f2021,43
train/std,22528,0.489754319190979,f2021,43
train/std,23040,0.4875214695930481,f2021,43
train/std,23552,0.48590147495269775,f2021,43
train/std,24064,0.48429614305496216,f2021,43
train/value_loss,1024,1.5565235614776611,f2021,43
train/value_loss,1536,1.1041773557662964,f2021,43
train/value_loss,2048,0.8619848489761353,f2021,43
train/value_loss,2560,0.6571231484413147,f2021,43
train/value_loss,3072,0.42477306723594666,f2021,43
train/value_loss,3584,0.21917852759361267,f2021,43
train/value_loss,4096,0.07976487278938293,f2021,43
train/value_loss,4608,0.04124455526471138,f2021,43
train/value_loss,5120,0.036418668925762177,f2021,43
train/value_loss,5632,0.034089818596839905,f2021,43
train/value_loss,6144,0.03912558779120445,f2021,43
train/value_loss,6656,0.02834494225680828,f2021,43
train/value_loss,7168,0.03168027848005295,f2021,43
train/value_loss,7680,0.024494130164384842,f2021,43
train/value_loss,8192,0.028011498972773552,f2021,43
train/value_loss,8704,0.028969084843993187,f2021,43
train/value_loss,9216,0.025555377826094627,f2021,43
train/value_loss,9728,0.030407367274165154,f2021,43
train/value_loss,10240,0.023813139647245407,f2021,43
train/value_loss,10752,0.02706824243068695,f2021,43
train/value_loss,11264,0.021899539977312088,f2021,43
train/value_loss,11776,0.02331223152577877,f2021,43
train/value_loss,12288,0.024783378466963768,f2021,43
train/value_loss,12800,0.021004030480980873,f2021,43
train/value_loss,13312,0.021904058754444122,f2021,43
train/value_loss,13824,0.02133462205529213,f2021,43
train/value_loss,14336,0.0228175800293684,f2021,43
train/value_loss,14848,0.021648207679390907,f2021,43
train/value_loss,15360,0.02188229374587536,f2021,43
train/value_loss,15872,0.022378593683242798,f2021,43
train/value_loss,16384,0.02199511229991913,f2021,43
train/value_loss,16896,0.020154347643256187,f2021,43
train/value_loss,17408,0.016384730115532875,f2021,43
train/value_loss,17920,0.020636165514588356,f2021,43
train/value_loss,18432,0.017356636002659798,f2021,43
train/value_loss,18944,0.01719621568918228,f2021,43
train/value_loss,19456,0.021202189847826958,f2021,43
train/value_loss,19968,0.017641207203269005,f2021,43
train/value_loss,20480,0.018104666844010353,f2021,43
train/value_loss,20992,0.020443933084607124,f2021,43
train/value_loss,21504,0.019023263826966286,f2021,43
train/value_loss,22016,0.015461602248251438,f2021,43
train/value_loss,22528,0.018018949776887894,f2021,43
train/value_loss,23040,0.015159779228270054,f2021,43
train/value_loss,23552,0.013927990570664406,f2021,43
train/value_loss,24064,0.015153967775404453,f2021,43
rollout/ep_len_mean,512,1.0,f2021,44
rollout/ep_len_mean,1024,1.0,f2021,44
rollout/ep_len_mean,1536,1.0,f2021,44
rollout/ep_len_mean,2048,1.0,f2021,44
rollout/ep_len_mean,2560,1.0,f2021,44
rollout/ep_len_mean,3072,1.0,f2021,44
rollout/ep_len_mean,3584,1.0,f2021,44
rollout/ep_len_mean,4096,1.0,f2021,44
rollout/ep_len_mean,4608,1.0,f2021,44
rollout/ep_len_mean,5120,1.0,f2021,44
rollout/ep_len_mean,5632,1.0,f2021,44
rollout/ep_len_mean,6144,1.0,f2021,44
rollout/ep_len_mean,6656,1.0,f2021,44
rollout/ep_len_mean,7168,1.0,f2021,44
rollout/ep_len_mean,7680,1.0,f2021,44
rollout/ep_len_mean,8192,1.0,f2021,44
rollout/ep_len_mean,8704,1.0,f2021,44
rollout/ep_len_mean,9216,1.0,f2021,44
rollout/ep_len_mean,9728,1.0,f2021,44
rollout/ep_len_mean,10240,1.0,f2021,44
rollout/ep_len_mean,10752,1.0,f2021,44
rollout/ep_len_mean,11264,1.0,f2021,44
rollout/ep_len_mean,11776,1.0,f2021,44
rollout/ep_len_mean,12288,1.0,f2021,44
rollout/ep_len_mean,12800,1.0,f2021,44
rollout/ep_len_mean,13312,1.0,f2021,44
rollout/ep_len_mean,13824,1.0,f2021,44
rollout/ep_len_mean,14336,1.0,f2021,44
rollout/ep_len_mean,14848,1.0,f2021,44
rollout/ep_len_mean,15360,1.0,f2021,44
rollout/ep_len_mean,15872,1.0,f2021,44
rollout/ep_len_mean,16384,1.0,f2021,44
rollout/ep_len_mean,16896,1.0,f2021,44
rollout/ep_len_mean,17408,1.0,f2021,44
rollout/ep_len_mean,17920,1.0,f2021,44
rollout/ep_len_mean,18432,1.0,f2021,44
rollout/ep_len_mean,18944,1.0,f2021,44
rollout/ep_len_mean,19456,1.0,f2021,44
rollout/ep_len_mean,19968,1.0,f2021,44
rollout/ep_len_mean,20480,1.0,f2021,44
rollout/ep_len_mean,20992,1.0,f2021,44
rollout/ep_len_mean,21504,1.0,f2021,44
rollout/ep_len_mean,22016,1.0,f2021,44
rollout/ep_len_mean,22528,1.0,f2021,44
rollout/ep_len_mean,23040,1.0,f2021,44
rollout/ep_len_mean,23552,1.0,f2021,44
rollout/ep_len_mean,24064,1.0,f2021,44
rollout/ep_len_mean,24576,1.0,f2021,44
rollout/ep_rew_mean,512,1.1779365539550781,f2021,44
rollout/ep_rew_mean,1024,1.1596349477767944,f2021,44
rollout/ep_rew_mean,1536,1.1580066680908203,f2021,44
rollout/ep_rew_mean,2048,1.1450809240341187,f2021,44
rollout/ep_rew_mean,2560,1.1660984754562378,f2021,44
rollout/ep_rew_mean,3072,1.171863317489624,f2021,44
rollout/ep_rew_mean,3584,1.1963410377502441,f2021,44
rollout/ep_rew_mean,4096,1.2031463384628296,f2021,44
rollout/ep_rew_mean,4608,1.2068579196929932,f2021,44
rollout/ep_rew_mean,5120,1.2009761333465576,f2021,44
rollout/ep_rew_mean,5632,1.1741358041763306,f2021,44
rollout/ep_rew_mean,6144,1.2019517421722412,f2021,44
rollout/ep_rew_mean,6656,1.2209978103637695,f2021,44
rollout/ep_rew_mean,7168,1.2191331386566162,f2021,44
rollout/ep_rew_mean,7680,1.1997275352478027,f2021,44
rollout/ep_rew_mean,8192,1.2075399160385132,f2021,44
rollout/ep_rew_mean,8704,1.206600546836853,f2021,44
rollout/ep_rew_mean,9216,1.2254477739334106,f2021,44
rollout/ep_rew_mean,9728,1.1949890851974487,f2021,44
rollout/ep_rew_mean,10240,1.2205700874328613,f2021,44
rollout/ep_rew_mean,10752,1.2192509174346924,f2021,44
rollout/ep_rew_mean,11264,1.200620174407959,f2021,44
rollout/ep_rew_mean,11776,1.1950246095657349,f2021,44
rollout/ep_rew_mean,12288,1.212404727935791,f2021,44
rollout/ep_rew_mean,12800,1.2010631561279297,f2021,44
rollout/ep_rew_mean,13312,1.1980377435684204,f2021,44
rollout/ep_rew_mean,13824,1.231202483177185,f2021,44
rollout/ep_rew_mean,14336,1.2170028686523438,f2021,44
rollout/ep_rew_mean,14848,1.2035765647888184,f2021,44
rollout/ep_rew_mean,15360,1.2133021354675293,f2021,44
rollout/ep_rew_mean,15872,1.2084327936172485,f2021,44
rollout/ep_rew_mean,16384,1.2182979583740234,f2021,44
rollout/ep_rew_mean,16896,1.230848789215088,f2021,44
rollout/ep_rew_mean,17408,1.2272746562957764,f2021,44
rollout/ep_rew_mean,17920,1.217054009437561,f2021,44
rollout/ep_rew_mean,18432,1.2213199138641357,f2021,44
rollout/ep_rew_mean,18944,1.2374452352523804,f2021,44
rollout/ep_rew_mean,19456,1.2106091976165771,f2021,44
rollout/ep_rew_mean,19968,1.2236827611923218,f2021,44
rollout/ep_rew_mean,20480,1.2150486707687378,f2021,44
rollout/ep_rew_mean,20992,1.1996766328811646,f2021,44
rollout/ep_rew_mean,21504,1.2359957695007324,f2021,44
rollout/ep_rew_mean,22016,1.2293262481689453,f2021,44
rollout/ep_rew_mean,22528,1.2377257347106934,f2021,44
rollout/ep_rew_mean,23040,1.1989716291427612,f2021,44
rollout/ep_rew_mean,23552,1.225779414176941,f2021,44
rollout/ep_rew_mean,24064,1.2389744520187378,f2021,44
rollout/ep_rew_mean,24576,1.2221803665161133,f2021,44
time/fps,512,5.0,f2021,44
time/fps,1024,4.0,f2021,44
time/fps,1536,4.0,f2021,44
time/fps,2048,4.0,f2021,44
time/fps,2560,4.0,f2021,44
time/fps,3072,5.0,f2021,44
time/fps,3584,5.0,f2021,44
time/fps,4096,5.0,f2021,44
time/fps,4608,5.0,f2021,44
time/fps,5120,5.0,f2021,44
time/fps,5632,5.0,f2021,44
time/fps,6144,5.0,f2021,44
time/fps,6656,5.0,f2021,44
time/fps,7168,5.0,f2021,44
time/fps,7680,5.0,f2021,44
time/fps,8192,5.0,f2021,44
time/fps,8704,5.0,f2021,44
time/fps,9216,5.0,f2021,44
time/fps,9728,5.0,f2021,44
time/fps,10240,4.0,f2021,44
time/fps,10752,4.0,f2021,44
time/fps,11264,4.0,f2021,44
time/fps,11776,4.0,f2021,44
time/fps,12288,4.0,f2021,44
time/fps,12800,4.0,f2021,44
time/fps,13312,4.0,f2021,44
time/fps,13824,4.0,f2021,44
time/fps,14336,4.0,f2021,44
time/fps,14848,4.0,f2021,44
time/fps,15360,3.0,f2021,44
time/fps,15872,3.0,f2021,44
time/fps,16384,3.0,f2021,44
time/fps,16896,3.0,f2021,44
time/fps,17408,3.0,f2021,44
time/fps,17920,4.0,f2021,44
time/fps,18432,4.0,f2021,44
time/fps,18944,4.0,f2021,44
time/fps,19456,4.0,f2021,44
time/fps,19968,4.0,f2021,44
time/fps,20480,3.0,f2021,44
time/fps,20992,3.0,f2021,44
time/fps,21504,3.0,f2021,44
time/fps,22016,3.0,f2021,44
time/fps,22528,3.0,f2021,44
time/fps,23040,3.0,f2021,44
time/fps,23552,3.0,f2021,44
time/fps,24064,3.0,f2021,44
time/fps,24576,3.0,f2021,44
train/approx_kl,1024,0.006779508665204048,f2021,44
train/approx_kl,1536,0.005120349116623402,f2021,44
train/approx_kl,2048,0.008305232971906662,f2021,44
train/approx_kl,2560,0.007701029069721699,f2021,44
train/approx_kl,3072,0.008299687877297401,f2021,44
train/approx_kl,3584,0.012417146004736423,f2021,44
train/approx_kl,4096,0.012505636550486088,f2021,44
train/approx_kl,4608,0.014093954116106033,f2021,44
train/approx_kl,5120,0.014604268595576286,f2021,44
train/approx_kl,5632,0.011609009467065334,f2021,44
train/approx_kl,6144,0.020335828885436058,f2021,44
train/approx_kl,6656,0.014019671827554703,f2021,44
train/approx_kl,7168,0.014171360060572624,f2021,44
train/approx_kl,7680,0.008509380742907524,f2021,44
train/approx_kl,8192,0.010163107886910439,f2021,44
train/approx_kl,8704,0.010191651061177254,f2021,44
train/approx_kl,9216,0.013464128598570824,f2021,44
train/approx_kl,9728,0.011371055617928505,f2021,44
train/approx_kl,10240,0.011004142463207245,f2021,44
train/approx_kl,10752,0.015100708231329918,f2021,44
train/approx_kl,11264,0.008435092866420746,f2021,44
train/approx_kl,11776,0.006088518537580967,f2021,44
train/approx_kl,12288,0.009397853165864944,f2021,44
train/approx_kl,12800,0.01047566533088684,f2021,44
train/approx_kl,13312,0.015555053949356079,f2021,44
train/approx_kl,13824,0.014541069976985455,f2021,44
train/approx_kl,14336,0.010543491691350937,f2021,44
train/approx_kl,14848,0.006803089752793312,f2021,44
train/approx_kl,15360,0.012599535286426544,f2021,44
train/approx_kl,15872,0.01116457860916853,f2021,44
train/approx_kl,16384,0.012282310053706169,f2021,44
train/approx_kl,16896,0.012685054913163185,f2021,44
train/approx_kl,17408,0.011120544746518135,f2021,44
train/approx_kl,17920,0.008125794120132923,f2021,44
train/approx_kl,18432,0.013396196067333221,f2021,44
train/approx_kl,18944,0.009632986038923264,f2021,44
train/approx_kl,19456,0.010742809623479843,f2021,44
train/approx_kl,19968,0.016606725752353668,f2021,44
train/approx_kl,20480,0.005997158586978912,f2021,44
train/approx_kl,20992,0.01182159036397934,f2021,44
train/approx_kl,21504,0.005208348855376244,f2021,44
train/approx_kl,22016,0.013507449999451637,f2021,44
train/approx_kl,22528,0.014707110822200775,f2021,44
train/approx_kl,23040,0.01566562056541443,f2021,44
train/approx_kl,23552,0.012713631615042686,f2021,44
train/approx_kl,24064,0.012083366513252258,f2021,44
train/approx_kl,24576,0.014057235792279243,f2021,44
train/clip_fraction,1024,0.02285156212747097,f2021,44
train/clip_fraction,1536,0.0126953125,f2021,44
train/clip_fraction,2048,0.04453124850988388,f2021,44
train/clip_fraction,2560,0.03554687649011612,f2021,44
train/clip_fraction,3072,0.02851562574505806,f2021,44
train/clip_fraction,3584,0.06308593600988388,f2021,44
train/clip_fraction,4096,0.07246093451976776,f2021,44
train/clip_fraction,4608,0.07695312798023224,f2021,44
train/clip_fraction,5120,0.10781250149011612,f2021,44
train/clip_fraction,5632,0.06308593600988388,f2021,44
train/clip_fraction,6144,0.12148437649011612,f2021,44
train/clip_fraction,6656,0.0927734375,f2021,44
train/clip_fraction,7168,0.08945312350988388,f2021,44
train/clip_fraction,7680,0.04648437350988388,f2021,44
train/clip_fraction,8192,0.0595703125,f2021,44
train/clip_fraction,8704,0.0634765625,f2021,44
train/clip_fraction,9216,0.0751953125,f2021,44
train/clip_fraction,9728,0.05703125149011612,f2021,44
train/clip_fraction,10240,0.05917968600988388,f2021,44
train/clip_fraction,10752,0.0986328125,f2021,44
train/clip_fraction,11264,0.03632812574505806,f2021,44
train/clip_fraction,11776,0.02734375,f2021,44
train/clip_fraction,12288,0.05859375,f2021,44
train/clip_fraction,12800,0.06757812201976776,f2021,44
train/clip_fraction,13312,0.1064453125,f2021,44
train/clip_fraction,13824,0.0791015625,f2021,44
train/clip_fraction,14336,0.08945312350988388,f2021,44
train/clip_fraction,14848,0.03925781324505806,f2021,44
train/clip_fraction,15360,0.08847656100988388,f2021,44
train/clip_fraction,15872,0.07695312798023224,f2021,44
train/clip_fraction,16384,0.08124999701976776,f2021,44
train/clip_fraction,16896,0.08515624701976776,f2021,44
train/clip_fraction,17408,0.07539062201976776,f2021,44
train/clip_fraction,17920,0.05605468899011612,f2021,44
train/clip_fraction,18432,0.08476562798023224,f2021,44
train/clip_fraction,18944,0.06093750149011612,f2021,44
train/clip_fraction,19456,0.05859375,f2021,44
train/clip_fraction,19968,0.10292968899011612,f2021,44
train/clip_fraction,20480,0.02988281287252903,f2021,44
train/clip_fraction,20992,0.08828125149011612,f2021,44
train/clip_fraction,21504,0.0322265625,f2021,44
train/clip_fraction,22016,0.0830078125,f2021,44
train/clip_fraction,22528,0.11015625298023224,f2021,44
train/clip_fraction,23040,0.10722656548023224,f2021,44
train/clip_fraction,23552,0.07207031548023224,f2021,44
train/clip_fraction,24064,0.08847656100988388,f2021,44
train/clip_fraction,24576,0.11601562798023224,f2021,44
train/clip_range,1024,0.20000000298023224,f2021,44
train/clip_range,1536,0.20000000298023224,f2021,44
train/clip_range,2048,0.20000000298023224,f2021,44
train/clip_range,2560,0.20000000298023224,f2021,44
train/clip_range,3072,0.20000000298023224,f2021,44
train/clip_range,3584,0.20000000298023224,f2021,44
train/clip_range,4096,0.20000000298023224,f2021,44
train/clip_range,4608,0.20000000298023224,f2021,44
train/clip_range,5120,0.20000000298023224,f2021,44
train/clip_range,5632,0.20000000298023224,f2021,44
train/clip_range,6144,0.20000000298023224,f2021,44
train/clip_range,6656,0.20000000298023224,f2021,44
train/clip_range,7168,0.20000000298023224,f2021,44
train/clip_range,7680,0.20000000298023224,f2021,44
train/clip_range,8192,0.20000000298023224,f2021,44
train/clip_range,8704,0.20000000298023224,f2021,44
train/clip_range,9216,0.20000000298023224,f2021,44
train/clip_range,9728,0.20000000298023224,f2021,44
train/clip_range,10240,0.20000000298023224,f2021,44
train/clip_range,10752,0.20000000298023224,f2021,44
train/clip_range,11264,0.20000000298023224,f2021,44
train/clip_range,11776,0.20000000298023224,f2021,44
train/clip_range,12288,0.20000000298023224,f2021,44
train/clip_range,12800,0.20000000298023224,f2021,44
train/clip_range,13312,0.20000000298023224,f2021,44
train/clip_range,13824,0.20000000298023224,f2021,44
train/clip_range,14336,0.20000000298023224,f2021,44
train/clip_range,14848,0.20000000298023224,f2021,44
train/clip_range,15360,0.20000000298023224,f2021,44
train/clip_range,15872,0.20000000298023224,f2021,44
train/clip_range,16384,0.20000000298023224,f2021,44
train/clip_range,16896,0.20000000298023224,f2021,44
train/clip_range,17408,0.20000000298023224,f2021,44
train/clip_range,17920,0.20000000298023224,f2021,44
train/clip_range,18432,0.20000000298023224,f2021,44
train/clip_range,18944,0.20000000298023224,f2021,44
train/clip_range,19456,0.20000000298023224,f2021,44
train/clip_range,19968,0.20000000298023224,f2021,44
train/clip_range,20480,0.20000000298023224,f2021,44
train/clip_range,20992,0.20000000298023224,f2021,44
train/clip_range,21504,0.20000000298023224,f2021,44
train/clip_range,22016,0.20000000298023224,f2021,44
train/clip_range,22528,0.20000000298023224,f2021,44
train/clip_range,23040,0.20000000298023224,f2021,44
train/clip_range,23552,0.20000000298023224,f2021,44
train/clip_range,24064,0.20000000298023224,f2021,44
train/clip_range,24576,0.20000000298023224,f2021,44
train/entropy_loss,1024,-3.6710426807403564,f2021,44
train/entropy_loss,1536,-3.6625192165374756,f2021,44
train/entropy_loss,2048,-3.6562259197235107,f2021,44
train/entropy_loss,2560,-3.6338510513305664,f2021,44
train/entropy_loss,3072,-3.6034932136535645,f2021,44
train/entropy_loss,3584,-3.575213670730591,f2021,44
train/entropy_loss,4096,-3.558995485305786,f2021,44
train/entropy_loss,4608,-3.5331192016601562,f2021,44
train/entropy_loss,5120,-3.5047810077667236,f2021,44
train/entropy_loss,5632,-3.4802656173706055,f2021,44
train/entropy_loss,6144,-3.4538683891296387,f2021,44
train/entropy_loss,6656,-3.4301044940948486,f2021,44
train/entropy_loss,7168,-3.4145679473876953,f2021,44
train/entropy_loss,7680,-3.3984997272491455,f2021,44
train/entropy_loss,8192,-3.3760159015655518,f2021,44
train/entropy_loss,8704,-3.358173370361328,f2021,44
train/entropy_loss,9216,-3.3369317054748535,f2021,44
train/entropy_loss,9728,-3.308681011199951,f2021,44
train/entropy_loss,10240,-3.2863924503326416,f2021,44
train/entropy_loss,10752,-3.27543306350708,f2021,44
train/entropy_loss,11264,-3.25614333152771,f2021,44
train/entropy_loss,11776,-3.234074592590332,f2021,44
train/entropy_loss,12288,-3.205320119857788,f2021,44
train/entropy_loss,12800,-3.1742241382598877,f2021,44
train/entropy_loss,13312,-3.1506264209747314,f2021,44
train/entropy_loss,13824,-3.129823684692383,f2021,44
train/entropy_loss,14336,-3.102940082550049,f2021,44
train/entropy_loss,14848,-3.0796380043029785,f2021,44
train/entropy_loss,15360,-3.057788372039795,f2021,44
train/entropy_loss,15872,-3.0365729331970215,f2021,44
train/entropy_loss,16384,-3.0133402347564697,f2021,44
train/entropy_loss,16896,-2.9892075061798096,f2021,44
train/entropy_loss,17408,-2.9640467166900635,f2021,44
train/entropy_loss,17920,-2.9421799182891846,f2021,44
train/entropy_loss,18432,-2.924129009246826,f2021,44
train/entropy_loss,18944,-2.9034740924835205,f2021,44
train/entropy_loss,19456,-2.8819520473480225,f2021,44
train/entropy_loss,19968,-2.856973886489868,f2021,44
train/entropy_loss,20480,-2.835542678833008,f2021,44
train/entropy_loss,20992,-2.818157196044922,f2021,44
train/entropy_loss,21504,-2.8017609119415283,f2021,44
train/entropy_loss,22016,-2.7784759998321533,f2021,44
train/entropy_loss,22528,-2.7498230934143066,f2021,44
train/entropy_loss,23040,-2.72251033782959,f2021,44
train/entropy_loss,23552,-2.7114646434783936,f2021,44
train/entropy_loss,24064,-2.697479248046875,f2021,44
train/entropy_loss,24576,-2.677351951599121,f2021,44
train/explained_variance,1024,-17.352981567382812,f2021,44
train/explained_variance,1536,-7.266551971435547,f2021,44
train/explained_variance,2048,-2.2596676349639893,f2021,44
train/explained_variance,2560,-1.6186332702636719,f2021,44
train/explained_variance,3072,-0.9581618309020996,f2021,44
train/explained_variance,3584,-1.2268764972686768,f2021,44
train/explained_variance,4096,-1.6801142692565918,f2021,44
train/explained_variance,4608,-1.3247137069702148,f2021,44
train/explained_variance,5120,-1.0213520526885986,f2021,44
train/explained_variance,5632,-1.2400128841400146,f2021,44
train/explained_variance,6144,-1.4098401069641113,f2021,44
train/explained_variance,6656,-0.9988505840301514,f2021,44
train/explained_variance,7168,-0.7822291851043701,f2021,44
train/explained_variance,7680,-0.5475810766220093,f2021,44
train/explained_variance,8192,-0.7345898151397705,f2021,44
train/explained_variance,8704,-0.5999845266342163,f2021,44
train/explained_variance,9216,-0.5274827480316162,f2021,44
train/explained_variance,9728,-0.4071650505065918,f2021,44
train/explained_variance,10240,-0.3887251615524292,f2021,44
train/explained_variance,10752,-0.13525676727294922,f2021,44
train/explained_variance,11264,-0.5649038553237915,f2021,44
train/explained_variance,11776,-0.28369176387786865,f2021,44
train/explained_variance,12288,-0.249170184135437,f2021,44
train/explained_variance,12800,-0.1507352590560913,f2021,44
train/explained_variance,13312,-0.1465599536895752,f2021,44
train/explained_variance,13824,-0.12980031967163086,f2021,44
train/explained_variance,14336,0.03760874271392822,f2021,44
train/explained_variance,14848,-0.11405277252197266,f2021,44
train/explained_variance,15360,0.0028129220008850098,f2021,44
train/explained_variance,15872,-0.2887752056121826,f2021,44
train/explained_variance,16384,-0.07869696617126465,f2021,44
train/explained_variance,16896,-0.045621633529663086,f2021,44
train/explained_variance,17408,-0.15824472904205322,f2021,44
train/explained_variance,17920,-0.03378927707672119,f2021,44
train/explained_variance,18432,-0.09503781795501709,f2021,44
train/explained_variance,18944,0.04285311698913574,f2021,44
train/explained_variance,19456,-0.013825297355651855,f2021,44
train/explained_variance,19968,-0.03913557529449463,f2021,44
train/explained_variance,20480,0.03857731819152832,f2021,44
train/explained_variance,20992,0.019411563873291016,f2021,44
train/explained_variance,21504,-0.01883399486541748,f2021,44
train/explained_variance,22016,-0.13566136360168457,f2021,44
train/explained_variance,22528,-0.0007731914520263672,f2021,44
train/explained_variance,23040,0.007361114025115967,f2021,44
train/explained_variance,23552,0.025726258754730225,f2021,44
train/explained_variance,24064,0.0642969012260437,f2021,44
train/explained_variance,24576,0.01891404390335083,f2021,44
train/learning_rate,1024,0.0003000000142492354,f2021,44
train/learning_rate,1536,0.0003000000142492354,f2021,44
train/learning_rate,2048,0.0003000000142492354,f2021,44
train/learning_rate,2560,0.0003000000142492354,f2021,44
train/learning_rate,3072,0.0003000000142492354,f2021,44
train/learning_rate,3584,0.0003000000142492354,f2021,44
train/learning_rate,4096,0.0003000000142492354,f2021,44
train/learning_rate,4608,0.0003000000142492354,f2021,44
train/learning_rate,5120,0.0003000000142492354,f2021,44
train/learning_rate,5632,0.0003000000142492354,f2021,44
train/learning_rate,6144,0.0003000000142492354,f2021,44
train/learning_rate,6656,0.0003000000142492354,f2021,44
train/learning_rate,7168,0.0003000000142492354,f2021,44
train/learning_rate,7680,0.0003000000142492354,f2021,44
train/learning_rate,8192,0.0003000000142492354,f2021,44
train/learning_rate,8704,0.0003000000142492354,f2021,44
train/learning_rate,9216,0.0003000000142492354,f2021,44
train/learning_rate,9728,0.0003000000142492354,f2021,44
train/learning_rate,10240,0.0003000000142492354,f2021,44
train/learning_rate,10752,0.0003000000142492354,f2021,44
train/learning_rate,11264,0.0003000000142492354,f2021,44
train/learning_rate,11776,0.0003000000142492354,f2021,44
train/learning_rate,12288,0.0003000000142492354,f2021,44
train/learning_rate,12800,0.0003000000142492354,f2021,44
train/learning_rate,13312,0.0003000000142492354,f2021,44
train/learning_rate,13824,0.0003000000142492354,f2021,44
train/learning_rate,14336,0.0003000000142492354,f2021,44
train/learning_rate,14848,0.0003000000142492354,f2021,44
train/learning_rate,15360,0.0003000000142492354,f2021,44
train/learning_rate,15872,0.0003000000142492354,f2021,44
train/learning_rate,16384,0.0003000000142492354,f2021,44
train/learning_rate,16896,0.0003000000142492354,f2021,44
train/learning_rate,17408,0.0003000000142492354,f2021,44
train/learning_rate,17920,0.0003000000142492354,f2021,44
train/learning_rate,18432,0.0003000000142492354,f2021,44
train/learning_rate,18944,0.0003000000142492354,f2021,44
train/learning_rate,19456,0.0003000000142492354,f2021,44
train/learning_rate,19968,0.0003000000142492354,f2021,44
train/learning_rate,20480,0.0003000000142492354,f2021,44
train/learning_rate,20992,0.0003000000142492354,f2021,44
train/learning_rate,21504,0.0003000000142492354,f2021,44
train/learning_rate,22016,0.0003000000142492354,f2021,44
train/learning_rate,22528,0.0003000000142492354,f2021,44
train/learning_rate,23040,0.0003000000142492354,f2021,44
train/learning_rate,23552,0.0003000000142492354,f2021,44
train/learning_rate,24064,0.0003000000142492354,f2021,44
train/learning_rate,24576,0.0003000000142492354,f2021,44
train/loss,1024,0.5867115259170532,f2021,44
train/loss,1536,0.43198856711387634,f2021,44
train/loss,2048,0.3059995770454407,f2021,44
train/loss,2560,0.23391926288604736,f2021,44
train/loss,3072,0.10096840560436249,f2021,44
train/loss,3584,0.035918839275836945,f2021,44
train/loss,4096,-0.0010917335748672485,f2021,44
train/loss,4608,-0.013628538697957993,f2021,44
train/loss,5120,-0.017402106896042824,f2021,44
train/loss,5632,-0.003080228343605995,f2021,44
train/loss,6144,-0.021025873720645905,f2021,44
train/loss,6656,-0.03428807854652405,f2021,44
train/loss,7168,-0.020853618159890175,f2021,44
train/loss,7680,-0.015462184324860573,f2021,44
train/loss,8192,-0.031410738825798035,f2021,44
train/loss,8704,-0.013021599501371384,f2021,44
train/loss,9216,-0.030679229646921158,f2021,44
train/loss,9728,-0.03151800483465195,f2021,44
train/loss,10240,-0.020899470895528793,f2021,44
train/loss,10752,-0.02717120572924614,f2021,44
train/loss,11264,-0.020266758278012276,f2021,44
train/loss,11776,0.003247390501201153,f2021,44
train/loss,12288,-0.016950612887740135,f2021,44
train/loss,12800,-0.015050015412271023,f2021,44
train/loss,13312,-0.03617614507675171,f2021,44
train/loss,13824,-0.04541168361902237,f2021,44
train/loss,14336,-0.012652328237891197,f2021,44
train/loss,14848,-0.023592714220285416,f2021,44
train/loss,15360,-0.027185961604118347,f2021,44
train/loss,15872,-0.030758826062083244,f2021,44
train/loss,16384,-0.03800863400101662,f2021,44
train/loss,16896,-0.013749530538916588,f2021,44
train/loss,17408,-0.011756268329918385,f2021,44
train/loss,17920,-0.022513248026371002,f2021,44
train/loss,18432,-0.0037416890263557434,f2021,44
train/loss,18944,0.002654728479683399,f2021,44
train/loss,19456,-0.015994761139154434,f2021,44
train/loss,19968,-0.01973753236234188,f2021,44
train/loss,20480,-0.015377134084701538,f2021,44
train/loss,20992,-0.032813042402267456,f2021,44
train/loss,21504,-0.009500578045845032,f2021,44
train/loss,22016,-0.015641257166862488,f2021,44
train/loss,22528,-0.039572641253471375,f2021,44
train/loss,23040,-0.015066836029291153,f2021,44
train/loss,23552,-0.028983235359191895,f2021,44
train/loss,24064,-0.024801667779684067,f2021,44
train/loss,24576,-0.03870416060090065,f2021,44
train/policy_gradient_loss,1024,-0.01541957538574934,f2021,44
train/policy_gradient_loss,1536,-0.011712688952684402,f2021,44
train/policy_gradient_loss,2048,-0.020606085658073425,f2021,44
train/policy_gradient_loss,2560,-0.019498948007822037,f2021,44
train/policy_gradient_loss,3072,-0.02377585507929325,f2021,44
train/policy_gradient_loss,3584,-0.023503189906477928,f2021,44
train/policy_gradient_loss,4096,-0.02260425314307213,f2021,44
train/policy_gradient_loss,4608,-0.027218205854296684,f2021,44
train/policy_gradient_loss,5120,-0.02184147946536541,f2021,44
train/policy_gradient_loss,5632,-0.019170662388205528,f2021,44
train/policy_gradient_loss,6144,-0.023015759885311127,f2021,44
train/policy_gradient_loss,6656,-0.023516660556197166,f2021,44
train/policy_gradient_loss,7168,-0.020726261660456657,f2021,44
train/policy_gradient_loss,7680,-0.013775891624391079,f2021,44
train/policy_gradient_loss,8192,-0.01848294772207737,f2021,44
train/policy_gradient_loss,8704,-0.01762470230460167,f2021,44
train/policy_gradient_loss,9216,-0.020475206896662712,f2021,44
train/policy_gradient_loss,9728,-0.014655604027211666,f2021,44
train/policy_gradient_loss,10240,-0.01695895940065384,f2021,44
train/policy_gradient_loss,10752,-0.023107100278139114,f2021,44
train/policy_gradient_loss,11264,-0.013311539776623249,f2021,44
train/policy_gradient_loss,11776,-0.010880627669394016,f2021,44
train/policy_gradient_loss,12288,-0.015821659937500954,f2021,44
train/policy_gradient_loss,12800,-0.014812549576163292,f2021,44
train/policy_gradient_loss,13312,-0.022204507142305374,f2021,44
train/policy_gradient_loss,13824,-0.024720212444663048,f2021,44
train/policy_gradient_loss,14336,-0.01958678476512432,f2021,44
train/policy_gradient_loss,14848,-0.013800435699522495,f2021,44
train/policy_gradient_loss,15360,-0.01904953084886074,f2021,44
train/policy_gradient_loss,15872,-0.019531218335032463,f2021,44
train/policy_gradient_loss,16384,-0.020175624638795853,f2021,44
train/policy_gradient_loss,16896,-0.020855924114584923,f2021,44
train/policy_gradient_loss,17408,-0.015894252806901932,f2021,44
train/policy_gradient_loss,17920,-0.01489921286702156,f2021,44
train/policy_gradient_loss,18432,-0.016605205833911896,f2021,44
train/policy_gradient_loss,18944,-0.017729248851537704,f2021,44
train/policy_gradient_loss,19456,-0.015019135549664497,f2021,44
train/policy_gradient_loss,19968,-0.02139681577682495,f2021,44
train/policy_gradient_loss,20480,-0.014825956895947456,f2021,44
train/policy_gradient_loss,20992,-0.01783054880797863,f2021,44
train/policy_gradient_loss,21504,-0.01266010943800211,f2021,44
train/policy_gradient_loss,22016,-0.021058186888694763,f2021,44
train/policy_gradient_loss,22528,-0.021385272964835167,f2021,44
train/policy_gradient_loss,23040,-0.021634887903928757,f2021,44
train/policy_gradient_loss,23552,-0.017865639179944992,f2021,44
train/policy_gradient_loss,24064,-0.01753247156739235,f2021,44
train/policy_gradient_loss,24576,-0.028212349861860275,f2021,44
train/std,1024,0.6047843098640442,f2021,44
train/std,1536,0.6044953465461731,f2021,44
train/std,2048,0.6023806929588318,f2021,44
train/std,2560,0.5982587337493896,f2021,44
train/std,3072,0.5931581854820251,f2021,44
train/std,3584,0.5908221006393433,f2021,44
train/std,4096,0.5884095430374146,f2021,44
train/std,4608,0.5835907459259033,f2021,44
train/std,5120,0.5804677605628967,f2021,44
train/std,5632,0.576723039150238,f2021,44
train/std,6144,0.57286137342453,f2021,44
train/std,6656,0.5704641342163086,f2021,44
train/std,7168,0.5688888430595398,f2021,44
train/std,7680,0.5660065412521362,f2021,44
train/std,8192,0.5634298920631409,f2021,44
train/std,8704,0.561442494392395,f2021,44
train/std,9216,0.5578076243400574,f2021,44
train/std,9728,0.5538762807846069,f2021,44
train/std,10240,0.5528047680854797,f2021,44
train/std,10752,0.5505936145782471,f2021,44
train/std,11264,0.5481444597244263,f2021,44
train/std,11776,0.5447782278060913,f2021,44
train/std,12288,0.5403255224227905,f2021,44
train/std,12800,0.5368406176567078,f2021,44
train/std,13312,0.5346071124076843,f2021,44
train/std,13824,0.5313132405281067,f2021,44
train/std,14336,0.5282119512557983,f2021,44
train/std,14848,0.5253744125366211,f2021,44
train/std,15360,0.5228461623191833,f2021,44
train/std,15872,0.5200848579406738,f2021,44
train/std,16384,0.5174087285995483,f2021,44
train/std,16896,0.5143846273422241,f2021,44
train/std,17408,0.5113604664802551,f2021,44
train/std,17920,0.5096092224121094,f2021,44
train/std,18432,0.5072344541549683,f2021,44
train/std,18944,0.5049852132797241,f2021,44
train/std,19456,0.5020386576652527,f2021,44
train/std,19968,0.49936410784721375,f2021,44
train/std,20480,0.4973872900009155,f2021,44
train/std,20992,0.4959367513656616,f2021,44
train/std,21504,0.4937136173248291,f2021,44
train/std,22016,0.4906099736690521,f2021,44
train/std,22528,0.4871373176574707,f2021,44
train/std,23040,0.484497606754303,f2021,44
train/std,23552,0.48407459259033203,f2021,44
train/std,24064,0.4817674458026886,f2021,44
train/std,24576,0.48050740361213684,f2021,44
train/value_loss,1024,1.533424735069275,f2021,44
train/value_loss,1536,1.093552827835083,f2021,44
train/value_loss,2048,0.8340834975242615,f2021,44
train/value_loss,2560,0.6459932327270508,f2021,44
train/value_loss,3072,0.43263405561447144,f2021,44
train/value_loss,3584,0.23557282984256744,f2021,44
train/value_loss,4096,0.10368840396404266,f2021,44
train/value_loss,4608,0.06053408980369568,f2021,44
train/value_loss,5120,0.04390864446759224,f2021,44
train/value_loss,5632,0.04430325701832771,f2021,44
train/value_loss,6144,0.04508328437805176,f2021,44
train/value_loss,6656,0.03325130417943001,f2021,44
train/value_loss,7168,0.036000676453113556,f2021,44
train/value_loss,7680,0.03368893638253212,f2021,44
train/value_loss,8192,0.03855729475617409,f2021,44
train/value_loss,8704,0.034176383167505264,f2021,44
train/value_loss,9216,0.029020454734563828,f2021,44
train/value_loss,9728,0.029899120330810547,f2021,44
train/value_loss,10240,0.029910115525126457,f2021,44
train/value_loss,10752,0.03251799941062927,f2021,44
train/value_loss,11264,0.02480241097509861,f2021,44
train/value_loss,11776,0.026396768167614937,f2021,44
train/value_loss,12288,0.027387935668230057,f2021,44
train/value_loss,12800,0.024662120267748833,f2021,44
train/value_loss,13312,0.019800730049610138,f2021,44
train/value_loss,13824,0.025136074051260948,f2021,44
train/value_loss,14336,0.01911688596010208,f2021,44
train/value_loss,14848,0.020320745185017586,f2021,44
train/value_loss,15360,0.024708859622478485,f2021,44
train/value_loss,15872,0.022486504167318344,f2021,44
train/value_loss,16384,0.022230448201298714,f2021,44
train/value_loss,16896,0.02228632941842079,f2021,44
train/value_loss,17408,0.02273258939385414,f2021,44
train/value_loss,17920,0.0162823386490345,f2021,44
train/value_loss,18432,0.019305910915136337,f2021,44
train/value_loss,18944,0.0167679525911808,f2021,44
train/value_loss,19456,0.019693801179528236,f2021,44
train/value_loss,19968,0.0196207445114851,f2021,44
train/value_loss,20480,0.017167281359434128,f2021,44
train/value_loss,20992,0.021352769806981087,f2021,44
train/value_loss,21504,0.018890101462602615,f2021,44
train/value_loss,22016,0.01624785177409649,f2021,44
train/value_loss,22528,0.016254859045147896,f2021,44
train/value_loss,23040,0.015687337145209312,f2021,44
train/value_loss,23552,0.01827891916036606,f2021,44
train/value_loss,24064,0.01326679065823555,f2021,44
train/value_loss,24576,0.017990995198488235,f2021,44
rollout/ep_len_mean,512,1.0,f2021,45
rollout/ep_len_mean,1024,1.0,f2021,45
rollout/ep_len_mean,1536,1.0,f2021,45
rollout/ep_len_mean,2048,1.0,f2021,45
rollout/ep_len_mean,2560,1.0,f2021,45
rollout/ep_len_mean,3072,1.0,f2021,45
rollout/ep_len_mean,3584,1.0,f2021,45
rollout/ep_len_mean,4096,1.0,f2021,45
rollout/ep_len_mean,4608,1.0,f2021,45
rollout/ep_len_mean,5120,1.0,f2021,45
rollout/ep_len_mean,5632,1.0,f2021,45
rollout/ep_len_mean,6144,1.0,f2021,45
rollout/ep_len_mean,6656,1.0,f2021,45
rollout/ep_len_mean,7168,1.0,f2021,45
rollout/ep_len_mean,7680,1.0,f2021,45
rollout/ep_len_mean,8192,1.0,f2021,45
rollout/ep_len_mean,8704,1.0,f2021,45
rollout/ep_len_mean,9216,1.0,f2021,45
rollout/ep_len_mean,9728,1.0,f2021,45
rollout/ep_len_mean,10240,1.0,f2021,45
rollout/ep_len_mean,10752,1.0,f2021,45
rollout/ep_len_mean,11264,1.0,f2021,45
rollout/ep_len_mean,11776,1.0,f2021,45
rollout/ep_len_mean,12288,1.0,f2021,45
rollout/ep_len_mean,12800,1.0,f2021,45
rollout/ep_len_mean,13312,1.0,f2021,45
rollout/ep_len_mean,13824,1.0,f2021,45
rollout/ep_len_mean,14336,1.0,f2021,45
rollout/ep_len_mean,14848,1.0,f2021,45
rollout/ep_len_mean,15360,1.0,f2021,45
rollout/ep_len_mean,15872,1.0,f2021,45
rollout/ep_len_mean,16384,1.0,f2021,45
rollout/ep_len_mean,16896,1.0,f2021,45
rollout/ep_len_mean,17408,1.0,f2021,45
rollout/ep_len_mean,17920,1.0,f2021,45
rollout/ep_rew_mean,512,1.1733098030090332,f2021,45
rollout/ep_rew_mean,1024,1.1452330350875854,f2021,45
rollout/ep_rew_mean,1536,1.1743321418762207,f2021,45
rollout/ep_rew_mean,2048,1.1695773601531982,f2021,45
rollout/ep_rew_mean,2560,1.169155240058899,f2021,45
rollout/ep_rew_mean,3072,1.1786774396896362,f2021,45
rollout/ep_rew_mean,3584,1.1766222715377808,f2021,45
rollout/ep_rew_mean,4096,1.197584867477417,f2021,45
rollout/ep_rew_mean,4608,1.190787672996521,f2021,45
rollout/ep_rew_mean,5120,1.2209163904190063,f2021,45
rollout/ep_rew_mean,5632,1.1941004991531372,f2021,45
rollout/ep_rew_mean,6144,1.1982563734054565,f2021,45
rollout/ep_rew_mean,6656,1.2131038904190063,f2021,45
rollout/ep_rew_mean,7168,1.2378774881362915,f2021,45
rollout/ep_rew_mean,7680,1.1945340633392334,f2021,45
rollout/ep_rew_mean,8192,1.2110199928283691,f2021,45
rollout/ep_rew_mean,8704,1.233025074005127,f2021,45
rollout/ep_rew_mean,9216,1.2139554023742676,f2021,45
rollout/ep_rew_mean,9728,1.196307897567749,f2021,45
rollout/ep_rew_mean,10240,1.1843466758728027,f2021,45
rollout/ep_rew_mean,10752,1.2069542407989502,f2021,45
rollout/ep_rew_mean,11264,1.2078304290771484,f2021,45
rollout/ep_rew_mean,11776,1.2123035192489624,f2021,45
rollout/ep_rew_mean,12288,1.2106201648712158,f2021,45
rollout/ep_rew_mean,12800,1.2295000553131104,f2021,45
rollout/ep_rew_mean,13312,1.2327134609222412,f2021,45
rollout/ep_rew_mean,13824,1.2148687839508057,f2021,45
rollout/ep_rew_mean,14336,1.1852550506591797,f2021,45
rollout/ep_rew_mean,14848,1.2137253284454346,f2021,45
rollout/ep_rew_mean,15360,1.2143851518630981,f2021,45
rollout/ep_rew_mean,15872,1.1962443590164185,f2021,45
rollout/ep_rew_mean,16384,1.2353812456130981,f2021,45
rollout/ep_rew_mean,16896,1.242954969406128,f2021,45
rollout/ep_rew_mean,17408,1.2292696237564087,f2021,45
rollout/ep_rew_mean,17920,1.1826283931732178,f2021,45
time/fps,512,6.0,f2021,45
time/fps,1024,5.0,f2021,45
time/fps,1536,5.0,f2021,45
time/fps,2048,5.0,f2021,45
time/fps,2560,5.0,f2021,45
time/fps,3072,5.0,f2021,45
time/fps,3584,5.0,f2021,45
time/fps,4096,5.0,f2021,45
time/fps,4608,5.0,f2021,45
time/fps,5120,5.0,f2021,45
time/fps,5632,5.0,f2021,45
time/fps,6144,5.0,f2021,45
time/fps,6656,5.0,f2021,45
time/fps,7168,5.0,f2021,45
time/fps,7680,5.0,f2021,45
time/fps,8192,5.0,f2021,45
time/fps,8704,5.0,f2021,45
time/fps,9216,5.0,f2021,45
time/fps,9728,5.0,f2021,45
time/fps,10240,5.0,f2021,45
time/fps,10752,5.0,f2021,45
time/fps,11264,5.0,f2021,45
time/fps,11776,5.0,f2021,45
time/fps,12288,5.0,f2021,45
time/fps,12800,5.0,f2021,45
time/fps,13312,6.0,f2021,45
time/fps,13824,6.0,f2021,45
time/fps,14336,6.0,f2021,45
time/fps,14848,6.0,f2021,45
time/fps,15360,6.0,f2021,45
time/fps,15872,6.0,f2021,45
time/fps,16384,6.0,f2021,45
time/fps,16896,6.0,f2021,45
time/fps,17408,6.0,f2021,45
time/fps,17920,6.0,f2021,45
train/approx_kl,1024,0.006078789941966534,f2021,45
train/approx_kl,1536,0.006280859932303429,f2021,45
train/approx_kl,2048,0.00913223810493946,f2021,45
train/approx_kl,2560,0.01074962317943573,f2021,45
train/approx_kl,3072,0.011829854920506477,f2021,45
train/approx_kl,3584,0.009750362485647202,f2021,45
train/approx_kl,4096,0.011210057884454727,f2021,45
train/approx_kl,4608,0.01620526984333992,f2021,45
train/approx_kl,5120,0.013278879225254059,f2021,45
train/approx_kl,5632,0.01736373081803322,f2021,45
train/approx_kl,6144,0.013139355927705765,f2021,45
train/approx_kl,6656,0.009925996884703636,f2021,45
train/approx_kl,7168,0.010206570848822594,f2021,45
train/approx_kl,7680,0.012079554609954357,f2021,45
train/approx_kl,8192,0.010538488626480103,f2021,45
train/approx_kl,8704,0.009967014193534851,f2021,45
train/approx_kl,9216,0.010806482285261154,f2021,45
train/approx_kl,9728,0.012561915442347527,f2021,45
train/approx_kl,10240,0.010970274917781353,f2021,45
train/approx_kl,10752,0.011248789727687836,f2021,45
train/approx_kl,11264,0.010244003497064114,f2021,45
train/approx_kl,11776,0.011133790016174316,f2021,45
train/approx_kl,12288,0.009546375833451748,f2021,45
train/approx_kl,12800,0.009001935832202435,f2021,45
train/approx_kl,13312,0.009336046874523163,f2021,45
train/approx_kl,13824,0.011803855188190937,f2021,45
train/approx_kl,14336,0.010920395143330097,f2021,45
train/approx_kl,14848,0.011774417012929916,f2021,45
train/approx_kl,15360,0.010250485502183437,f2021,45
train/approx_kl,15872,0.010855444706976414,f2021,45
train/approx_kl,16384,0.012063983827829361,f2021,45
train/approx_kl,16896,0.013356688432395458,f2021,45
train/approx_kl,17408,0.011633805930614471,f2021,45
train/approx_kl,17920,0.009346704930067062,f2021,45
train/clip_fraction,1024,0.0185546875,f2021,45
train/clip_fraction,1536,0.01953125,f2021,45
train/clip_fraction,2048,0.03984374925494194,f2021,45
train/clip_fraction,2560,0.0537109375,f2021,45
train/clip_fraction,3072,0.05429687350988388,f2021,45
train/clip_fraction,3584,0.04355468600988388,f2021,45
train/clip_fraction,4096,0.07929687201976776,f2021,45
train/clip_fraction,4608,0.0947265625,f2021,45
train/clip_fraction,5120,0.08828125149011612,f2021,45
train/clip_fraction,5632,0.11054687201976776,f2021,45
train/clip_fraction,6144,0.0673828125,f2021,45
train/clip_fraction,6656,0.05449218675494194,f2021,45
train/clip_fraction,7168,0.0966796875,f2021,45
train/clip_fraction,7680,0.08925781399011612,f2021,45
train/clip_fraction,8192,0.05351562425494194,f2021,45
train/clip_fraction,8704,0.06699218600988388,f2021,45
train/clip_fraction,9216,0.07402344048023224,f2021,45
train/clip_fraction,9728,0.0859375,f2021,45
train/clip_fraction,10240,0.0732421875,f2021,45
train/clip_fraction,10752,0.05703125149011612,f2021,45
train/clip_fraction,11264,0.06210937350988388,f2021,45
train/clip_fraction,11776,0.05312500149011612,f2021,45
train/clip_fraction,12288,0.06132812425494194,f2021,45
train/clip_fraction,12800,0.0556640625,f2021,45
train/clip_fraction,13312,0.06425781548023224,f2021,45
train/clip_fraction,13824,0.07792969048023224,f2021,45
train/clip_fraction,14336,0.05839843675494194,f2021,45
train/clip_fraction,14848,0.06972656399011612,f2021,45
train/clip_fraction,15360,0.05781250074505806,f2021,45
train/clip_fraction,15872,0.05644531175494194,f2021,45
train/clip_fraction,16384,0.0712890625,f2021,45
train/clip_fraction,16896,0.08632812649011612,f2021,45
train/clip_fraction,17408,0.09316406399011612,f2021,45
train/clip_fraction,17920,0.05976562574505806,f2021,45
train/clip_range,1024,0.20000000298023224,f2021,45
train/clip_range,1536,0.20000000298023224,f2021,45
train/clip_range,2048,0.20000000298023224,f2021,45
train/clip_range,2560,0.20000000298023224,f2021,45
train/clip_range,3072,0.20000000298023224,f2021,45
train/clip_range,3584,0.20000000298023224,f2021,45
train/clip_range,4096,0.20000000298023224,f2021,45
train/clip_range,4608,0.20000000298023224,f2021,45
train/clip_range,5120,0.20000000298023224,f2021,45
train/clip_range,5632,0.20000000298023224,f2021,45
train/clip_range,6144,0.20000000298023224,f2021,45
train/clip_range,6656,0.20000000298023224,f2021,45
train/clip_range,7168,0.20000000298023224,f2021,45
train/clip_range,7680,0.20000000298023224,f2021,45
train/clip_range,8192,0.20000000298023224,f2021,45
train/clip_range,8704,0.20000000298023224,f2021,45
train/clip_range,9216,0.20000000298023224,f2021,45
train/clip_range,9728,0.20000000298023224,f2021,45
train/clip_range,10240,0.20000000298023224,f2021,45
train/clip_range,10752,0.20000000298023224,f2021,45
train/clip_range,11264,0.20000000298023224,f2021,45
train/clip_range,11776,0.20000000298023224,f2021,45
train/clip_range,12288,0.20000000298023224,f2021,45
train/clip_range,12800,0.20000000298023224,f2021,45
train/clip_range,13312,0.20000000298023224,f2021,45
train/clip_range,13824,0.20000000298023224,f2021,45
train/clip_range,14336,0.20000000298023224,f2021,45
train/clip_range,14848,0.20000000298023224,f2021,45
train/clip_range,15360,0.20000000298023224,f2021,45
train/clip_range,15872,0.20000000298023224,f2021,45
train/clip_range,16384,0.20000000298023224,f2021,45
train/clip_range,16896,0.20000000298023224,f2021,45
train/clip_range,17408,0.20000000298023224,f2021,45
train/clip_range,17920,0.20000000298023224,f2021,45
train/entropy_loss,1024,-3.6664304733276367,f2021,45
train/entropy_loss,1536,-3.64103102684021,f2021,45
train/entropy_loss,2048,-3.6094090938568115,f2021,45
train/entropy_loss,2560,-3.5860238075256348,f2021,45
train/entropy_loss,3072,-3.5503883361816406,f2021,45
train/entropy_loss,3584,-3.5279009342193604,f2021,45
train/entropy_loss,4096,-3.501204490661621,f2021,45
train/entropy_loss,4608,-3.4661803245544434,f2021,45
train/entropy_loss,5120,-3.4378395080566406,f2021,45
train/entropy_loss,5632,-3.400831937789917,f2021,45
train/entropy_loss,6144,-3.371190309524536,f2021,45
train/entropy_loss,6656,-3.3408188819885254,f2021,45
train/entropy_loss,7168,-3.3074753284454346,f2021,45
train/entropy_loss,7680,-3.283515453338623,f2021,45
train/entropy_loss,8192,-3.2678234577178955,f2021,45
train/entropy_loss,8704,-3.2520251274108887,f2021,45
train/entropy_loss,9216,-3.2242233753204346,f2021,45
train/entropy_loss,9728,-3.1969637870788574,f2021,45
train/entropy_loss,10240,-3.1705410480499268,f2021,45
train/entropy_loss,10752,-3.1470208168029785,f2021,45
train/entropy_loss,11264,-3.124774694442749,f2021,45
train/entropy_loss,11776,-3.1020009517669678,f2021,45
train/entropy_loss,12288,-3.0857551097869873,f2021,45
train/entropy_loss,12800,-3.0689644813537598,f2021,45
train/entropy_loss,13312,-3.052171468734741,f2021,45
train/entropy_loss,13824,-3.040475606918335,f2021,45
train/entropy_loss,14336,-3.018009901046753,f2021,45
train/entropy_loss,14848,-2.988983631134033,f2021,45
train/entropy_loss,15360,-2.969745397567749,f2021,45
train/entropy_loss,15872,-2.948854923248291,f2021,45
train/entropy_loss,16384,-2.9266462326049805,f2021,45
train/entropy_loss,16896,-2.9025187492370605,f2021,45
train/entropy_loss,17408,-2.876398801803589,f2021,45
train/entropy_loss,17920,-2.850088357925415,f2021,45
train/explained_variance,1024,-8.575807571411133,f2021,45
train/explained_variance,1536,-2.6824944019317627,f2021,45
train/explained_variance,2048,-1.1000354290008545,f2021,45
train/explained_variance,2560,-1.1533265113830566,f2021,45
train/explained_variance,3072,-0.9614272117614746,f2021,45
train/explained_variance,3584,-1.0279216766357422,f2021,45
train/explained_variance,4096,-1.524092674255371,f2021,45
train/explained_variance,4608,-1.6006436347961426,f2021,45
train/explained_variance,5120,-1.4506402015686035,f2021,45
train/explained_variance,5632,-1.1342206001281738,f2021,45
train/explained_variance,6144,-0.9027609825134277,f2021,45
train/explained_variance,6656,-0.9656780958175659,f2021,45
train/explained_variance,7168,-0.6035647392272949,f2021,45
train/explained_variance,7680,-0.4170340299606323,f2021,45
train/explained_variance,8192,-0.41230642795562744,f2021,45
train/explained_variance,8704,-0.6087546348571777,f2021,45
train/explained_variance,9216,-0.5120328664779663,f2021,45
train/explained_variance,9728,-0.3846113681793213,f2021,45
train/explained_variance,10240,-0.20682168006896973,f2021,45
train/explained_variance,10752,-0.1918424367904663,f2021,45
train/explained_variance,11264,-0.28208398818969727,f2021,45
train/explained_variance,11776,-0.3180285692214966,f2021,45
train/explained_variance,12288,-0.20963382720947266,f2021,45
train/explained_variance,12800,-0.18615853786468506,f2021,45
train/explained_variance,13312,-0.2668030261993408,f2021,45
train/explained_variance,13824,-0.36152756214141846,f2021,45
train/explained_variance,14336,-0.0748436450958252,f2021,45
train/explained_variance,14848,-0.2070552110671997,f2021,45
train/explained_variance,15360,0.06170016527175903,f2021,45
train/explained_variance,15872,-0.07251358032226562,f2021,45
train/explained_variance,16384,-0.05041956901550293,f2021,45
train/explained_variance,16896,-0.1082843542098999,f2021,45
train/explained_variance,17408,-0.17689919471740723,f2021,45
train/explained_variance,17920,-0.04069256782531738,f2021,45
train/learning_rate,1024,0.0003000000142492354,f2021,45
train/learning_rate,1536,0.0003000000142492354,f2021,45
train/learning_rate,2048,0.0003000000142492354,f2021,45
train/learning_rate,2560,0.0003000000142492354,f2021,45
train/learning_rate,3072,0.0003000000142492354,f2021,45
train/learning_rate,3584,0.0003000000142492354,f2021,45
train/learning_rate,4096,0.0003000000142492354,f2021,45
train/learning_rate,4608,0.0003000000142492354,f2021,45
train/learning_rate,5120,0.0003000000142492354,f2021,45
train/learning_rate,5632,0.0003000000142492354,f2021,45
train/learning_rate,6144,0.0003000000142492354,f2021,45
train/learning_rate,6656,0.0003000000142492354,f2021,45
train/learning_rate,7168,0.0003000000142492354,f2021,45
train/learning_rate,7680,0.0003000000142492354,f2021,45
train/learning_rate,8192,0.0003000000142492354,f2021,45
train/learning_rate,8704,0.0003000000142492354,f2021,45
train/learning_rate,9216,0.0003000000142492354,f2021,45
train/learning_rate,9728,0.0003000000142492354,f2021,45
train/learning_rate,10240,0.0003000000142492354,f2021,45
train/learning_rate,10752,0.0003000000142492354,f2021,45
train/learning_rate,11264,0.0003000000142492354,f2021,45
train/learning_rate,11776,0.0003000000142492354,f2021,45
train/learning_rate,12288,0.0003000000142492354,f2021,45
train/learning_rate,12800,0.0003000000142492354,f2021,45
train/learning_rate,13312,0.0003000000142492354,f2021,45
train/learning_rate,13824,0.0003000000142492354,f2021,45
train/learning_rate,14336,0.0003000000142492354,f2021,45
train/learning_rate,14848,0.0003000000142492354,f2021,45
train/learning_rate,15360,0.0003000000142492354,f2021,45
train/learning_rate,15872,0.0003000000142492354,f2021,45
train/learning_rate,16384,0.0003000000142492354,f2021,45
train/learning_rate,16896,0.0003000000142492354,f2021,45
train/learning_rate,17408,0.0003000000142492354,f2021,45
train/learning_rate,17920,0.0003000000142492354,f2021,45
train/loss,1024,0.6377590894699097,f2021,45
train/loss,1536,0.45654407143592834,f2021,45
train/loss,2048,0.3232506513595581,f2021,45
train/loss,2560,0.18345075845718384,f2021,45
train/loss,3072,0.08647619187831879,f2021,45
train/loss,3584,0.020314771682024002,f2021,45
train/loss,4096,-0.012991394847631454,f2021,45
train/loss,4608,-0.022628026083111763,f2021,45
train/loss,5120,-0.025565529242157936,f2021,45
train/loss,5632,-0.021882222965359688,f2021,45
train/loss,6144,-0.004855869337916374,f2021,45
train/loss,6656,-0.0102553591132164,f2021,45
train/loss,7168,-0.018814444541931152,f2021,45
train/loss,7680,-0.013260375708341599,f2021,45
train/loss,8192,-0.013889764435589314,f2021,45
train/loss,8704,-0.024111486971378326,f2021,45
train/loss,9216,-0.01709877699613571,f2021,45
train/loss,9728,-0.022958572953939438,f2021,45
train/loss,10240,-0.006570084951817989,f2021,45
train/loss,10752,0.008269860409200191,f2021,45
train/loss,11264,-0.0004565054550766945,f2021,45
train/loss,11776,-0.026404354721307755,f2021,45
train/loss,12288,-0.02113518677651882,f2021,45
train/loss,12800,-0.01044009905308485,f2021,45
train/loss,13312,-0.003530086949467659,f2021,45
train/loss,13824,-0.014576626941561699,f2021,45
train/loss,14336,-0.03198977932333946,f2021,45
train/loss,14848,-0.019241180270910263,f2021,45
train/loss,15360,-0.018219279125332832,f2021,45
train/loss,15872,0.0041961753740906715,f2021,45
train/loss,16384,-0.023060869425535202,f2021,45
train/loss,16896,-0.028437163680791855,f2021,45
train/loss,17408,-0.03266025334596634,f2021,45
train/loss,17920,-0.023507896810770035,f2021,45
train/policy_gradient_loss,1024,-0.014509194530546665,f2021,45
train/policy_gradient_loss,1536,-0.014329448342323303,f2021,45
train/policy_gradient_loss,2048,-0.020703038200736046,f2021,45
train/policy_gradient_loss,2560,-0.022277576848864555,f2021,45
train/policy_gradient_loss,3072,-0.024930613115429878,f2021,45
train/policy_gradient_loss,3584,-0.020746195688843727,f2021,45
train/policy_gradient_loss,4096,-0.022249627858400345,f2021,45
train/policy_gradient_loss,4608,-0.02591313049197197,f2021,45
train/policy_gradient_loss,5120,-0.020862117409706116,f2021,45
train/policy_gradient_loss,5632,-0.029858598485589027,f2021,45
train/policy_gradient_loss,6144,-0.01964808814227581,f2021,45
train/policy_gradient_loss,6656,-0.01636647805571556,f2021,45
train/policy_gradient_loss,7168,-0.019640954211354256,f2021,45
train/policy_gradient_loss,7680,-0.01906559243798256,f2021,45
train/policy_gradient_loss,8192,-0.01747363619506359,f2021,45
train/policy_gradient_loss,8704,-0.01965327188372612,f2021,45
train/policy_gradient_loss,9216,-0.020203549414873123,f2021,45
train/policy_gradient_loss,9728,-0.016760947182774544,f2021,45
train/policy_gradient_loss,10240,-0.016527269035577774,f2021,45
train/policy_gradient_loss,10752,-0.015307500027120113,f2021,45
train/policy_gradient_loss,11264,-0.01275095995515585,f2021,45
train/policy_gradient_loss,11776,-0.014430396258831024,f2021,45
train/policy_gradient_loss,12288,-0.016760772094130516,f2021,45
train/policy_gradient_loss,12800,-0.014897134155035019,f2021,45
train/policy_gradient_loss,13312,-0.016877755522727966,f2021,45
train/policy_gradient_loss,13824,-0.019224030897021294,f2021,45
train/policy_gradient_loss,14336,-0.017755242064595222,f2021,45
train/policy_gradient_loss,14848,-0.021628089249134064,f2021,45
train/policy_gradient_loss,15360,-0.015298822894692421,f2021,45
train/policy_gradient_loss,15872,-0.013760551810264587,f2021,45
train/policy_gradient_loss,16384,-0.019923711195588112,f2021,45
train/policy_gradient_loss,16896,-0.019487779587507248,f2021,45
train/policy_gradient_loss,17408,-0.023115675896406174,f2021,45
train/policy_gradient_loss,17920,-0.015633992850780487,f2021,45
train/std,1024,0.6039201021194458,f2021,45
train/std,1536,0.5981712937355042,f2021,45
train/std,2048,0.5953972339630127,f2021,45
train/std,2560,0.5902169942855835,f2021,45
train/std,3072,0.5861918330192566,f2021,45
train/std,3584,0.5831162929534912,f2021,45
train/std,4096,0.5777382850646973,f2021,45
train/std,4608,0.5743120312690735,f2021,45
train/std,5120,0.5690469741821289,f2021,45
train/std,5632,0.5645771622657776,f2021,45
train/std,6144,0.5604679584503174,f2021,45
train/std,6656,0.555693507194519,f2021,45
train/std,7168,0.5520580410957336,f2021,45
train/std,7680,0.549187958240509,f2021,45
train/std,8192,0.5483648777008057,f2021,45
train/std,8704,0.5447287559509277,f2021,45
train/std,9216,0.5412495136260986,f2021,45
train/std,9728,0.5378142595291138,f2021,45
train/std,10240,0.5342404842376709,f2021,45
train/std,10752,0.5317080616950989,f2021,45
train/std,11264,0.5283926725387573,f2021,45
train/std,11776,0.5258481502532959,f2021,45
train/std,12288,0.5240493416786194,f2021,45
train/std,12800,0.5215420722961426,f2021,45
train/std,13312,0.520551323890686,f2021,45
train/std,13824,0.518316924571991,f2021,45
train/std,14336,0.5146673321723938,f2021,45
train/std,14848,0.5118898749351501,f2021,45
train/std,15360,0.5096872448921204,f2021,45
train/std,15872,0.5067479014396667,f2021,45
train/std,16384,0.5040460824966431,f2021,45
train/std,16896,0.5012955069541931,f2021,45
train/std,17408,0.4977807402610779,f2021,45
train/std,17920,0.4951358139514923,f2021,45
train/value_loss,1024,1.4638351202011108,f2021,45
train/value_loss,1536,1.109118103981018,f2021,45
train/value_loss,2048,0.8266819715499878,f2021,45
train/value_loss,2560,0.6105405688285828,f2021,45
train/value_loss,3072,0.38832926750183105,f2021,45
train/value_loss,3584,0.1862565279006958,f2021,45
train/value_loss,4096,0.07697327435016632,f2021,45
train/value_loss,4608,0.054267559200525284,f2021,45
train/value_loss,5120,0.04684949666261673,f2021,45
train/value_loss,5632,0.042972005903720856,f2021,45
train/value_loss,6144,0.04780619218945503,f2021,45
train/value_loss,6656,0.03730666637420654,f2021,45
train/value_loss,7168,0.032283682376146317,f2021,45
train/value_loss,7680,0.02646314725279808,f2021,45
train/value_loss,8192,0.03268180042505264,f2021,45
train/value_loss,8704,0.03441793471574783,f2021,45
train/value_loss,9216,0.028993263840675354,f2021,45
train/value_loss,9728,0.031641025096178055,f2021,45
train/value_loss,10240,0.029614457860589027,f2021,45
train/value_loss,10752,0.03128976747393608,f2021,45
train/value_loss,11264,0.028375186026096344,f2021,45
train/value_loss,11776,0.026314273476600647,f2021,45
train/value_loss,12288,0.026409391313791275,f2021,45
train/value_loss,12800,0.02694324217736721,f2021,45
train/value_loss,13312,0.02545074187219143,f2021,45
train/value_loss,13824,0.02092800661921501,f2021,45
train/value_loss,14336,0.021967200562357903,f2021,45
train/value_loss,14848,0.02649560756981373,f2021,45
train/value_loss,15360,0.025616221129894257,f2021,45
train/value_loss,15872,0.020809587091207504,f2021,45
train/value_loss,16384,0.026931680738925934,f2021,45
train/value_loss,16896,0.02414822392165661,f2021,45
train/value_loss,17408,0.025280047208070755,f2021,45
train/value_loss,17920,0.02177511341869831,f2021,45
rollout/ep_len_mean,512,1.0,f2021,46
rollout/ep_len_mean,1024,1.0,f2021,46
rollout/ep_len_mean,1536,1.0,f2021,46
rollout/ep_len_mean,2048,1.0,f2021,46
rollout/ep_len_mean,2560,1.0,f2021,46
rollout/ep_len_mean,3072,1.0,f2021,46
rollout/ep_len_mean,3584,1.0,f2021,46
rollout/ep_len_mean,4096,1.0,f2021,46
rollout/ep_len_mean,4608,1.0,f2021,46
rollout/ep_len_mean,5120,1.0,f2021,46
rollout/ep_len_mean,5632,1.0,f2021,46
rollout/ep_len_mean,6144,1.0,f2021,46
rollout/ep_len_mean,6656,1.0,f2021,46
rollout/ep_len_mean,7168,1.0,f2021,46
rollout/ep_len_mean,7680,1.0,f2021,46
rollout/ep_len_mean,8192,1.0,f2021,46
rollout/ep_len_mean,8704,1.0,f2021,46
rollout/ep_len_mean,9216,1.0,f2021,46
rollout/ep_len_mean,9728,1.0,f2021,46
rollout/ep_len_mean,10240,1.0,f2021,46
rollout/ep_len_mean,10752,1.0,f2021,46
rollout/ep_len_mean,11264,1.0,f2021,46
rollout/ep_len_mean,11776,1.0,f2021,46
rollout/ep_len_mean,12288,1.0,f2021,46
rollout/ep_len_mean,12800,1.0,f2021,46
rollout/ep_len_mean,13312,1.0,f2021,46
rollout/ep_len_mean,13824,1.0,f2021,46
rollout/ep_len_mean,14336,1.0,f2021,46
rollout/ep_len_mean,14848,1.0,f2021,46
rollout/ep_len_mean,15360,1.0,f2021,46
rollout/ep_len_mean,15872,1.0,f2021,46
rollout/ep_len_mean,16384,1.0,f2021,46
rollout/ep_len_mean,16896,1.0,f2021,46
rollout/ep_len_mean,17408,1.0,f2021,46
rollout/ep_len_mean,17920,1.0,f2021,46
rollout/ep_len_mean,18432,1.0,f2021,46
rollout/ep_len_mean,18944,1.0,f2021,46
rollout/ep_len_mean,19456,1.0,f2021,46
rollout/ep_len_mean,19968,1.0,f2021,46
rollout/ep_len_mean,20480,1.0,f2021,46
rollout/ep_len_mean,20992,1.0,f2021,46
rollout/ep_len_mean,21504,1.0,f2021,46
rollout/ep_len_mean,22016,1.0,f2021,46
rollout/ep_rew_mean,512,1.1558268070220947,f2021,46
rollout/ep_rew_mean,1024,1.167967438697815,f2021,46
rollout/ep_rew_mean,1536,1.1735607385635376,f2021,46
rollout/ep_rew_mean,2048,1.1483049392700195,f2021,46
rollout/ep_rew_mean,2560,1.1821181774139404,f2021,46
rollout/ep_rew_mean,3072,1.1543387174606323,f2021,46
rollout/ep_rew_mean,3584,1.1661816835403442,f2021,46
rollout/ep_rew_mean,4096,1.1965234279632568,f2021,46
rollout/ep_rew_mean,4608,1.201590657234192,f2021,46
rollout/ep_rew_mean,5120,1.2141284942626953,f2021,46
rollout/ep_rew_mean,5632,1.1902434825897217,f2021,46
rollout/ep_rew_mean,6144,1.172640085220337,f2021,46
rollout/ep_rew_mean,6656,1.2065898180007935,f2021,46
rollout/ep_rew_mean,7168,1.2305911779403687,f2021,46
rollout/ep_rew_mean,7680,1.2057294845581055,f2021,46
rollout/ep_rew_mean,8192,1.212568759918213,f2021,46
rollout/ep_rew_mean,8704,1.200245976448059,f2021,46
rollout/ep_rew_mean,9216,1.2132530212402344,f2021,46
rollout/ep_rew_mean,9728,1.1914435625076294,f2021,46
rollout/ep_rew_mean,10240,1.2133840322494507,f2021,46
rollout/ep_rew_mean,10752,1.2061964273452759,f2021,46
rollout/ep_rew_mean,11264,1.2057114839553833,f2021,46
rollout/ep_rew_mean,11776,1.2237346172332764,f2021,46
rollout/ep_rew_mean,12288,1.2308629751205444,f2021,46
rollout/ep_rew_mean,12800,1.203187346458435,f2021,46
rollout/ep_rew_mean,13312,1.22203528881073,f2021,46
rollout/ep_rew_mean,13824,1.209128975868225,f2021,46
rollout/ep_rew_mean,14336,1.199737548828125,f2021,46
rollout/ep_rew_mean,14848,1.1847777366638184,f2021,46
rollout/ep_rew_mean,15360,1.2121191024780273,f2021,46
rollout/ep_rew_mean,15872,1.2100039720535278,f2021,46
rollout/ep_rew_mean,16384,1.2292386293411255,f2021,46
rollout/ep_rew_mean,16896,1.2562111616134644,f2021,46
rollout/ep_rew_mean,17408,1.2339431047439575,f2021,46
rollout/ep_rew_mean,17920,1.1974124908447266,f2021,46
rollout/ep_rew_mean,18432,1.2282527685165405,f2021,46
rollout/ep_rew_mean,18944,1.2435057163238525,f2021,46
rollout/ep_rew_mean,19456,1.1970406770706177,f2021,46
rollout/ep_rew_mean,19968,1.2129143476486206,f2021,46
rollout/ep_rew_mean,20480,1.1996054649353027,f2021,46
rollout/ep_rew_mean,20992,1.213392972946167,f2021,46
rollout/ep_rew_mean,21504,1.2277121543884277,f2021,46
rollout/ep_rew_mean,22016,1.2235395908355713,f2021,46
time/fps,512,5.0,f2021,46
time/fps,1024,5.0,f2021,46
time/fps,1536,5.0,f2021,46
time/fps,2048,5.0,f2021,46
time/fps,2560,5.0,f2021,46
time/fps,3072,5.0,f2021,46
time/fps,3584,5.0,f2021,46
time/fps,4096,5.0,f2021,46
time/fps,4608,5.0,f2021,46
time/fps,5120,5.0,f2021,46
time/fps,5632,5.0,f2021,46
time/fps,6144,5.0,f2021,46
time/fps,6656,5.0,f2021,46
time/fps,7168,5.0,f2021,46
time/fps,7680,5.0,f2021,46
time/fps,8192,5.0,f2021,46
time/fps,8704,5.0,f2021,46
time/fps,9216,5.0,f2021,46
time/fps,9728,5.0,f2021,46
time/fps,10240,5.0,f2021,46
time/fps,10752,5.0,f2021,46
time/fps,11264,5.0,f2021,46
time/fps,11776,5.0,f2021,46
time/fps,12288,5.0,f2021,46
time/fps,12800,5.0,f2021,46
time/fps,13312,6.0,f2021,46
time/fps,13824,6.0,f2021,46
time/fps,14336,6.0,f2021,46
time/fps,14848,6.0,f2021,46
time/fps,15360,6.0,f2021,46
time/fps,15872,6.0,f2021,46
time/fps,16384,6.0,f2021,46
time/fps,16896,6.0,f2021,46
time/fps,17408,6.0,f2021,46
time/fps,17920,6.0,f2021,46
time/fps,18432,6.0,f2021,46
time/fps,18944,6.0,f2021,46
time/fps,19456,6.0,f2021,46
time/fps,19968,6.0,f2021,46
time/fps,20480,6.0,f2021,46
time/fps,20992,6.0,f2021,46
time/fps,21504,6.0,f2021,46
time/fps,22016,6.0,f2021,46
train/approx_kl,1024,0.007458754815161228,f2021,46
train/approx_kl,1536,0.004886317066848278,f2021,46
train/approx_kl,2048,0.00733537133783102,f2021,46
train/approx_kl,2560,0.008470959961414337,f2021,46
train/approx_kl,3072,0.007056886330246925,f2021,46
train/approx_kl,3584,0.008944844827055931,f2021,46
train/approx_kl,4096,0.010492175817489624,f2021,46
train/approx_kl,4608,0.010789286345243454,f2021,46
train/approx_kl,5120,0.011114152148365974,f2021,46
train/approx_kl,5632,0.011001905426383018,f2021,46
train/approx_kl,6144,0.01101908553391695,f2021,46
train/approx_kl,6656,0.012014925479888916,f2021,46
train/approx_kl,7168,0.012236598879098892,f2021,46
train/approx_kl,7680,0.008711626753211021,f2021,46
train/approx_kl,8192,0.015883710235357285,f2021,46
train/approx_kl,8704,0.008984753862023354,f2021,46
train/approx_kl,9216,0.011093243956565857,f2021,46
train/approx_kl,9728,0.013339106924831867,f2021,46
train/approx_kl,10240,0.012136947363615036,f2021,46
train/approx_kl,10752,0.013732986524701118,f2021,46
train/approx_kl,11264,0.014325391501188278,f2021,46
train/approx_kl,11776,0.011704511009156704,f2021,46
train/approx_kl,12288,0.01047468464821577,f2021,46
train/approx_kl,12800,0.013954399153590202,f2021,46
train/approx_kl,13312,0.010397739708423615,f2021,46
train/approx_kl,13824,0.010657178238034248,f2021,46
train/approx_kl,14336,0.012008005753159523,f2021,46
train/approx_kl,14848,0.011869259178638458,f2021,46
train/approx_kl,15360,0.00894442293792963,f2021,46
train/approx_kl,15872,0.00878823921084404,f2021,46
train/approx_kl,16384,0.016002943739295006,f2021,46
train/approx_kl,16896,0.011799142695963383,f2021,46
train/approx_kl,17408,0.012742760591208935,f2021,46
train/approx_kl,17920,0.015013973228633404,f2021,46
train/approx_kl,18432,0.008278528228402138,f2021,46
train/approx_kl,18944,0.016335051506757736,f2021,46
train/approx_kl,19456,0.010751265101134777,f2021,46
train/approx_kl,19968,0.00849483348429203,f2021,46
train/approx_kl,20480,0.00975645799189806,f2021,46
train/approx_kl,20992,0.008605385199189186,f2021,46
train/approx_kl,21504,0.014527695253491402,f2021,46
train/approx_kl,22016,0.009973613545298576,f2021,46
train/clip_fraction,1024,0.03105468675494194,f2021,46
train/clip_fraction,1536,0.01210937462747097,f2021,46
train/clip_fraction,2048,0.02167968824505806,f2021,46
train/clip_fraction,2560,0.02753906324505806,f2021,46
train/clip_fraction,3072,0.02285156212747097,f2021,46
train/clip_fraction,3584,0.03984374925494194,f2021,46
train/clip_fraction,4096,0.05449218675494194,f2021,46
train/clip_fraction,4608,0.05683593824505806,f2021,46
train/clip_fraction,5120,0.07656250149011612,f2021,46
train/clip_fraction,5632,0.05546874925494194,f2021,46
train/clip_fraction,6144,0.06992187350988388,f2021,46
train/clip_fraction,6656,0.0771484375,f2021,46
train/clip_fraction,7168,0.07070312649011612,f2021,46
train/clip_fraction,7680,0.04511718824505806,f2021,46
train/clip_fraction,8192,0.12343750149011612,f2021,46
train/clip_fraction,8704,0.0458984375,f2021,46
train/clip_fraction,9216,0.06777343899011612,f2021,46
train/clip_fraction,9728,0.07851562649011612,f2021,46
train/clip_fraction,10240,0.07500000298023224,f2021,46
train/clip_fraction,10752,0.07832030951976776,f2021,46
train/clip_fraction,11264,0.07285156100988388,f2021,46
train/clip_fraction,11776,0.06718750298023224,f2021,46
train/clip_fraction,12288,0.0791015625,f2021,46
train/clip_fraction,12800,0.0830078125,f2021,46
train/clip_fraction,13312,0.06191406399011612,f2021,46
train/clip_fraction,13824,0.07597656548023224,f2021,46
train/clip_fraction,14336,0.08417968451976776,f2021,46
train/clip_fraction,14848,0.08828125149011612,f2021,46
train/clip_fraction,15360,0.03593749925494194,f2021,46
train/clip_fraction,15872,0.07773437350988388,f2021,46
train/clip_fraction,16384,0.11367187649011612,f2021,46
train/clip_fraction,16896,0.07792969048023224,f2021,46
train/clip_fraction,17408,0.0859375,f2021,46
train/clip_fraction,17920,0.11152343451976776,f2021,46
train/clip_fraction,18432,0.048828125,f2021,46
train/clip_fraction,18944,0.123046875,f2021,46
train/clip_fraction,19456,0.06816406548023224,f2021,46
train/clip_fraction,19968,0.05136718600988388,f2021,46
train/clip_fraction,20480,0.08164062350988388,f2021,46
train/clip_fraction,20992,0.06679687649011612,f2021,46
train/clip_fraction,21504,0.0751953125,f2021,46
train/clip_fraction,22016,0.06367187201976776,f2021,46
train/clip_range,1024,0.20000000298023224,f2021,46
train/clip_range,1536,0.20000000298023224,f2021,46
train/clip_range,2048,0.20000000298023224,f2021,46
train/clip_range,2560,0.20000000298023224,f2021,46
train/clip_range,3072,0.20000000298023224,f2021,46
train/clip_range,3584,0.20000000298023224,f2021,46
train/clip_range,4096,0.20000000298023224,f2021,46
train/clip_range,4608,0.20000000298023224,f2021,46
train/clip_range,5120,0.20000000298023224,f2021,46
train/clip_range,5632,0.20000000298023224,f2021,46
train/clip_range,6144,0.20000000298023224,f2021,46
train/clip_range,6656,0.20000000298023224,f2021,46
train/clip_range,7168,0.20000000298023224,f2021,46
train/clip_range,7680,0.20000000298023224,f2021,46
train/clip_range,8192,0.20000000298023224,f2021,46
train/clip_range,8704,0.20000000298023224,f2021,46
train/clip_range,9216,0.20000000298023224,f2021,46
train/clip_range,9728,0.20000000298023224,f2021,46
train/clip_range,10240,0.20000000298023224,f2021,46
train/clip_range,10752,0.20000000298023224,f2021,46
train/clip_range,11264,0.20000000298023224,f2021,46
train/clip_range,11776,0.20000000298023224,f2021,46
train/clip_range,12288,0.20000000298023224,f2021,46
train/clip_range,12800,0.20000000298023224,f2021,46
train/clip_range,13312,0.20000000298023224,f2021,46
train/clip_range,13824,0.20000000298023224,f2021,46
train/clip_range,14336,0.20000000298023224,f2021,46
train/clip_range,14848,0.20000000298023224,f2021,46
train/clip_range,15360,0.20000000298023224,f2021,46
train/clip_range,15872,0.20000000298023224,f2021,46
train/clip_range,16384,0.20000000298023224,f2021,46
train/clip_range,16896,0.20000000298023224,f2021,46
train/clip_range,17408,0.20000000298023224,f2021,46
train/clip_range,17920,0.20000000298023224,f2021,46
train/clip_range,18432,0.20000000298023224,f2021,46
train/clip_range,18944,0.20000000298023224,f2021,46
train/clip_range,19456,0.20000000298023224,f2021,46
train/clip_range,19968,0.20000000298023224,f2021,46
train/clip_range,20480,0.20000000298023224,f2021,46
train/clip_range,20992,0.20000000298023224,f2021,46
train/clip_range,21504,0.20000000298023224,f2021,46
train/clip_range,22016,0.20000000298023224,f2021,46
train/entropy_loss,1024,-3.662891387939453,f2021,46
train/entropy_loss,1536,-3.637564182281494,f2021,46
train/entropy_loss,2048,-3.6142170429229736,f2021,46
train/entropy_loss,2560,-3.594616651535034,f2021,46
train/entropy_loss,3072,-3.5769574642181396,f2021,46
train/entropy_loss,3584,-3.5580925941467285,f2021,46
train/entropy_loss,4096,-3.534741163253784,f2021,46
train/entropy_loss,4608,-3.514781951904297,f2021,46
train/entropy_loss,5120,-3.499181032180786,f2021,46
train/entropy_loss,5632,-3.4743854999542236,f2021,46
train/entropy_loss,6144,-3.4493138790130615,f2021,46
train/entropy_loss,6656,-3.421483039855957,f2021,46
train/entropy_loss,7168,-3.3847756385803223,f2021,46
train/entropy_loss,7680,-3.354556083679199,f2021,46
train/entropy_loss,8192,-3.3262922763824463,f2021,46
train/entropy_loss,8704,-3.3001139163970947,f2021,46
train/entropy_loss,9216,-3.276761770248413,f2021,46
train/entropy_loss,9728,-3.2556281089782715,f2021,46
train/entropy_loss,10240,-3.2298946380615234,f2021,46
train/entropy_loss,10752,-3.193401575088501,f2021,46
train/entropy_loss,11264,-3.162123680114746,f2021,46
train/entropy_loss,11776,-3.1367979049682617,f2021,46
train/entropy_loss,12288,-3.112131118774414,f2021,46
train/entropy_loss,12800,-3.0938401222229004,f2021,46
train/entropy_loss,13312,-3.0716359615325928,f2021,46
train/entropy_loss,13824,-3.043520450592041,f2021,46
train/entropy_loss,14336,-3.0204436779022217,f2021,46
train/entropy_loss,14848,-2.9951329231262207,f2021,46
train/entropy_loss,15360,-2.9756338596343994,f2021,46
train/entropy_loss,15872,-2.954789400100708,f2021,46
train/entropy_loss,16384,-2.9389491081237793,f2021,46
train/entropy_loss,16896,-2.9218223094940186,f2021,46
train/entropy_loss,17408,-2.905416250228882,f2021,46
train/entropy_loss,17920,-2.885763645172119,f2021,46
train/entropy_loss,18432,-2.868776559829712,f2021,46
train/entropy_loss,18944,-2.8535876274108887,f2021,46
train/entropy_loss,19456,-2.847742795944214,f2021,46
train/entropy_loss,19968,-2.8394243717193604,f2021,46
train/entropy_loss,20480,-2.8305540084838867,f2021,46
train/entropy_loss,20992,-2.8088676929473877,f2021,46
train/entropy_loss,21504,-2.787149667739868,f2021,46
train/entropy_loss,22016,-2.772479772567749,f2021,46
train/explained_variance,1024,-12.59299087524414,f2021,46
train/explained_variance,1536,-4.86708402633667,f2021,46
train/explained_variance,2048,-2.479631185531616,f2021,46
train/explained_variance,2560,-2.0664963722229004,f2021,46
train/explained_variance,3072,-1.569718837738037,f2021,46
train/explained_variance,3584,-1.4841349124908447,f2021,46
train/explained_variance,4096,-1.4245398044586182,f2021,46
train/explained_variance,4608,-1.3885526657104492,f2021,46
train/explained_variance,5120,-1.2156405448913574,f2021,46
train/explained_variance,5632,-0.9179370403289795,f2021,46
train/explained_variance,6144,-1.2093892097473145,f2021,46
train/explained_variance,6656,-0.8539279699325562,f2021,46
train/explained_variance,7168,-0.5736925601959229,f2021,46
train/explained_variance,7680,-0.6668082475662231,f2021,46
train/explained_variance,8192,-0.7516871690750122,f2021,46
train/explained_variance,8704,-0.5266324281692505,f2021,46
train/explained_variance,9216,-0.3647787570953369,f2021,46
train/explained_variance,9728,-0.5342230796813965,f2021,46
train/explained_variance,10240,-0.2493208646774292,f2021,46
train/explained_variance,10752,-0.34604930877685547,f2021,46
train/explained_variance,11264,-0.46841001510620117,f2021,46
train/explained_variance,11776,-0.30604445934295654,f2021,46
train/explained_variance,12288,-0.3220646381378174,f2021,46
train/explained_variance,12800,-0.1869978904724121,f2021,46
train/explained_variance,13312,-0.3097153902053833,f2021,46
train/explained_variance,13824,-0.27584683895111084,f2021,46
train/explained_variance,14336,-0.14636051654815674,f2021,46
train/explained_variance,14848,-0.5221006870269775,f2021,46
train/explained_variance,15360,-0.16781723499298096,f2021,46
train/explained_variance,15872,-0.2625386714935303,f2021,46
train/explained_variance,16384,-0.13873159885406494,f2021,46
train/explained_variance,16896,-0.04129290580749512,f2021,46
train/explained_variance,17408,-0.28237831592559814,f2021,46
train/explained_variance,17920,-0.20487165451049805,f2021,46
train/explained_variance,18432,-0.15242457389831543,f2021,46
train/explained_variance,18944,-0.05525100231170654,f2021,46
train/explained_variance,19456,-0.20725929737091064,f2021,46
train/explained_variance,19968,0.06099963188171387,f2021,46
train/explained_variance,20480,-0.03391575813293457,f2021,46
train/explained_variance,20992,-0.11369967460632324,f2021,46
train/explained_variance,21504,-0.1501222848892212,f2021,46
train/explained_variance,22016,-0.08326554298400879,f2021,46
train/learning_rate,1024,0.0003000000142492354,f2021,46
train/learning_rate,1536,0.0003000000142492354,f2021,46
train/learning_rate,2048,0.0003000000142492354,f2021,46
train/learning_rate,2560,0.0003000000142492354,f2021,46
train/learning_rate,3072,0.0003000000142492354,f2021,46
train/learning_rate,3584,0.0003000000142492354,f2021,46
train/learning_rate,4096,0.0003000000142492354,f2021,46
train/learning_rate,4608,0.0003000000142492354,f2021,46
train/learning_rate,5120,0.0003000000142492354,f2021,46
train/learning_rate,5632,0.0003000000142492354,f2021,46
train/learning_rate,6144,0.0003000000142492354,f2021,46
train/learning_rate,6656,0.0003000000142492354,f2021,46
train/learning_rate,7168,0.0003000000142492354,f2021,46
train/learning_rate,7680,0.0003000000142492354,f2021,46
train/learning_rate,8192,0.0003000000142492354,f2021,46
train/learning_rate,8704,0.0003000000142492354,f2021,46
train/learning_rate,9216,0.0003000000142492354,f2021,46
train/learning_rate,9728,0.0003000000142492354,f2021,46
train/learning_rate,10240,0.0003000000142492354,f2021,46
train/learning_rate,10752,0.0003000000142492354,f2021,46
train/learning_rate,11264,0.0003000000142492354,f2021,46
train/learning_rate,11776,0.0003000000142492354,f2021,46
train/learning_rate,12288,0.0003000000142492354,f2021,46
train/learning_rate,12800,0.0003000000142492354,f2021,46
train/learning_rate,13312,0.0003000000142492354,f2021,46
train/learning_rate,13824,0.0003000000142492354,f2021,46
train/learning_rate,14336,0.0003000000142492354,f2021,46
train/learning_rate,14848,0.0003000000142492354,f2021,46
train/learning_rate,15360,0.0003000000142492354,f2021,46
train/learning_rate,15872,0.0003000000142492354,f2021,46
train/learning_rate,16384,0.0003000000142492354,f2021,46
train/learning_rate,16896,0.0003000000142492354,f2021,46
train/learning_rate,17408,0.0003000000142492354,f2021,46
train/learning_rate,17920,0.0003000000142492354,f2021,46
train/learning_rate,18432,0.0003000000142492354,f2021,46
train/learning_rate,18944,0.0003000000142492354,f2021,46
train/learning_rate,19456,0.0003000000142492354,f2021,46
train/learning_rate,19968,0.0003000000142492354,f2021,46
train/learning_rate,20480,0.0003000000142492354,f2021,46
train/learning_rate,20992,0.0003000000142492354,f2021,46
train/learning_rate,21504,0.0003000000142492354,f2021,46
train/learning_rate,22016,0.0003000000142492354,f2021,46
train/loss,1024,0.6049982905387878,f2021,46
train/loss,1536,0.4371001720428467,f2021,46
train/loss,2048,0.34737101197242737,f2021,46
train/loss,2560,0.2275257706642151,f2021,46
train/loss,3072,0.15730538964271545,f2021,46
train/loss,3584,0.03428763151168823,f2021,46
train/loss,4096,-0.00833318755030632,f2021,46
train/loss,4608,-0.020490737631917,f2021,46
train/loss,5120,-0.019211210310459137,f2021,46
train/loss,5632,-0.01197398453950882,f2021,46
train/loss,6144,-0.0025774165987968445,f2021,46
train/loss,6656,-0.023955412209033966,f2021,46
train/loss,7168,-0.007105866447091103,f2021,46
train/loss,7680,-0.0036851419135928154,f2021,46
train/loss,8192,-0.015395082533359528,f2021,46
train/loss,8704,0.007983285933732986,f2021,46
train/loss,9216,0.007444705814123154,f2021,46
train/loss,9728,-0.015772396698594093,f2021,46
train/loss,10240,-0.01767357438802719,f2021,46
train/loss,10752,-0.014997023157775402,f2021,46
train/loss,11264,-0.005896531045436859,f2021,46
train/loss,11776,-0.01129576750099659,f2021,46
train/loss,12288,-0.03782002255320549,f2021,46
train/loss,12800,0.0004057418555021286,f2021,46
train/loss,13312,-0.01965739205479622,f2021,46
train/loss,13824,-0.007669252343475819,f2021,46
train/loss,14336,-0.020832248032093048,f2021,46
train/loss,14848,-0.014958154410123825,f2021,46
train/loss,15360,-0.024076100438833237,f2021,46
train/loss,15872,-0.011487692594528198,f2021,46
train/loss,16384,-0.01934022456407547,f2021,46
train/loss,16896,-0.021305672824382782,f2021,46
train/loss,17408,-0.0214936975389719,f2021,46
train/loss,17920,-0.03643643483519554,f2021,46
train/loss,18432,-0.015626637265086174,f2021,46
train/loss,18944,-0.023927517235279083,f2021,46
train/loss,19456,-0.012791330926120281,f2021,46
train/loss,19968,-0.010431613773107529,f2021,46
train/loss,20480,-0.014495263807475567,f2021,46
train/loss,20992,-0.013190578669309616,f2021,46
train/loss,21504,0.001104053109884262,f2021,46
train/loss,22016,-0.04700756445527077,f2021,46
train/policy_gradient_loss,1024,-0.015977313742041588,f2021,46
train/policy_gradient_loss,1536,-0.010786430910229683,f2021,46
train/policy_gradient_loss,2048,-0.01605653390288353,f2021,46
train/policy_gradient_loss,2560,-0.01909029111266136,f2021,46
train/policy_gradient_loss,3072,-0.018041228875517845,f2021,46
train/policy_gradient_loss,3584,-0.01978692226111889,f2021,46
train/policy_gradient_loss,4096,-0.02262946590781212,f2021,46
train/policy_gradient_loss,4608,-0.02098444476723671,f2021,46
train/policy_gradient_loss,5120,-0.018417203798890114,f2021,46
train/policy_gradient_loss,5632,-0.018353892490267754,f2021,46
train/policy_gradient_loss,6144,-0.018146676942706108,f2021,46
train/policy_gradient_loss,6656,-0.021203579381108284,f2021,46
train/policy_gradient_loss,7168,-0.02130967192351818,f2021,46
train/policy_gradient_loss,7680,-0.015499397180974483,f2021,46
train/policy_gradient_loss,8192,-0.02590601146221161,f2021,46
train/policy_gradient_loss,8704,-0.015784526243805885,f2021,46
train/policy_gradient_loss,9216,-0.01680654287338257,f2021,46
train/policy_gradient_loss,9728,-0.021030500531196594,f2021,46
train/policy_gradient_loss,10240,-0.01800435222685337,f2021,46
train/policy_gradient_loss,10752,-0.020112667232751846,f2021,46
train/policy_gradient_loss,11264,-0.01951432414352894,f2021,46
train/policy_gradient_loss,11776,-0.017832761630415916,f2021,46
train/policy_gradient_loss,12288,-0.01738491654396057,f2021,46
train/policy_gradient_loss,12800,-0.019074704498052597,f2021,46
train/policy_gradient_loss,13312,-0.01765330135822296,f2021,46
train/policy_gradient_loss,13824,-0.01685415208339691,f2021,46
train/policy_gradient_loss,14336,-0.017917096614837646,f2021,46
train/policy_gradient_loss,14848,-0.019267123192548752,f2021,46
train/policy_gradient_loss,15360,-0.014883572235703468,f2021,46
train/policy_gradient_loss,15872,-0.0165309626609087,f2021,46
train/policy_gradient_loss,16384,-0.02344323880970478,f2021,46
train/policy_gradient_loss,16896,-0.01639041118323803,f2021,46
train/policy_gradient_loss,17408,-0.0189210195094347,f2021,46
train/policy_gradient_loss,17920,-0.02347463369369507,f2021,46
train/policy_gradient_loss,18432,-0.015969453379511833,f2021,46
train/policy_gradient_loss,18944,-0.019326241686940193,f2021,46
train/policy_gradient_loss,19456,-0.017191896215081215,f2021,46
train/policy_gradient_loss,19968,-0.014317305758595467,f2021,46
train/policy_gradient_loss,20480,-0.016966765746474266,f2021,46
train/policy_gradient_loss,20992,-0.017277425155043602,f2021,46
train/policy_gradient_loss,21504,-0.01909744180738926,f2021,46
train/policy_gradient_loss,22016,-0.018948659300804138,f2021,46
train/std,1024,0.6026579737663269,f2021,46
train/std,1536,0.5989013314247131,f2021,46
train/std,2048,0.595658004283905,f2021,46
train/std,2560,0.5932542085647583,f2021,46
train/std,3072,0.5905250310897827,f2021,46
train/std,3584,0.5876418352127075,f2021,46
train/std,4096,0.5840328931808472,f2021,46
train/std,4608,0.582645833492279,f2021,46
train/std,5120,0.5794569253921509,f2021,46
train/std,5632,0.5760251879692078,f2021,46
train/std,6144,0.5726214051246643,f2021,46
train/std,6656,0.5679264664649963,f2021,46
train/std,7168,0.5629701614379883,f2021,46
train/std,7680,0.5593907833099365,f2021,46
train/std,8192,0.5556783676147461,f2021,46
train/std,8704,0.5526019930839539,f2021,46
train/std,9216,0.5496132373809814,f2021,46
train/std,9728,0.5472262501716614,f2021,46
train/std,10240,0.5424574017524719,f2021,46
train/std,10752,0.5379944443702698,f2021,46
train/std,11264,0.5344592332839966,f2021,46
train/std,11776,0.5312903523445129,f2021,46
train/std,12288,0.528552770614624,f2021,46
train/std,12800,0.5264392495155334,f2021,46
train/std,13312,0.5228151679039001,f2021,46
train/std,13824,0.5199882388114929,f2021,46
train/std,14336,0.5164607167243958,f2021,46
train/std,14848,0.5141850113868713,f2021,46
train/std,15360,0.5113776922225952,f2021,46
train/std,15872,0.5099352598190308,f2021,46
train/std,16384,0.5074597001075745,f2021,46
train/std,16896,0.5059942007064819,f2021,46
train/std,17408,0.5032973289489746,f2021,46
train/std,17920,0.5015045404434204,f2021,46
train/std,18432,0.4994781017303467,f2021,46
train/std,18944,0.4985678791999817,f2021,46
train/std,19456,0.4979376792907715,f2021,46
train/std,19968,0.49755507707595825,f2021,46
train/std,20480,0.4961063861846924,f2021,46
train/std,20992,0.4929390549659729,f2021,46
train/std,21504,0.4915109872817993,f2021,46
train/std,22016,0.4893888831138611,f2021,46
train/value_loss,1024,1.5254148244857788,f2021,46
train/value_loss,1536,1.0894230604171753,f2021,46
train/value_loss,2048,0.8824659585952759,f2021,46
train/value_loss,2560,0.6579439640045166,f2021,46
train/value_loss,3072,0.4739702045917511,f2021,46
train/value_loss,3584,0.25866714119911194,f2021,46
train/value_loss,4096,0.11525669693946838,f2021,46
train/value_loss,4608,0.05497944355010986,f2021,46
train/value_loss,5120,0.04267960786819458,f2021,46
train/value_loss,5632,0.04411700740456581,f2021,46
train/value_loss,6144,0.041154585778713226,f2021,46
train/value_loss,6656,0.03905388340353966,f2021,46
train/value_loss,7168,0.032671552151441574,f2021,46
train/value_loss,7680,0.0332087017595768,f2021,46
train/value_loss,8192,0.03403178229928017,f2021,46
train/value_loss,8704,0.03191410005092621,f2021,46
train/value_loss,9216,0.030746906995773315,f2021,46
train/value_loss,9728,0.032665055245161057,f2021,46
train/value_loss,10240,0.030639853328466415,f2021,46
train/value_loss,10752,0.03363950550556183,f2021,46
train/value_loss,11264,0.02732107788324356,f2021,46
train/value_loss,11776,0.0243353433907032,f2021,46
train/value_loss,12288,0.026907730847597122,f2021,46
train/value_loss,12800,0.02778897061944008,f2021,46
train/value_loss,13312,0.025018993765115738,f2021,46
train/value_loss,13824,0.022158633917570114,f2021,46
train/value_loss,14336,0.023060927167534828,f2021,46
train/value_loss,14848,0.023519983515143394,f2021,46
train/value_loss,15360,0.027528930455446243,f2021,46
train/value_loss,15872,0.022783173248171806,f2021,46
train/value_loss,16384,0.024877896532416344,f2021,46
train/value_loss,16896,0.02213623747229576,f2021,46
train/value_loss,17408,0.0223203394562006,f2021,46
train/value_loss,17920,0.021829234436154366,f2021,46
train/value_loss,18432,0.023658039048314095,f2021,46
train/value_loss,18944,0.020243491977453232,f2021,46
train/value_loss,19456,0.02000250853598118,f2021,46
train/value_loss,19968,0.016858987510204315,f2021,46
train/value_loss,20480,0.02187037467956543,f2021,46
train/value_loss,20992,0.024959255009889603,f2021,46
train/value_loss,21504,0.021033773198723793,f2021,46
train/value_loss,22016,0.01626158505678177,f2021,46
