policy,reward_mean,yield_mean_kg_ha,irrigation_mean_mm,yield_std_kg_ha
early_sep25_moderate_irrig,0.8710166970100345,3800.0201274421447,22.5,55.32741269038898
fixed_calendar_oct15_moderate_irrig,0.8635442846355699,3796.9859954693934,27.0,57.748940210161514
late_nov10_moderate_irrig,0.8713498228697554,3801.4192560529727,22.5,54.34847191477266
rainfed_calendar_oct15,0.9061444479854364,3805.806681538833,0.0,48.06005305017467
