policy,reward_mean,yield_mean_kg_ha,irrigation_mean_mm,yield_std_kg_ha
early_sep25_moderate_irrig,0.9190072137102223,3944.880297582934,13.5,49.78252724074051
fixed_calendar_oct15_moderate_irrig,0.8809265931226498,3926.691691115129,36.0,58.2627853142052
late_nov10_moderate_irrig,0.8606978650889646,3926.781033373651,49.5,59.34230394264017
rainfed_calendar_oct15,0.9394661061639298,3945.757645888505,0.0,47.35033599862632
