split,mae_kg_ha,rmse_kg_ha,mape_percent,bias_kg_ha,n
test,112.76979370266447,137.35695720308192,2.798514001774079,-39.74930591676457,3
