split,mae_kg_ha,rmse_kg_ha,mape_percent,bias_kg_ha,n
valid,117.7175162075963,142.00227939226767,3.052280643931645,8.070477262872942,4
