split,rep,reward_ppo,year,failed,planting_offset_days,trigger_dryness,amount_mm,max_irrigation_mm,yield_kg_ha_ppo,irrigation_mm_ppo,rain_mm,planting_date,n_irrigation_events,harvest_window_end,observed_yield_kg_ha,yield_error_kg_ha,yield_abs_error_kg_ha,yield_abs_percent_error,seed,fold,yield_kg_ha_comp,irrigation_mm_comp,reward_comp,comparator,d_reward,d_yield,d_irrigation
test,0,1.2026904761904762,2005,False,29,116,23.0,165.0,5486.0,69.0,482.9500000000001,2005-10-14,3,2006-03-13,3150.0,2336.0,2336.0,74.15873015873017,42,f2005,5459.0,75.0,1.1872619047619046,contextual_knn,0.01542857142857157,27.0,-6.0
test,0,1.3528571428571428,2006,False,30,114,21.5,170.0,5682.0,0.0,555.51,2006-10-15,0,2007-03-14,3000.0,2682.0,2682.0,89.4,42,f2005,5567.0,0.0,1.3254761904761905,contextual_knn,0.027380952380952284,115.0,0.0
test,0,1.3726190476190476,2007,False,37,132,22.5,155.0,5765.0,0.0,584.2299999999999,2007-10-22,0,2008-03-20,3300.0,2465.0,2465.0,74.6969696969697,42,f2005,5410.0,0.0,1.2880952380952382,contextual_knn,0.08452380952380945,355.0,0.0
test,0,0.9471190476190476,2008,False,23,122,23.5,175.0,4274.0,47.0,513.0,2008-10-08,2,2009-03-07,3126.0,1148.0,1148.0,36.72424824056302,42,f2005,5273.0,45.0,1.1879761904761903,contextual_knn,-0.24085714285714266,-999.0,2.0
test,0,1.0943333333333334,2005,False,29,150,18.0,130.0,4823.0,36.0,482.9500000000001,2005-10-14,2,2006-03-13,3150.0,1673.0,1673.0,53.11111111111112,43,f2005,5459.0,75.0,1.1872619047619046,contextual_knn,-0.09292857142857125,-636.0,-39.0
test,0,1.3214285714285714,2006,False,44,142,19.0,105.0,5550.0,0.0,612.1899999999999,2006-10-29,0,2007-03-28,3000.0,2550.0,2550.0,85.0,43,f2005,5567.0,0.0,1.3254761904761905,contextual_knn,-0.004047619047619078,-17.0,0.0
test,0,1.361904761904762,2007,False,42,150,18.0,90.0,5720.0,0.0,607.19,2007-10-27,0,2008-03-25,3300.0,2420.0,2420.0,73.33333333333333,43,f2005,5410.0,0.0,1.2880952380952382,contextual_knn,0.07380952380952377,310.0,0.0
test,0,0.8188690476190477,2008,False,21,150,22.5,195.0,3581.0,22.5,479.27,2008-10-06,1,2009-03-05,3126.0,455.0,455.0,14.55534229046705,43,f2005,5273.0,45.0,1.1879761904761903,contextual_knn,-0.36910714285714263,-1692.0,-22.5
test,0,1.217940476190476,2005,False,38,100,16.5,140.0,5843.0,115.5,467.64,2005-10-23,7,2006-03-22,3150.0,2693.0,2693.0,85.4920634920635,44,f2005,5459.0,75.0,1.1872619047619046,contextual_knn,0.030678571428571333,384.0,40.5
test,0,1.3202380952380952,2006,False,36,101,14.5,125.0,5545.0,0.0,567.55,2006-10-21,0,2007-03-20,3000.0,2545.0,2545.0,84.83333333333333,44,f2005,5567.0,0.0,1.3254761904761905,contextual_knn,-0.005238095238095264,-22.0,0.0
test,0,1.3597619047619047,2007,False,40,103,16.0,105.0,5711.0,0.0,602.76,2007-10-25,0,2008-03-23,3300.0,2411.0,2411.0,73.06060606060606,44,f2005,5410.0,0.0,1.2880952380952382,contextual_knn,0.07166666666666655,301.0,0.0
test,0,1.1185238095238097,2008,False,33,102,16.0,160.0,5101.0,64.0,530.24,2008-10-18,4,2009-03-17,3126.0,1975.0,1975.0,63.17978246960973,44,f2005,5273.0,45.0,1.1879761904761903,contextual_knn,-0.0694523809523806,-172.0,19.0
test,0,1.2367261904761904,2005,False,28,104,16.5,150.0,5714.0,82.5,479.57,2005-10-13,5,2006-03-12,3150.0,2564.0,2564.0,81.39682539682539,45,f2005,5459.0,75.0,1.1872619047619046,contextual_knn,0.04946428571428574,255.0,7.5
test,0,1.3254761904761905,2006,False,32,105,15.0,130.0,5567.0,0.0,540.64,2006-10-17,0,2007-03-16,3000.0,2567.0,2567.0,85.56666666666666,45,f2005,5567.0,0.0,1.3254761904761905,contextual_knn,0.0,0.0,0.0
test,0,1.3852380952380952,2007,False,38,115,16.5,125.0,5818.0,0.0,584.42,2007-10-23,0,2008-03-21,3300.0,2518.0,2518.0,76.3030303030303,45,f2005,5410.0,0.0,1.2880952380952382,contextual_knn,0.09714285714285698,408.0,0.0
test,0,0.9922857142857142,2008,False,20,111,16.0,160.0,4470.0,48.0,517.3,2008-10-05,3,2009-03-04,3126.0,1344.0,1344.0,42.99424184261037,45,f2005,5273.0,45.0,1.1879761904761903,contextual_knn,-0.19569047619047608,-803.0,3.0
test,0,1.1248571428571428,2005,False,25,127,13.0,155.0,5052.0,52.0,469.76,2005-10-10,4,2006-03-09,3150.0,1902.0,1902.0,60.38095238095238,46,f2005,5459.0,75.0,1.1872619047619046,contextual_knn,-0.06240476190476185,-407.0,-23.0
test,0,1.3276190476190477,2006,False,42,109,14.5,170.0,5576.0,0.0,613.8299999999999,2006-10-27,0,2007-03-26,3000.0,2576.0,2576.0,85.86666666666666,46,f2005,5567.0,0.0,1.3254761904761905,contextual_knn,0.002142857142857224,9.0,0.0
test,0,1.35,2007,False,43,124,15.0,165.0,5670.0,0.0,606.52,2007-10-28,0,2008-03-26,3300.0,2370.0,2370.0,71.81818181818181,46,f2005,5410.0,0.0,1.2880952380952382,contextual_knn,0.06190476190476191,260.0,0.0
test,0,0.8996428571428572,2008,False,20,133,12.5,130.0,3936.0,25.0,491.75,2008-10-05,2,2009-03-04,3126.0,810.0,810.0,25.911708253358924,46,f2005,5273.0,45.0,1.1879761904761903,contextual_knn,-0.2883333333333331,-1337.0,-20.0
test,0,1.25,2009,False,29,87,17.5,145.0,5250.0,0.0,827.6400000000001,2009-10-14,0,2010-03-13,2578.0,2672.0,2672.0,103.64623739332816,42,f2009,5093.0,0.0,1.2126190476190477,contextual_knn,0.03738095238095229,157.0,0.0
test,0,1.283095238095238,2010,False,52,92,19.0,150.0,5389.0,0.0,796.1100000000001,2010-11-06,0,2011-04-05,3245.0,2144.0,2144.0,66.07087827426811,42,f2009,5485.0,0.0,1.305952380952381,contextual_knn,-0.02285714285714291,-96.0,0.0
test,0,1.4733333333333334,2011,False,33,91,19.5,145.0,6188.0,0.0,550.63,2011-10-18,0,2012-03-16,3496.0,2692.0,2692.0,77.00228832951944,42,f2009,6104.0,60.0,1.3633333333333333,contextual_knn,0.1100000000000001,84.0,-60.0
test,0,1.3295238095238096,2012,False,37,84,16.5,145.0,5584.0,0.0,647.1300000000001,2012-10-22,0,2013-03-21,3546.0,2038.0,2038.0,57.473209249859,42,f2009,5402.0,0.0,1.286190476190476,contextual_knn,0.043333333333333446,182.0,0.0
test,0,1.2607142857142857,2009,False,24,91,14.5,140.0,5295.0,0.0,797.64,2009-10-09,0,2010-03-08,2578.0,2717.0,2717.0,105.39177657098526,43,f2009,5093.0,0.0,1.2126190476190477,contextual_knn,0.04809523809523797,202.0,0.0
test,0,1.3138095238095238,2010,False,46,105,22.0,130.0,5518.0,0.0,805.8900000000002,2010-10-31,0,2011-03-30,3245.0,2273.0,2273.0,70.0462249614792,43,f2009,5485.0,0.0,1.305952380952381,contextual_knn,0.007857142857142785,33.0,0.0
test,0,1.5202380952380952,2011,False,26,97,19.0,160.0,6385.0,0.0,612.5900000000001,2011-10-11,0,2012-03-09,3496.0,2889.0,2889.0,82.63729977116705,43,f2009,6104.0,60.0,1.3633333333333333,contextual_knn,0.15690476190476188,281.0,-60.0
test,0,1.3888095238095235,2012,False,29,98,13.5,115.0,5833.0,0.0,616.5900000000001,2012-10-14,0,2013-03-13,3546.0,2287.0,2287.0,64.49520586576425,43,f2009,5402.0,0.0,1.286190476190476,contextual_knn,0.10261904761904739,431.0,0.0
test,0,1.2533333333333334,2009,False,36,80,16.0,160.0,5264.0,0.0,746.2900000000002,2009-10-21,0,2010-03-20,2578.0,2686.0,2686.0,104.18929402637704,44,f2009,5093.0,0.0,1.2126190476190477,contextual_knn,0.0407142857142857,171.0,0.0
test,0,1.3073809523809523,2010,False,50,89,19.0,120.0,5491.0,0.0,808.2500000000001,2010-11-04,0,2011-04-03,3245.0,2246.0,2246.0,69.21417565485362,44,f2009,5485.0,0.0,1.305952380952381,contextual_knn,0.0014285714285713347,6.0,0.0
test,0,1.4505238095238095,2011,False,37,78,16.0,160.0,6193.0,16.0,579.7700000000001,2011-10-22,1,2012-03-20,3496.0,2697.0,2697.0,77.14530892448512,44,f2009,6104.0,60.0,1.3633333333333333,contextual_knn,0.08719047619047626,89.0,-44.0
test,0,1.322142857142857,2012,False,38,89,15.0,140.0,5553.0,0.0,620.87,2012-10-23,0,2013-03-22,3546.0,2007.0,2007.0,56.598984771573605,44,f2009,5402.0,0.0,1.286190476190476,contextual_knn,0.03595238095238096,151.0,0.0
test,0,1.2211904761904762,2009,False,49,72,18.5,140.0,5129.0,0.0,794.3000000000001,2009-11-03,0,2010-04-02,2578.0,2551.0,2551.0,98.95267649340576,45,f2009,5093.0,0.0,1.2126190476190477,contextual_knn,0.008571428571428452,36.0,0.0
test,0,1.3138095238095238,2010,False,46,92,17.5,140.0,5518.0,0.0,805.8900000000002,2010-10-31,0,2011-03-30,3245.0,2273.0,2273.0,70.0462249614792,45,f2009,5485.0,0.0,1.305952380952381,contextual_knn,0.007857142857142785,33.0,0.0
test,0,1.4195,2011,False,46,75,18.5,140.0,6195.0,37.0,540.9799999999999,2011-10-31,2,2012-03-29,3496.0,2699.0,2699.0,77.2025171624714,45,f2009,6104.0,60.0,1.3633333333333333,contextual_knn,0.0561666666666667,91.0,-23.0
test,0,1.2573809523809525,2012,False,45,80,17.5,140.0,5281.0,0.0,598.83,2012-10-30,0,2013-03-29,3546.0,1735.0,1735.0,48.92836999435984,45,f2009,5402.0,0.0,1.286190476190476,contextual_knn,-0.02880952380952362,-121.0,0.0
test,0,1.2592857142857143,2009,False,33,81,17.0,115.0,5289.0,0.0,763.28,2009-10-18,0,2010-03-17,2578.0,2711.0,2711.0,105.15903801396432,46,f2009,5093.0,0.0,1.2126190476190477,contextual_knn,0.046666666666666634,196.0,0.0
test,0,1.283095238095238,2010,False,52,88,17.0,150.0,5389.0,0.0,796.1100000000001,2010-11-06,0,2011-04-05,3245.0,2144.0,2144.0,66.07087827426811,46,f2009,5485.0,0.0,1.305952380952381,contextual_knn,-0.02285714285714291,-96.0,0.0
test,0,1.4475238095238097,2011,False,37,79,18.0,105.0,6193.0,18.0,579.7700000000001,2011-10-22,1,2012-03-20,3496.0,2697.0,2697.0,77.14530892448512,46,f2009,6104.0,60.0,1.3633333333333333,contextual_knn,0.08419047619047637,89.0,-42.0
test,0,1.3314285714285714,2012,False,34,91,15.0,140.0,5592.0,0.0,633.87,2012-10-19,0,2013-03-18,3546.0,2046.0,2046.0,57.69881556683587,46,f2009,5402.0,0.0,1.286190476190476,contextual_knn,0.0452380952380953,190.0,0.0
test,0,1.1643809523809523,2013,False,32,109,20.5,145.0,5407.0,82.0,407.43,2013-10-17,4,2014-03-16,3690.0,1717.0,1717.0,46.53116531165312,42,f2013,5158.0,60.0,1.138095238095238,contextual_knn,0.026285714285714246,249.0,22.0
test,0,1.4233333333333331,2014,False,26,104,15.5,135.0,5978.0,0.0,553.57,2014-10-11,0,2015-03-10,3542.0,2436.0,2436.0,68.77470355731225,42,f2013,5729.0,0.0,1.364047619047619,contextual_knn,0.059285714285714164,249.0,0.0
test,0,1.2457142857142858,2015,False,27,95,14.0,130.0,5232.0,0.0,683.0400000000001,2015-10-12,0,2016-03-10,3727.0,1505.0,1505.0,40.3810034880601,42,f2013,5409.0,15.0,1.2653571428571428,contextual_knn,-0.019642857142857073,-177.0,-15.0
test,0,1.4038095238095238,2016,False,45,99,20.0,150.0,5896.0,0.0,629.96,2016-10-30,0,2017-03-29,3381.0,2515.0,2515.0,74.38627624963028,42,f2013,6112.0,0.0,1.4552380952380952,contextual_knn,-0.05142857142857138,-216.0,0.0
test,0,1.221488095238095,2013,False,28,94,16.5,125.0,5650.0,82.5,416.52,2013-10-13,5,2014-03-12,3690.0,1960.0,1960.0,53.116531165311656,43,f2013,5158.0,60.0,1.138095238095238,contextual_knn,0.08339285714285705,492.0,22.5
test,0,1.42175,2014,False,20,97,15.5,120.0,6069.0,15.5,518.55,2014-10-05,1,2015-03-04,3542.0,2527.0,2527.0,71.34387351778656,43,f2013,5729.0,0.0,1.364047619047619,contextual_knn,0.057702380952381116,340.0,15.5
test,0,1.2457142857142858,2015,False,27,90,14.5,120.0,5232.0,0.0,683.0400000000001,2015-10-12,0,2016-03-10,3727.0,1505.0,1505.0,40.3810034880601,43,f2013,5409.0,15.0,1.2653571428571428,contextual_knn,-0.019642857142857073,-177.0,-15.0
test,0,1.3742857142857143,2016,False,52,89,20.5,140.0,5772.0,0.0,645.0400000000001,2016-11-06,0,2017-04-05,3381.0,2391.0,2391.0,70.71872227151731,43,f2013,6112.0,0.0,1.4552380952380952,contextual_knn,-0.08095238095238089,-340.0,0.0
test,0,1.2199404761904762,2013,False,26,89,12.5,100.0,5675.0,87.5,383.19,2013-10-11,7,2014-03-10,3690.0,1985.0,1985.0,53.79403794037941,44,f2013,5158.0,60.0,1.138095238095238,contextual_knn,0.08184523809523814,517.0,27.5
test,0,1.42175,2014,False,20,103,15.5,135.0,6069.0,15.5,518.55,2014-10-05,1,2015-03-04,3542.0,2527.0,2527.0,71.34387351778656,44,f2013,5729.0,0.0,1.364047619047619,contextual_knn,0.057702380952381116,340.0,15.5
test,0,1.3007142857142855,2015,False,23,108,19.0,155.0,5463.0,0.0,753.06,2015-10-08,0,2016-03-06,3727.0,1736.0,1736.0,46.57901797692514,44,f2013,5409.0,15.0,1.2653571428571428,contextual_knn,0.03535714285714264,54.0,-15.0
test,0,1.427142857142857,2016,False,42,95,18.0,140.0,5994.0,0.0,632.41,2016-10-27,0,2017-03-26,3381.0,2613.0,2613.0,77.28482697426797,44,f2013,6112.0,0.0,1.4552380952380952,contextual_knn,-0.028095238095238173,-118.0,0.0
test,0,1.266190476190476,2013,False,18,113,18.0,190.0,5885.0,90.0,406.4500000000001,2013-10-03,5,2014-03-02,3690.0,2195.0,2195.0,59.48509485094851,45,f2013,5158.0,60.0,1.138095238095238,contextual_knn,0.12809523809523804,727.0,30.0
test,0,1.3919166666666667,2014,False,17,115,16.5,185.0,5950.0,16.5,501.28,2014-10-02,1,2015-03-01,3542.0,2408.0,2408.0,67.98418972332016,45,f2013,5729.0,0.0,1.364047619047619,contextual_knn,0.027869047619047738,221.0,16.5
test,0,1.3007142857142855,2015,False,23,101,15.5,160.0,5463.0,0.0,753.06,2015-10-08,0,2016-03-06,3727.0,1736.0,1736.0,46.57901797692514,45,f2013,5409.0,15.0,1.2653571428571428,contextual_knn,0.03535714285714264,54.0,-15.0
test,0,1.430952380952381,2016,False,39,93,19.0,105.0,6010.0,0.0,644.0400000000001,2016-10-24,0,2017-03-23,3381.0,2629.0,2629.0,77.75805974563738,45,f2013,6112.0,0.0,1.4552380952380952,contextual_knn,-0.024285714285714244,-102.0,0.0
test,0,1.2815476190476192,2013,False,30,99,17.0,140.0,5918.0,85.0,420.36,2013-10-15,5,2014-03-14,3690.0,2228.0,2228.0,60.37940379403794,46,f2013,5158.0,60.0,1.138095238095238,contextual_knn,0.1434523809523811,760.0,25.0
test,0,1.4126190476190477,2014,False,25,99,13.5,135.0,5933.0,0.0,551.2499999999999,2014-10-10,0,2015-03-09,3542.0,2391.0,2391.0,67.50423489553924,46,f2013,5729.0,0.0,1.364047619047619,contextual_knn,0.04857142857142871,204.0,0.0
test,0,1.3007142857142855,2015,False,22,92,13.0,135.0,5463.0,0.0,747.88,2015-10-07,0,2016-03-05,3727.0,1736.0,1736.0,46.57901797692514,46,f2013,5409.0,15.0,1.2653571428571428,contextual_knn,0.03535714285714264,54.0,-15.0
test,0,1.3842857142857143,2016,False,48,82,19.0,150.0,5814.0,0.0,638.47,2016-11-02,0,2017-04-01,3381.0,2433.0,2433.0,71.96095829636202,46,f2013,6112.0,0.0,1.4552380952380952,contextual_knn,-0.07095238095238088,-298.0,0.0
test,0,1.4288095238095238,2017,False,22,118,18.5,130.0,6001.0,0.0,860.1500000000001,2017-10-07,0,2018-03-06,4000.0,2001.0,2001.0,50.025,42,f2017,5689.0,0.0,1.3545238095238095,contextual_knn,0.07428571428571429,312.0,0.0
test,0,1.2476190476190476,2018,False,24,123,20.0,145.0,5618.0,60.0,486.3099999999999,2018-10-09,3,2019-03-08,3750.0,1868.0,1868.0,49.81333333333333,42,f2017,4812.0,0.0,1.1457142857142857,contextual_knn,0.10190476190476194,806.0,60.0
test,0,1.241428571428571,2019,False,22,126,19.0,145.0,5214.0,0.0,450.09,2019-10-07,0,2020-03-05,3700.0,1514.0,1514.0,40.91891891891892,42,f2017,5447.0,0.0,1.296904761904762,contextual_knn,-0.0554761904761909,-233.0,0.0
test,0,1.3372619047619048,2020,False,37,103,17.5,135.0,5837.0,35.0,409.8499999999999,2020-10-22,2,2021-03-21,4050.0,1787.0,1787.0,44.123456790123456,42,f2017,5888.0,35.0,1.349404761904762,contextual_knn,-0.012142857142857233,-51.0,0.0
test,0,1.3545238095238097,2017,False,32,116,20.5,100.0,5689.0,0.0,878.0799999999999,2017-10-17,0,2018-03-16,4000.0,1689.0,1689.0,42.225,43,f2017,5689.0,0.0,1.3545238095238095,contextual_knn,2.220446049250313e-16,0.0,0.0
test,0,1.314,2018,False,32,121,18.0,110.0,5859.0,54.0,446.67,2018-10-17,3,2019-03-16,3750.0,2109.0,2109.0,56.24,43,f2017,4812.0,0.0,1.1457142857142857,contextual_knn,0.16828571428571437,1047.0,54.0
test,0,1.184214285714286,2019,False,39,118,20.5,110.0,5232.0,41.0,435.9799999999999,2019-10-24,2,2020-03-22,3700.0,1532.0,1532.0,41.4054054054054,43,f2017,5447.0,0.0,1.296904761904762,contextual_knn,-0.1126904761904759,-215.0,41.0
test,0,1.332095238095238,2020,False,34,105,22.0,130.0,5872.0,44.0,414.02,2020-10-19,2,2021-03-18,4050.0,1822.0,1822.0,44.98765432098765,43,f2017,5888.0,35.0,1.349404761904762,contextual_knn,-0.017309523809523997,-16.0,9.0
test,0,1.3935714285714285,2017,False,30,100,16.0,135.0,5853.0,0.0,869.8799999999999,2017-10-15,0,2018-03-14,4000.0,1853.0,1853.0,46.325,44,f2017,5689.0,0.0,1.3545238095238095,contextual_knn,0.039047619047619,164.0,0.0
test,0,1.327047619047619,2018,False,40,101,17.0,130.0,6002.0,68.0,449.28,2018-10-25,4,2019-03-24,3750.0,2252.0,2252.0,60.053333333333335,44,f2017,4812.0,0.0,1.1457142857142857,contextual_knn,0.18133333333333335,1190.0,68.0
test,0,1.2044761904761905,2019,False,34,104,18.0,130.0,5399.0,54.0,442.55,2019-10-19,3,2020-03-17,3700.0,1699.0,1699.0,45.91891891891892,44,f2017,5447.0,0.0,1.296904761904762,contextual_knn,-0.09242857142857153,-48.0,54.0
test,0,1.314809523809524,2020,False,31,90,16.5,150.0,5938.0,66.0,413.82,2020-10-16,4,2021-03-15,4050.0,1888.0,1888.0,46.617283950617285,44,f2017,5888.0,35.0,1.349404761904762,contextual_knn,-0.0345952380952379,50.0,31.0
test,0,1.3935714285714285,2017,False,30,105,14.5,140.0,5853.0,0.0,869.8799999999999,2017-10-15,0,2018-03-14,4000.0,1853.0,1853.0,46.325,45,f2017,5689.0,0.0,1.3545238095238095,contextual_knn,0.039047619047619,164.0,0.0
test,0,1.2882380952380952,2018,False,29,114,14.5,165.0,5776.0,58.0,472.52,2018-10-14,4,2019-03-13,3750.0,2026.0,2026.0,54.02666666666666,45,f2017,4812.0,0.0,1.1457142857142857,contextual_knn,0.1425238095238095,964.0,58.0
test,0,1.2430476190476192,2019,False,31,108,17.0,145.0,5435.0,34.0,445.7200000000001,2019-10-16,2,2020-03-14,3700.0,1735.0,1735.0,46.891891891891895,45,f2017,5447.0,0.0,1.296904761904762,contextual_knn,-0.053857142857142826,-12.0,34.0
test,0,1.314952380952381,2020,False,41,87,18.0,105.0,5863.0,54.0,398.52,2020-10-26,3,2021-03-25,4050.0,1813.0,1813.0,44.76543209876543,45,f2017,5888.0,35.0,1.349404761904762,contextual_knn,-0.0344523809523809,-25.0,19.0
test,0,1.4085714285714286,2017,False,28,118,17.5,140.0,5916.0,0.0,870.8399999999999,2017-10-13,0,2018-03-12,4000.0,1916.0,1916.0,47.9,46,f2017,5689.0,0.0,1.3545238095238095,contextual_knn,0.05404761904761912,227.0,0.0
test,0,1.2310833333333333,2018,False,25,125,20.5,145.0,5558.0,61.5,484.8099999999999,2018-10-10,3,2019-03-09,3750.0,1808.0,1808.0,48.21333333333333,46,f2017,4812.0,0.0,1.1457142857142857,contextual_knn,0.08536904761904762,746.0,61.5
test,0,1.2583690476190477,2019,False,30,124,19.5,150.0,5408.0,19.5,454.5700000000001,2019-10-15,1,2020-03-13,3700.0,1708.0,1708.0,46.16216216216216,46,f2017,5447.0,0.0,1.296904761904762,contextual_knn,-0.03853571428571434,-39.0,19.5
test,0,1.3580119047619048,2020,False,37,117,14.5,140.0,5795.0,14.5,409.8499999999999,2020-10-22,1,2021-03-21,4050.0,1745.0,1745.0,43.08641975308642,46,f2017,5888.0,35.0,1.349404761904762,contextual_knn,0.008607142857142813,-93.0,-20.5
test,0,1.1945238095238095,2021,False,25,130,16.0,135.0,5521.0,80.0,454.63,2021-10-10,5,2022-03-09,3700.0,1821.0,1821.0,49.21621621621622,42,f2021,5895.0,90.0,1.2685714285714285,contextual_knn,-0.07404761904761892,-374.0,-10.0
test,0,1.3788095238095237,2022,False,34,119,20.0,135.0,5791.0,0.0,561.4200000000001,2022-10-19,0,2023-03-18,3923.0,1868.0,1868.0,47.61661993372419,42,f2021,5758.0,0.0,1.370952380952381,contextual_knn,0.007857142857142785,33.0,0.0
test,0,1.0727261904761904,2023,False,23,98,15.5,185.0,5189.0,108.5,622.5600000000001,2023-10-08,7,2024-03-06,4154.0,1035.0,1035.0,24.91574386133847,42,f2021,4844.0,105.0,0.9958333333333333,contextual_knn,0.0768928571428571,345.0,3.5
test,0,1.3204761904761906,2024,False,31,115,16.5,105.0,5546.0,0.0,581.03,2024-10-16,0,2025-03-15,3827.0,1719.0,1719.0,44.91769009668148,42,f2021,5584.0,0.0,1.3295238095238096,contextual_knn,-0.009047619047618971,-38.0,0.0
test,0,1.261095238095238,2021,False,27,115,14.0,120.0,5914.0,98.0,453.9,2021-10-12,7,2022-03-11,3700.0,2214.0,2214.0,59.83783783783784,43,f2021,5895.0,90.0,1.2685714285714285,contextual_knn,-0.007476190476190414,19.0,8.0
test,0,1.3914285714285717,2022,False,33,111,21.5,120.0,5844.0,0.0,564.69,2022-10-18,0,2023-03-17,3923.0,1921.0,1921.0,48.96762681621208,43,f2021,5758.0,0.0,1.370952380952381,contextual_knn,0.02047619047619076,86.0,0.0
test,0,1.032404761904762,2023,False,25,104,15.5,120.0,4922.0,93.0,574.6700000000001,2023-10-10,6,2024-03-08,4154.0,768.0,768.0,18.488204140587385,43,f2021,4844.0,105.0,0.9958333333333333,contextual_knn,0.0365714285714287,78.0,-12.0
test,0,1.3847619047619049,2024,False,33,108,14.0,125.0,5816.0,0.0,598.5800000000002,2024-10-18,0,2025-03-17,3827.0,1989.0,1989.0,51.972824666840864,43,f2021,5584.0,0.0,1.3295238095238096,contextual_knn,0.05523809523809531,232.0,0.0
test,0,1.3229523809523809,2021,False,30,126,20.5,95.0,6073.0,82.0,459.48,2021-10-15,4,2022-03-14,3700.0,2373.0,2373.0,64.13513513513513,44,f2021,5895.0,90.0,1.2685714285714285,contextual_knn,0.05438095238095242,178.0,-8.0
test,0,1.4007142857142858,2022,False,32,116,28.5,140.0,5883.0,0.0,566.48,2022-10-17,0,2023-03-16,3923.0,1960.0,1960.0,49.961763956156005,44,f2021,5758.0,0.0,1.370952380952381,contextual_knn,0.029761904761904878,125.0,0.0
test,0,1.064404761904762,2023,False,28,106,15.0,105.0,5132.0,105.0,539.3199999999999,2023-10-13,7,2024-03-11,4154.0,978.0,978.0,23.54357246027925,44,f2021,4844.0,105.0,0.9958333333333333,contextual_knn,0.06857142857142873,288.0,0.0
test,0,1.3847619047619049,2024,False,33,117,16.0,105.0,5816.0,0.0,598.5800000000002,2024-10-18,0,2025-03-17,3827.0,1989.0,1989.0,51.972824666840864,44,f2021,5584.0,0.0,1.3295238095238096,contextual_knn,0.05523809523809531,232.0,0.0
test,0,1.327238095238095,2021,False,34,101,16.0,135.0,6280.0,112.0,411.13,2021-10-19,7,2022-03-18,3700.0,2580.0,2580.0,69.72972972972973,45,f2021,5895.0,90.0,1.2685714285714285,contextual_knn,0.058666666666666645,385.0,22.0
test,0,1.3733333333333333,2022,False,38,93,17.5,140.0,5768.0,0.0,525.51,2022-10-23,0,2023-03-22,3923.0,1845.0,1845.0,47.03033392811624,45,f2021,5758.0,0.0,1.370952380952381,contextual_knn,0.0023809523809523725,10.0,0.0
test,0,1.0634166666666665,2023,False,32,99,16.5,120.0,5194.0,115.5,480.81000000000006,2023-10-17,7,2024-03-15,4154.0,1040.0,1040.0,25.036109773712084,45,f2021,4844.0,105.0,0.9958333333333333,contextual_knn,0.0675833333333331,350.0,10.5
test,0,1.2949761904761905,2024,False,31,93,17.0,130.0,5546.0,17.0,581.03,2024-10-16,1,2025-03-15,3827.0,1719.0,1719.0,44.91769009668148,45,f2021,5584.0,0.0,1.3295238095238096,contextual_knn,-0.03454761904761905,-38.0,17.0
test,0,1.3289285714285717,2021,False,33,109,19.0,155.0,6180.0,95.0,413.08,2021-10-18,5,2022-03-17,3700.0,2480.0,2480.0,67.02702702702703,46,f2021,5895.0,90.0,1.2685714285714285,contextual_knn,0.06035714285714322,285.0,5.0
test,0,1.3795238095238096,2022,False,42,96,16.5,125.0,5794.0,0.0,546.5399999999998,2022-10-27,0,2023-03-26,3923.0,1871.0,1871.0,47.69309202141218,46,f2021,5758.0,0.0,1.370952380952381,contextual_knn,0.008571428571428674,36.0,0.0
test,0,1.0373214285714285,2023,False,23,103,21.5,120.0,5034.0,107.5,622.5600000000001,2023-10-08,5,2024-03-06,4154.0,880.0,880.0,21.184400577756374,46,f2021,4844.0,105.0,0.9958333333333333,contextual_knn,0.04148809523809516,190.0,2.5
test,0,1.3295238095238096,2024,False,32,103,18.5,170.0,5584.0,0.0,588.71,2024-10-17,0,2025-03-16,3827.0,1757.0,1757.0,45.91063496211132,46,f2021,5584.0,0.0,1.3295238095238096,contextual_knn,0.0,0.0,0.0
test,0,1.2026904761904762,2005,False,29,116,23.0,165.0,5486.0,69.0,482.9500000000001,2005-10-14,3,2006-03-13,3150.0,2336.0,2336.0,74.15873015873017,42,f2005,5470.0,120.0,1.1223809523809525,irrigated_nov10_45_18_120,0.08030952380952372,16.0,-51.0
test,0,1.3528571428571428,2006,False,30,114,21.5,170.0,5682.0,0.0,555.51,2006-10-15,0,2007-03-14,3000.0,2682.0,2682.0,89.4,42,f2005,5278.0,18.0,1.2296666666666667,irrigated_nov10_45_18_120,0.12319047619047607,404.0,-18.0
test,0,1.3726190476190476,2007,False,37,132,22.5,155.0,5765.0,0.0,584.2299999999999,2007-10-22,0,2008-03-20,3300.0,2465.0,2465.0,74.6969696969697,42,f2005,5468.0,72.0,1.1939047619047618,irrigated_nov10_45_18_120,0.17871428571428583,297.0,-72.0
test,0,0.9471190476190476,2008,False,23,122,23.5,175.0,4274.0,47.0,513.0,2008-10-08,2,2009-03-07,3126.0,1148.0,1148.0,36.72424824056302,42,f2005,5419.0,120.0,1.1102380952380952,irrigated_nov10_45_18_120,-0.1631190476190476,-1145.0,-73.0
test,0,1.0943333333333334,2005,False,29,150,18.0,130.0,4823.0,36.0,482.9500000000001,2005-10-14,2,2006-03-13,3150.0,1673.0,1673.0,53.11111111111112,43,f2005,5470.0,120.0,1.1223809523809525,irrigated_nov10_45_18_120,-0.0280476190476191,-647.0,-84.0
test,0,1.3214285714285714,2006,False,44,142,19.0,105.0,5550.0,0.0,612.1899999999999,2006-10-29,0,2007-03-28,3000.0,2550.0,2550.0,85.0,43,f2005,5278.0,18.0,1.2296666666666667,irrigated_nov10_45_18_120,0.09176190476190471,272.0,-18.0
test,0,1.361904761904762,2007,False,42,150,18.0,90.0,5720.0,0.0,607.19,2007-10-27,0,2008-03-25,3300.0,2420.0,2420.0,73.33333333333333,43,f2005,5468.0,72.0,1.1939047619047618,irrigated_nov10_45_18_120,0.16800000000000015,252.0,-72.0
test,0,0.8188690476190477,2008,False,21,150,22.5,195.0,3581.0,22.5,479.27,2008-10-06,1,2009-03-05,3126.0,455.0,455.0,14.55534229046705,43,f2005,5419.0,120.0,1.1102380952380952,irrigated_nov10_45_18_120,-0.2913690476190476,-1838.0,-97.5
test,0,1.217940476190476,2005,False,38,100,16.5,140.0,5843.0,115.5,467.64,2005-10-23,7,2006-03-22,3150.0,2693.0,2693.0,85.4920634920635,44,f2005,5470.0,120.0,1.1223809523809525,irrigated_nov10_45_18_120,0.09555952380952348,373.0,-4.5
test,0,1.3202380952380952,2006,False,36,101,14.5,125.0,5545.0,0.0,567.55,2006-10-21,0,2007-03-20,3000.0,2545.0,2545.0,84.83333333333333,44,f2005,5278.0,18.0,1.2296666666666667,irrigated_nov10_45_18_120,0.09057142857142852,267.0,-18.0
test,0,1.3597619047619047,2007,False,40,103,16.0,105.0,5711.0,0.0,602.76,2007-10-25,0,2008-03-23,3300.0,2411.0,2411.0,73.06060606060606,44,f2005,5468.0,72.0,1.1939047619047618,irrigated_nov10_45_18_120,0.16585714285714293,243.0,-72.0
test,0,1.1185238095238097,2008,False,33,102,16.0,160.0,5101.0,64.0,530.24,2008-10-18,4,2009-03-17,3126.0,1975.0,1975.0,63.17978246960973,44,f2005,5419.0,120.0,1.1102380952380952,irrigated_nov10_45_18_120,0.008285714285714452,-318.0,-56.0
test,0,1.2367261904761904,2005,False,28,104,16.5,150.0,5714.0,82.5,479.57,2005-10-13,5,2006-03-12,3150.0,2564.0,2564.0,81.39682539682539,45,f2005,5470.0,120.0,1.1223809523809525,irrigated_nov10_45_18_120,0.11434523809523789,244.0,-37.5
test,0,1.3254761904761905,2006,False,32,105,15.0,130.0,5567.0,0.0,540.64,2006-10-17,0,2007-03-16,3000.0,2567.0,2567.0,85.56666666666666,45,f2005,5278.0,18.0,1.2296666666666667,irrigated_nov10_45_18_120,0.09580952380952379,289.0,-18.0
test,0,1.3852380952380952,2007,False,38,115,16.5,125.0,5818.0,0.0,584.42,2007-10-23,0,2008-03-21,3300.0,2518.0,2518.0,76.3030303030303,45,f2005,5468.0,72.0,1.1939047619047618,irrigated_nov10_45_18_120,0.19133333333333336,350.0,-72.0
test,0,0.9922857142857142,2008,False,20,111,16.0,160.0,4470.0,48.0,517.3,2008-10-05,3,2009-03-04,3126.0,1344.0,1344.0,42.99424184261037,45,f2005,5419.0,120.0,1.1102380952380952,irrigated_nov10_45_18_120,-0.11795238095238103,-949.0,-72.0
test,0,1.1248571428571428,2005,False,25,127,13.0,155.0,5052.0,52.0,469.76,2005-10-10,4,2006-03-09,3150.0,1902.0,1902.0,60.38095238095238,46,f2005,5470.0,120.0,1.1223809523809525,irrigated_nov10_45_18_120,0.0024761904761902986,-418.0,-68.0
test,0,1.3276190476190477,2006,False,42,109,14.5,170.0,5576.0,0.0,613.8299999999999,2006-10-27,0,2007-03-26,3000.0,2576.0,2576.0,85.86666666666666,46,f2005,5278.0,18.0,1.2296666666666667,irrigated_nov10_45_18_120,0.09795238095238101,298.0,-18.0
test,0,1.35,2007,False,43,124,15.0,165.0,5670.0,0.0,606.52,2007-10-28,0,2008-03-26,3300.0,2370.0,2370.0,71.81818181818181,46,f2005,5468.0,72.0,1.1939047619047618,irrigated_nov10_45_18_120,0.1560952380952383,202.0,-72.0
test,0,0.8996428571428572,2008,False,20,133,12.5,130.0,3936.0,25.0,491.75,2008-10-05,2,2009-03-04,3126.0,810.0,810.0,25.911708253358924,46,f2005,5419.0,120.0,1.1102380952380952,irrigated_nov10_45_18_120,-0.21059523809523806,-1483.0,-95.0
test,0,1.25,2009,False,29,87,17.5,145.0,5250.0,0.0,827.6400000000001,2009-10-14,0,2010-03-13,2578.0,2672.0,2672.0,103.64623739332816,42,f2009,4976.0,0.0,1.1847619047619047,irrigated_nov10_45_18_120,0.06523809523809532,274.0,0.0
test,0,1.283095238095238,2010,False,52,92,19.0,150.0,5389.0,0.0,796.1100000000001,2010-11-06,0,2011-04-05,3245.0,2144.0,2144.0,66.07087827426811,42,f2009,5363.0,18.0,1.249904761904762,irrigated_nov10_45_18_120,0.03319047619047599,26.0,-18.0
test,0,1.4733333333333334,2011,False,33,91,19.5,145.0,6188.0,0.0,550.63,2011-10-18,0,2012-03-16,3496.0,2692.0,2692.0,77.00228832951944,42,f2009,5948.0,120.0,1.2361904761904763,irrigated_nov10_45_18_120,0.2371428571428571,240.0,-120.0
test,0,1.3295238095238096,2012,False,37,84,16.5,145.0,5584.0,0.0,647.1300000000001,2012-10-22,0,2013-03-21,3546.0,2038.0,2038.0,57.473209249859,42,f2009,5321.0,54.0,1.185904761904762,irrigated_nov10_45_18_120,0.14361904761904754,263.0,-54.0
test,0,1.2607142857142857,2009,False,24,91,14.5,140.0,5295.0,0.0,797.64,2009-10-09,0,2010-03-08,2578.0,2717.0,2717.0,105.39177657098526,43,f2009,4976.0,0.0,1.1847619047619047,irrigated_nov10_45_18_120,0.075952380952381,319.0,0.0
test,0,1.3138095238095238,2010,False,46,105,22.0,130.0,5518.0,0.0,805.8900000000002,2010-10-31,0,2011-03-30,3245.0,2273.0,2273.0,70.0462249614792,43,f2009,5363.0,18.0,1.249904761904762,irrigated_nov10_45_18_120,0.06390476190476169,155.0,-18.0
test,0,1.5202380952380952,2011,False,26,97,19.0,160.0,6385.0,0.0,612.5900000000001,2011-10-11,0,2012-03-09,3496.0,2889.0,2889.0,82.63729977116705,43,f2009,5948.0,120.0,1.2361904761904763,irrigated_nov10_45_18_120,0.2840476190476189,437.0,-120.0
test,0,1.3888095238095235,2012,False,29,98,13.5,115.0,5833.0,0.0,616.5900000000001,2012-10-14,0,2013-03-13,3546.0,2287.0,2287.0,64.49520586576425,43,f2009,5321.0,54.0,1.185904761904762,irrigated_nov10_45_18_120,0.20290476190476148,512.0,-54.0
test,0,1.2533333333333334,2009,False,36,80,16.0,160.0,5264.0,0.0,746.2900000000002,2009-10-21,0,2010-03-20,2578.0,2686.0,2686.0,104.18929402637704,44,f2009,4976.0,0.0,1.1847619047619047,irrigated_nov10_45_18_120,0.06857142857142873,288.0,0.0
test,0,1.3073809523809523,2010,False,50,89,19.0,120.0,5491.0,0.0,808.2500000000001,2010-11-04,0,2011-04-03,3245.0,2246.0,2246.0,69.21417565485362,44,f2009,5363.0,18.0,1.249904761904762,irrigated_nov10_45_18_120,0.057476190476190236,128.0,-18.0
test,0,1.4505238095238095,2011,False,37,78,16.0,160.0,6193.0,16.0,579.7700000000001,2011-10-22,1,2012-03-20,3496.0,2697.0,2697.0,77.14530892448512,44,f2009,5948.0,120.0,1.2361904761904763,irrigated_nov10_45_18_120,0.21433333333333326,245.0,-104.0
test,0,1.322142857142857,2012,False,38,89,15.0,140.0,5553.0,0.0,620.87,2012-10-23,0,2013-03-22,3546.0,2007.0,2007.0,56.598984771573605,44,f2009,5321.0,54.0,1.185904761904762,irrigated_nov10_45_18_120,0.13623809523809505,232.0,-54.0
test,0,1.2211904761904762,2009,False,49,72,18.5,140.0,5129.0,0.0,794.3000000000001,2009-11-03,0,2010-04-02,2578.0,2551.0,2551.0,98.95267649340576,45,f2009,4976.0,0.0,1.1847619047619047,irrigated_nov10_45_18_120,0.03642857142857148,153.0,0.0
test,0,1.3138095238095238,2010,False,46,92,17.5,140.0,5518.0,0.0,805.8900000000002,2010-10-31,0,2011-03-30,3245.0,2273.0,2273.0,70.0462249614792,45,f2009,5363.0,18.0,1.249904761904762,irrigated_nov10_45_18_120,0.06390476190476169,155.0,-18.0
test,0,1.4195,2011,False,46,75,18.5,140.0,6195.0,37.0,540.9799999999999,2011-10-31,2,2012-03-29,3496.0,2699.0,2699.0,77.2025171624714,45,f2009,5948.0,120.0,1.2361904761904763,irrigated_nov10_45_18_120,0.1833095238095237,247.0,-83.0
test,0,1.2573809523809525,2012,False,45,80,17.5,140.0,5281.0,0.0,598.83,2012-10-30,0,2013-03-29,3546.0,1735.0,1735.0,48.92836999435984,45,f2009,5321.0,54.0,1.185904761904762,irrigated_nov10_45_18_120,0.07147619047619047,-40.0,-54.0
test,0,1.2592857142857143,2009,False,33,81,17.0,115.0,5289.0,0.0,763.28,2009-10-18,0,2010-03-17,2578.0,2711.0,2711.0,105.15903801396432,46,f2009,4976.0,0.0,1.1847619047619047,irrigated_nov10_45_18_120,0.07452380952380966,313.0,0.0
test,0,1.283095238095238,2010,False,52,88,17.0,150.0,5389.0,0.0,796.1100000000001,2010-11-06,0,2011-04-05,3245.0,2144.0,2144.0,66.07087827426811,46,f2009,5363.0,18.0,1.249904761904762,irrigated_nov10_45_18_120,0.03319047619047599,26.0,-18.0
test,0,1.4475238095238097,2011,False,37,79,18.0,105.0,6193.0,18.0,579.7700000000001,2011-10-22,1,2012-03-20,3496.0,2697.0,2697.0,77.14530892448512,46,f2009,5948.0,120.0,1.2361904761904763,irrigated_nov10_45_18_120,0.21133333333333337,245.0,-102.0
test,0,1.3314285714285714,2012,False,34,91,15.0,140.0,5592.0,0.0,633.87,2012-10-19,0,2013-03-18,3546.0,2046.0,2046.0,57.69881556683587,46,f2009,5321.0,54.0,1.185904761904762,irrigated_nov10_45_18_120,0.1455238095238094,271.0,-54.0
test,0,1.1643809523809523,2013,False,32,109,20.5,145.0,5407.0,82.0,407.43,2013-10-17,4,2014-03-16,3690.0,1717.0,1717.0,46.53116531165312,42,f2013,5531.0,120.0,1.1369047619047619,irrigated_nov10_45_18_120,0.027476190476190432,-124.0,-38.0
test,0,1.4233333333333331,2014,False,26,104,15.5,135.0,5978.0,0.0,553.57,2014-10-11,0,2015-03-10,3542.0,2436.0,2436.0,68.77470355731225,42,f2013,5543.0,18.0,1.2927619047619048,irrigated_nov10_45_18_120,0.13057142857142834,435.0,-18.0
test,0,1.2457142857142858,2015,False,27,95,14.0,130.0,5232.0,0.0,683.0400000000001,2015-10-12,0,2016-03-10,3727.0,1505.0,1505.0,40.3810034880601,42,f2013,5088.0,18.0,1.1844285714285716,irrigated_nov10_45_18_120,0.061285714285714166,144.0,-18.0
test,0,1.4038095238095238,2016,False,45,99,20.0,150.0,5896.0,0.0,629.96,2016-10-30,0,2017-03-29,3381.0,2515.0,2515.0,74.38627624963028,42,f2013,5697.0,36.0,1.3024285714285715,irrigated_nov10_45_18_120,0.10138095238095235,199.0,-36.0
test,0,1.221488095238095,2013,False,28,94,16.5,125.0,5650.0,82.5,416.52,2013-10-13,5,2014-03-12,3690.0,1960.0,1960.0,53.116531165311656,43,f2013,5531.0,120.0,1.1369047619047619,irrigated_nov10_45_18_120,0.08458333333333323,119.0,-37.5
test,0,1.42175,2014,False,20,97,15.5,120.0,6069.0,15.5,518.55,2014-10-05,1,2015-03-04,3542.0,2527.0,2527.0,71.34387351778656,43,f2013,5543.0,18.0,1.2927619047619048,irrigated_nov10_45_18_120,0.1289880952380953,526.0,-2.5
test,0,1.2457142857142858,2015,False,27,90,14.5,120.0,5232.0,0.0,683.0400000000001,2015-10-12,0,2016-03-10,3727.0,1505.0,1505.0,40.3810034880601,43,f2013,5088.0,18.0,1.1844285714285716,irrigated_nov10_45_18_120,0.061285714285714166,144.0,-18.0
test,0,1.3742857142857143,2016,False,52,89,20.5,140.0,5772.0,0.0,645.0400000000001,2016-11-06,0,2017-04-05,3381.0,2391.0,2391.0,70.71872227151731,43,f2013,5697.0,36.0,1.3024285714285715,irrigated_nov10_45_18_120,0.07185714285714284,75.0,-36.0
test,0,1.2199404761904762,2013,False,26,89,12.5,100.0,5675.0,87.5,383.19,2013-10-11,7,2014-03-10,3690.0,1985.0,1985.0,53.79403794037941,44,f2013,5531.0,120.0,1.1369047619047619,irrigated_nov10_45_18_120,0.08303571428571432,144.0,-32.5
test,0,1.42175,2014,False,20,103,15.5,135.0,6069.0,15.5,518.55,2014-10-05,1,2015-03-04,3542.0,2527.0,2527.0,71.34387351778656,44,f2013,5543.0,18.0,1.2927619047619048,irrigated_nov10_45_18_120,0.1289880952380953,526.0,-2.5
test,0,1.3007142857142855,2015,False,23,108,19.0,155.0,5463.0,0.0,753.06,2015-10-08,0,2016-03-06,3727.0,1736.0,1736.0,46.57901797692514,44,f2013,5088.0,18.0,1.1844285714285716,irrigated_nov10_45_18_120,0.11628571428571388,375.0,-18.0
test,0,1.427142857142857,2016,False,42,95,18.0,140.0,5994.0,0.0,632.41,2016-10-27,0,2017-03-26,3381.0,2613.0,2613.0,77.28482697426797,44,f2013,5697.0,36.0,1.3024285714285715,irrigated_nov10_45_18_120,0.12471428571428556,297.0,-36.0
test,0,1.266190476190476,2013,False,18,113,18.0,190.0,5885.0,90.0,406.4500000000001,2013-10-03,5,2014-03-02,3690.0,2195.0,2195.0,59.48509485094851,45,f2013,5531.0,120.0,1.1369047619047619,irrigated_nov10_45_18_120,0.12928571428571423,354.0,-30.0
test,0,1.3919166666666667,2014,False,17,115,16.5,185.0,5950.0,16.5,501.28,2014-10-02,1,2015-03-01,3542.0,2408.0,2408.0,67.98418972332016,45,f2013,5543.0,18.0,1.2927619047619048,irrigated_nov10_45_18_120,0.09915476190476191,407.0,-1.5
test,0,1.3007142857142855,2015,False,23,101,15.5,160.0,5463.0,0.0,753.06,2015-10-08,0,2016-03-06,3727.0,1736.0,1736.0,46.57901797692514,45,f2013,5088.0,18.0,1.1844285714285716,irrigated_nov10_45_18_120,0.11628571428571388,375.0,-18.0
test,0,1.430952380952381,2016,False,39,93,19.0,105.0,6010.0,0.0,644.0400000000001,2016-10-24,0,2017-03-23,3381.0,2629.0,2629.0,77.75805974563738,45,f2013,5697.0,36.0,1.3024285714285715,irrigated_nov10_45_18_120,0.12852380952380948,313.0,-36.0
test,0,1.2815476190476192,2013,False,30,99,17.0,140.0,5918.0,85.0,420.36,2013-10-15,5,2014-03-14,3690.0,2228.0,2228.0,60.37940379403794,46,f2013,5531.0,120.0,1.1369047619047619,irrigated_nov10_45_18_120,0.1446428571428573,387.0,-35.0
test,0,1.4126190476190477,2014,False,25,99,13.5,135.0,5933.0,0.0,551.2499999999999,2014-10-10,0,2015-03-09,3542.0,2391.0,2391.0,67.50423489553924,46,f2013,5543.0,18.0,1.2927619047619048,irrigated_nov10_45_18_120,0.11985714285714288,390.0,-18.0
test,0,1.3007142857142855,2015,False,22,92,13.0,135.0,5463.0,0.0,747.88,2015-10-07,0,2016-03-05,3727.0,1736.0,1736.0,46.57901797692514,46,f2013,5088.0,18.0,1.1844285714285716,irrigated_nov10_45_18_120,0.11628571428571388,375.0,-18.0
test,0,1.3842857142857143,2016,False,48,82,19.0,150.0,5814.0,0.0,638.47,2016-11-02,0,2017-04-01,3381.0,2433.0,2433.0,71.96095829636202,46,f2013,5697.0,36.0,1.3024285714285715,irrigated_nov10_45_18_120,0.08185714285714285,117.0,-36.0
test,0,1.4288095238095238,2017,False,22,118,18.5,130.0,6001.0,0.0,860.1500000000001,2017-10-07,0,2018-03-06,4000.0,2001.0,2001.0,50.025,42,f2017,5392.0,54.0,1.2028095238095238,irrigated_nov10_45_18_120,0.22599999999999998,609.0,-54.0
test,0,1.2476190476190476,2018,False,24,123,20.0,145.0,5618.0,60.0,486.3099999999999,2018-10-09,3,2019-03-08,3750.0,1868.0,1868.0,49.81333333333333,42,f2017,5568.0,108.0,1.1637142857142857,irrigated_nov10_45_18_120,0.08390476190476193,50.0,-48.0
test,0,1.241428571428571,2019,False,22,126,19.0,145.0,5214.0,0.0,450.09,2019-10-07,0,2020-03-05,3700.0,1514.0,1514.0,40.91891891891892,42,f2017,5689.0,120.0,1.1745238095238095,irrigated_nov10_45_18_120,0.06690476190476158,-475.0,-120.0
test,0,1.3372619047619048,2020,False,37,103,17.5,135.0,5837.0,35.0,409.8499999999999,2020-10-22,2,2021-03-21,4050.0,1787.0,1787.0,44.123456790123456,42,f2017,5640.0,120.0,1.1628571428571428,irrigated_nov10_45_18_120,0.17440476190476195,197.0,-85.0
test,0,1.3545238095238097,2017,False,32,116,20.5,100.0,5689.0,0.0,878.0799999999999,2017-10-17,0,2018-03-16,4000.0,1689.0,1689.0,42.225,43,f2017,5392.0,54.0,1.2028095238095238,irrigated_nov10_45_18_120,0.1517142857142859,297.0,-54.0
test,0,1.314,2018,False,32,121,18.0,110.0,5859.0,54.0,446.67,2018-10-17,3,2019-03-16,3750.0,2109.0,2109.0,56.24,43,f2017,5568.0,108.0,1.1637142857142857,irrigated_nov10_45_18_120,0.15028571428571436,291.0,-54.0
test,0,1.184214285714286,2019,False,39,118,20.5,110.0,5232.0,41.0,435.9799999999999,2019-10-24,2,2020-03-22,3700.0,1532.0,1532.0,41.4054054054054,43,f2017,5689.0,120.0,1.1745238095238095,irrigated_nov10_45_18_120,0.009690476190476582,-457.0,-79.0
test,0,1.332095238095238,2020,False,34,105,22.0,130.0,5872.0,44.0,414.02,2020-10-19,2,2021-03-18,4050.0,1822.0,1822.0,44.98765432098765,43,f2017,5640.0,120.0,1.1628571428571428,irrigated_nov10_45_18_120,0.1692380952380952,232.0,-76.0
test,0,1.3935714285714285,2017,False,30,100,16.0,135.0,5853.0,0.0,869.8799999999999,2017-10-15,0,2018-03-14,4000.0,1853.0,1853.0,46.325,44,f2017,5392.0,54.0,1.2028095238095238,irrigated_nov10_45_18_120,0.1907619047619047,461.0,-54.0
test,0,1.327047619047619,2018,False,40,101,17.0,130.0,6002.0,68.0,449.28,2018-10-25,4,2019-03-24,3750.0,2252.0,2252.0,60.053333333333335,44,f2017,5568.0,108.0,1.1637142857142857,irrigated_nov10_45_18_120,0.16333333333333333,434.0,-40.0
test,0,1.2044761904761905,2019,False,34,104,18.0,130.0,5399.0,54.0,442.55,2019-10-19,3,2020-03-17,3700.0,1699.0,1699.0,45.91891891891892,44,f2017,5689.0,120.0,1.1745238095238095,irrigated_nov10_45_18_120,0.029952380952380953,-290.0,-66.0
test,0,1.314809523809524,2020,False,31,90,16.5,150.0,5938.0,66.0,413.82,2020-10-16,4,2021-03-15,4050.0,1888.0,1888.0,46.617283950617285,44,f2017,5640.0,120.0,1.1628571428571428,irrigated_nov10_45_18_120,0.15195238095238128,298.0,-54.0
test,0,1.3935714285714285,2017,False,30,105,14.5,140.0,5853.0,0.0,869.8799999999999,2017-10-15,0,2018-03-14,4000.0,1853.0,1853.0,46.325,45,f2017,5392.0,54.0,1.2028095238095238,irrigated_nov10_45_18_120,0.1907619047619047,461.0,-54.0
test,0,1.2882380952380952,2018,False,29,114,14.5,165.0,5776.0,58.0,472.52,2018-10-14,4,2019-03-13,3750.0,2026.0,2026.0,54.02666666666666,45,f2017,5568.0,108.0,1.1637142857142857,irrigated_nov10_45_18_120,0.12452380952380948,208.0,-50.0
test,0,1.2430476190476192,2019,False,31,108,17.0,145.0,5435.0,34.0,445.7200000000001,2019-10-16,2,2020-03-14,3700.0,1735.0,1735.0,46.891891891891895,45,f2017,5689.0,120.0,1.1745238095238095,irrigated_nov10_45_18_120,0.06852380952380965,-254.0,-86.0
test,0,1.314952380952381,2020,False,41,87,18.0,105.0,5863.0,54.0,398.52,2020-10-26,3,2021-03-25,4050.0,1813.0,1813.0,44.76543209876543,45,f2017,5640.0,120.0,1.1628571428571428,irrigated_nov10_45_18_120,0.15209523809523828,223.0,-66.0
test,0,1.4085714285714286,2017,False,28,118,17.5,140.0,5916.0,0.0,870.8399999999999,2017-10-13,0,2018-03-12,4000.0,1916.0,1916.0,47.9,46,f2017,5392.0,54.0,1.2028095238095238,irrigated_nov10_45_18_120,0.2057619047619048,524.0,-54.0
test,0,1.2310833333333333,2018,False,25,125,20.5,145.0,5558.0,61.5,484.8099999999999,2018-10-10,3,2019-03-09,3750.0,1808.0,1808.0,48.21333333333333,46,f2017,5568.0,108.0,1.1637142857142857,irrigated_nov10_45_18_120,0.0673690476190476,-10.0,-46.5
test,0,1.2583690476190477,2019,False,30,124,19.5,150.0,5408.0,19.5,454.5700000000001,2019-10-15,1,2020-03-13,3700.0,1708.0,1708.0,46.16216216216216,46,f2017,5689.0,120.0,1.1745238095238095,irrigated_nov10_45_18_120,0.08384523809523814,-281.0,-100.5
test,0,1.3580119047619048,2020,False,37,117,14.5,140.0,5795.0,14.5,409.8499999999999,2020-10-22,1,2021-03-21,4050.0,1745.0,1745.0,43.08641975308642,46,f2017,5640.0,120.0,1.1628571428571428,irrigated_nov10_45_18_120,0.195154761904762,155.0,-105.5
test,0,1.1945238095238095,2021,False,25,130,16.0,135.0,5521.0,80.0,454.63,2021-10-10,5,2022-03-09,3700.0,1821.0,1821.0,49.21621621621622,42,f2021,5983.0,120.0,1.2445238095238096,irrigated_nov10_45_18_120,-0.050000000000000044,-462.0,-40.0
test,0,1.3788095238095237,2022,False,34,119,20.0,135.0,5791.0,0.0,561.4200000000001,2022-10-19,0,2023-03-18,3923.0,1868.0,1868.0,47.61661993372419,42,f2021,5528.0,72.0,1.208190476190476,irrigated_nov10_45_18_120,0.17061904761904767,263.0,-72.0
test,0,1.0727261904761904,2023,False,23,98,15.5,185.0,5189.0,108.5,622.5600000000001,2023-10-08,7,2024-03-06,4154.0,1035.0,1035.0,24.91574386133847,42,f2021,5427.0,120.0,1.112142857142857,irrigated_nov10_45_18_120,-0.039416666666666655,-238.0,-11.5
test,0,1.3204761904761906,2024,False,31,115,16.5,105.0,5546.0,0.0,581.03,2024-10-16,0,2025-03-15,3827.0,1719.0,1719.0,44.91769009668148,42,f2021,5884.0,120.0,1.220952380952381,irrigated_nov10_45_18_120,0.09952380952380957,-338.0,-120.0
test,0,1.261095238095238,2021,False,27,115,14.0,120.0,5914.0,98.0,453.9,2021-10-12,7,2022-03-11,3700.0,2214.0,2214.0,59.83783783783784,43,f2021,5983.0,120.0,1.2445238095238096,irrigated_nov10_45_18_120,0.01657142857142846,-69.0,-22.0
test,0,1.3914285714285717,2022,False,33,111,21.5,120.0,5844.0,0.0,564.69,2022-10-18,0,2023-03-17,3923.0,1921.0,1921.0,48.96762681621208,43,f2021,5528.0,72.0,1.208190476190476,irrigated_nov10_45_18_120,0.18323809523809564,316.0,-72.0
test,0,1.032404761904762,2023,False,25,104,15.5,120.0,4922.0,93.0,574.6700000000001,2023-10-10,6,2024-03-08,4154.0,768.0,768.0,18.488204140587385,43,f2021,5427.0,120.0,1.112142857142857,irrigated_nov10_45_18_120,-0.07973809523809505,-505.0,-27.0
test,0,1.3847619047619049,2024,False,33,108,14.0,125.0,5816.0,0.0,598.5800000000002,2024-10-18,0,2025-03-17,3827.0,1989.0,1989.0,51.972824666840864,43,f2021,5884.0,120.0,1.220952380952381,irrigated_nov10_45_18_120,0.16380952380952385,-68.0,-120.0
test,0,1.3229523809523809,2021,False,30,126,20.5,95.0,6073.0,82.0,459.48,2021-10-15,4,2022-03-14,3700.0,2373.0,2373.0,64.13513513513513,44,f2021,5983.0,120.0,1.2445238095238096,irrigated_nov10_45_18_120,0.07842857142857129,90.0,-38.0
test,0,1.4007142857142858,2022,False,32,116,28.5,140.0,5883.0,0.0,566.48,2022-10-17,0,2023-03-16,3923.0,1960.0,1960.0,49.961763956156005,44,f2021,5528.0,72.0,1.208190476190476,irrigated_nov10_45_18_120,0.19252380952380976,355.0,-72.0
test,0,1.064404761904762,2023,False,28,106,15.0,105.0,5132.0,105.0,539.3199999999999,2023-10-13,7,2024-03-11,4154.0,978.0,978.0,23.54357246027925,44,f2021,5427.0,120.0,1.112142857142857,irrigated_nov10_45_18_120,-0.047738095238095024,-295.0,-15.0
test,0,1.3847619047619049,2024,False,33,117,16.0,105.0,5816.0,0.0,598.5800000000002,2024-10-18,0,2025-03-17,3827.0,1989.0,1989.0,51.972824666840864,44,f2021,5884.0,120.0,1.220952380952381,irrigated_nov10_45_18_120,0.16380952380952385,-68.0,-120.0
test,0,1.327238095238095,2021,False,34,101,16.0,135.0,6280.0,112.0,411.13,2021-10-19,7,2022-03-18,3700.0,2580.0,2580.0,69.72972972972973,45,f2021,5983.0,120.0,1.2445238095238096,irrigated_nov10_45_18_120,0.08271428571428552,297.0,-8.0
test,0,1.3733333333333333,2022,False,38,93,17.5,140.0,5768.0,0.0,525.51,2022-10-23,0,2023-03-22,3923.0,1845.0,1845.0,47.03033392811624,45,f2021,5528.0,72.0,1.208190476190476,irrigated_nov10_45_18_120,0.16514285714285726,240.0,-72.0
test,0,1.0634166666666665,2023,False,32,99,16.5,120.0,5194.0,115.5,480.81000000000006,2023-10-17,7,2024-03-15,4154.0,1040.0,1040.0,25.036109773712084,45,f2021,5427.0,120.0,1.112142857142857,irrigated_nov10_45_18_120,-0.048726190476190645,-233.0,-4.5
test,0,1.2949761904761905,2024,False,31,93,17.0,130.0,5546.0,17.0,581.03,2024-10-16,1,2025-03-15,3827.0,1719.0,1719.0,44.91769009668148,45,f2021,5884.0,120.0,1.220952380952381,irrigated_nov10_45_18_120,0.07402380952380949,-338.0,-103.0
test,0,1.3289285714285717,2021,False,33,109,19.0,155.0,6180.0,95.0,413.08,2021-10-18,5,2022-03-17,3700.0,2480.0,2480.0,67.02702702702703,46,f2021,5983.0,120.0,1.2445238095238096,irrigated_nov10_45_18_120,0.0844047619047621,197.0,-25.0
test,0,1.3795238095238096,2022,False,42,96,16.5,125.0,5794.0,0.0,546.5399999999998,2022-10-27,0,2023-03-26,3923.0,1871.0,1871.0,47.69309202141218,46,f2021,5528.0,72.0,1.208190476190476,irrigated_nov10_45_18_120,0.17133333333333356,266.0,-72.0
test,0,1.0373214285714285,2023,False,23,103,21.5,120.0,5034.0,107.5,622.5600000000001,2023-10-08,5,2024-03-06,4154.0,880.0,880.0,21.184400577756374,46,f2021,5427.0,120.0,1.112142857142857,irrigated_nov10_45_18_120,-0.0748214285714286,-393.0,-12.5
test,0,1.3295238095238096,2024,False,32,103,18.5,170.0,5584.0,0.0,588.71,2024-10-17,0,2025-03-16,3827.0,1757.0,1757.0,45.91063496211132,46,f2021,5884.0,120.0,1.220952380952381,irrigated_nov10_45_18_120,0.10857142857142854,-300.0,-120.0
test,0,1.2026904761904762,2005,False,29,116,23.0,165.0,5486.0,69.0,482.9500000000001,2005-10-14,3,2006-03-13,3150.0,2336.0,2336.0,74.15873015873017,42,f2005,5850.0,120.0,1.2128571428571429,irrigated_oct15_45_18_120,-0.010166666666666657,-364.0,-51.0
test,0,1.3528571428571428,2006,False,30,114,21.5,170.0,5682.0,0.0,555.51,2006-10-15,0,2007-03-14,3000.0,2682.0,2682.0,89.4,42,f2005,5682.0,18.0,1.3258571428571428,irrigated_oct15_45_18_120,0.026999999999999913,0.0,-18.0
test,0,1.3726190476190476,2007,False,37,132,22.5,155.0,5765.0,0.0,584.2299999999999,2007-10-22,0,2008-03-20,3300.0,2465.0,2465.0,74.6969696969697,42,f2005,5676.0,72.0,1.2434285714285713,irrigated_oct15_45_18_120,0.1291904761904763,89.0,-72.0
test,0,0.9471190476190476,2008,False,23,122,23.5,175.0,4274.0,47.0,513.0,2008-10-08,2,2009-03-07,3126.0,1148.0,1148.0,36.72424824056302,42,f2005,5735.0,120.0,1.1854761904761906,irrigated_oct15_45_18_120,-0.23835714285714293,-1461.0,-73.0
test,0,1.0943333333333334,2005,False,29,150,18.0,130.0,4823.0,36.0,482.9500000000001,2005-10-14,2,2006-03-13,3150.0,1673.0,1673.0,53.11111111111112,43,f2005,5850.0,120.0,1.2128571428571429,irrigated_oct15_45_18_120,-0.11852380952380948,-1027.0,-84.0
test,0,1.3214285714285714,2006,False,44,142,19.0,105.0,5550.0,0.0,612.1899999999999,2006-10-29,0,2007-03-28,3000.0,2550.0,2550.0,85.0,43,f2005,5682.0,18.0,1.3258571428571428,irrigated_oct15_45_18_120,-0.004428571428571448,-132.0,-18.0
test,0,1.361904761904762,2007,False,42,150,18.0,90.0,5720.0,0.0,607.19,2007-10-27,0,2008-03-25,3300.0,2420.0,2420.0,73.33333333333333,43,f2005,5676.0,72.0,1.2434285714285713,irrigated_oct15_45_18_120,0.11847619047619062,44.0,-72.0
test,0,0.8188690476190477,2008,False,21,150,22.5,195.0,3581.0,22.5,479.27,2008-10-06,1,2009-03-05,3126.0,455.0,455.0,14.55534229046705,43,f2005,5735.0,120.0,1.1854761904761906,irrigated_oct15_45_18_120,-0.3666071428571429,-2154.0,-97.5
test,0,1.217940476190476,2005,False,38,100,16.5,140.0,5843.0,115.5,467.64,2005-10-23,7,2006-03-22,3150.0,2693.0,2693.0,85.4920634920635,44,f2005,5850.0,120.0,1.2128571428571429,irrigated_oct15_45_18_120,0.0050833333333331066,-7.0,-4.5
test,0,1.3202380952380952,2006,False,36,101,14.5,125.0,5545.0,0.0,567.55,2006-10-21,0,2007-03-20,3000.0,2545.0,2545.0,84.83333333333333,44,f2005,5682.0,18.0,1.3258571428571428,irrigated_oct15_45_18_120,-0.005619047619047635,-137.0,-18.0
test,0,1.3597619047619047,2007,False,40,103,16.0,105.0,5711.0,0.0,602.76,2007-10-25,0,2008-03-23,3300.0,2411.0,2411.0,73.06060606060606,44,f2005,5676.0,72.0,1.2434285714285713,irrigated_oct15_45_18_120,0.1163333333333334,35.0,-72.0
test,0,1.1185238095238097,2008,False,33,102,16.0,160.0,5101.0,64.0,530.24,2008-10-18,4,2009-03-17,3126.0,1975.0,1975.0,63.17978246960973,44,f2005,5735.0,120.0,1.1854761904761906,irrigated_oct15_45_18_120,-0.06695238095238087,-634.0,-56.0
test,0,1.2367261904761904,2005,False,28,104,16.5,150.0,5714.0,82.5,479.57,2005-10-13,5,2006-03-12,3150.0,2564.0,2564.0,81.39682539682539,45,f2005,5850.0,120.0,1.2128571428571429,irrigated_oct15_45_18_120,0.023869047619047512,-136.0,-37.5
test,0,1.3254761904761905,2006,False,32,105,15.0,130.0,5567.0,0.0,540.64,2006-10-17,0,2007-03-16,3000.0,2567.0,2567.0,85.56666666666666,45,f2005,5682.0,18.0,1.3258571428571428,irrigated_oct15_45_18_120,-0.0003809523809523707,-115.0,-18.0
test,0,1.3852380952380952,2007,False,38,115,16.5,125.0,5818.0,0.0,584.42,2007-10-23,0,2008-03-21,3300.0,2518.0,2518.0,76.3030303030303,45,f2005,5676.0,72.0,1.2434285714285713,irrigated_oct15_45_18_120,0.14180952380952383,142.0,-72.0
test,0,0.9922857142857142,2008,False,20,111,16.0,160.0,4470.0,48.0,517.3,2008-10-05,3,2009-03-04,3126.0,1344.0,1344.0,42.99424184261037,45,f2005,5735.0,120.0,1.1854761904761906,irrigated_oct15_45_18_120,-0.19319047619047636,-1265.0,-72.0
test,0,1.1248571428571428,2005,False,25,127,13.0,155.0,5052.0,52.0,469.76,2005-10-10,4,2006-03-09,3150.0,1902.0,1902.0,60.38095238095238,46,f2005,5850.0,120.0,1.2128571428571429,irrigated_oct15_45_18_120,-0.08800000000000008,-798.0,-68.0
test,0,1.3276190476190477,2006,False,42,109,14.5,170.0,5576.0,0.0,613.8299999999999,2006-10-27,0,2007-03-26,3000.0,2576.0,2576.0,85.86666666666666,46,f2005,5682.0,18.0,1.3258571428571428,irrigated_oct15_45_18_120,0.0017619047619048533,-106.0,-18.0
test,0,1.35,2007,False,43,124,15.0,165.0,5670.0,0.0,606.52,2007-10-28,0,2008-03-26,3300.0,2370.0,2370.0,71.81818181818181,46,f2005,5676.0,72.0,1.2434285714285713,irrigated_oct15_45_18_120,0.10657142857142876,-6.0,-72.0
test,0,0.8996428571428572,2008,False,20,133,12.5,130.0,3936.0,25.0,491.75,2008-10-05,2,2009-03-04,3126.0,810.0,810.0,25.911708253358924,46,f2005,5735.0,120.0,1.1854761904761906,irrigated_oct15_45_18_120,-0.2858333333333334,-1799.0,-95.0
test,0,1.25,2009,False,29,87,17.5,145.0,5250.0,0.0,827.6400000000001,2009-10-14,0,2010-03-13,2578.0,2672.0,2672.0,103.64623739332816,42,f2009,5341.0,18.0,1.2446666666666668,irrigated_oct15_45_18_120,0.00533333333333319,-91.0,-18.0
test,0,1.283095238095238,2010,False,52,92,19.0,150.0,5389.0,0.0,796.1100000000001,2010-11-06,0,2011-04-05,3245.0,2144.0,2144.0,66.07087827426811,42,f2009,5702.0,0.0,1.3576190476190477,irrigated_oct15_45_18_120,-0.07452380952380966,-313.0,0.0
test,0,1.4733333333333334,2011,False,33,91,19.5,145.0,6188.0,0.0,550.63,2011-10-18,0,2012-03-16,3496.0,2692.0,2692.0,77.00228832951944,42,f2009,6326.0,120.0,1.3261904761904761,irrigated_oct15_45_18_120,0.14714285714285724,-138.0,-120.0
test,0,1.3295238095238096,2012,False,37,84,16.5,145.0,5584.0,0.0,647.1300000000001,2012-10-22,0,2013-03-21,3546.0,2038.0,2038.0,57.473209249859,42,f2009,5695.0,36.0,1.301952380952381,irrigated_oct15_45_18_120,0.02757142857142858,-111.0,-36.0
test,0,1.2607142857142857,2009,False,24,91,14.5,140.0,5295.0,0.0,797.64,2009-10-09,0,2010-03-08,2578.0,2717.0,2717.0,105.39177657098526,43,f2009,5341.0,18.0,1.2446666666666668,irrigated_oct15_45_18_120,0.016047619047618866,-46.0,-18.0
test,0,1.3138095238095238,2010,False,46,105,22.0,130.0,5518.0,0.0,805.8900000000002,2010-10-31,0,2011-03-30,3245.0,2273.0,2273.0,70.0462249614792,43,f2009,5702.0,0.0,1.3576190476190477,irrigated_oct15_45_18_120,-0.043809523809523965,-184.0,0.0
test,0,1.5202380952380952,2011,False,26,97,19.0,160.0,6385.0,0.0,612.5900000000001,2011-10-11,0,2012-03-09,3496.0,2889.0,2889.0,82.63729977116705,43,f2009,6326.0,120.0,1.3261904761904761,irrigated_oct15_45_18_120,0.19404761904761902,59.0,-120.0
test,0,1.3888095238095235,2012,False,29,98,13.5,115.0,5833.0,0.0,616.5900000000001,2012-10-14,0,2013-03-13,3546.0,2287.0,2287.0,64.49520586576425,43,f2009,5695.0,36.0,1.301952380952381,irrigated_oct15_45_18_120,0.08685714285714252,138.0,-36.0
test,0,1.2533333333333334,2009,False,36,80,16.0,160.0,5264.0,0.0,746.2900000000002,2009-10-21,0,2010-03-20,2578.0,2686.0,2686.0,104.18929402637704,44,f2009,5341.0,18.0,1.2446666666666668,irrigated_oct15_45_18_120,0.0086666666666666,-77.0,-18.0
test,0,1.3073809523809523,2010,False,50,89,19.0,120.0,5491.0,0.0,808.2500000000001,2010-11-04,0,2011-04-03,3245.0,2246.0,2246.0,69.21417565485362,44,f2009,5702.0,0.0,1.3576190476190477,irrigated_oct15_45_18_120,-0.050238095238095415,-211.0,0.0
test,0,1.4505238095238095,2011,False,37,78,16.0,160.0,6193.0,16.0,579.7700000000001,2011-10-22,1,2012-03-20,3496.0,2697.0,2697.0,77.14530892448512,44,f2009,6326.0,120.0,1.3261904761904761,irrigated_oct15_45_18_120,0.1243333333333334,-133.0,-104.0
test,0,1.322142857142857,2012,False,38,89,15.0,140.0,5553.0,0.0,620.87,2012-10-23,0,2013-03-22,3546.0,2007.0,2007.0,56.598984771573605,44,f2009,5695.0,36.0,1.301952380952381,irrigated_oct15_45_18_120,0.020190476190476092,-142.0,-36.0
test,0,1.2211904761904762,2009,False,49,72,18.5,140.0,5129.0,0.0,794.3000000000001,2009-11-03,0,2010-04-02,2578.0,2551.0,2551.0,98.95267649340576,45,f2009,5341.0,18.0,1.2446666666666668,irrigated_oct15_45_18_120,-0.02347619047619065,-212.0,-18.0
test,0,1.3138095238095238,2010,False,46,92,17.5,140.0,5518.0,0.0,805.8900000000002,2010-10-31,0,2011-03-30,3245.0,2273.0,2273.0,70.0462249614792,45,f2009,5702.0,0.0,1.3576190476190477,irrigated_oct15_45_18_120,-0.043809523809523965,-184.0,0.0
test,0,1.4195,2011,False,46,75,18.5,140.0,6195.0,37.0,540.9799999999999,2011-10-31,2,2012-03-29,3496.0,2699.0,2699.0,77.2025171624714,45,f2009,6326.0,120.0,1.3261904761904761,irrigated_oct15_45_18_120,0.09330952380952384,-131.0,-83.0
test,0,1.2573809523809525,2012,False,45,80,17.5,140.0,5281.0,0.0,598.83,2012-10-30,0,2013-03-29,3546.0,1735.0,1735.0,48.92836999435984,45,f2009,5695.0,36.0,1.301952380952381,irrigated_oct15_45_18_120,-0.044571428571428484,-414.0,-36.0
test,0,1.2592857142857143,2009,False,33,81,17.0,115.0,5289.0,0.0,763.28,2009-10-18,0,2010-03-17,2578.0,2711.0,2711.0,105.15903801396432,46,f2009,5341.0,18.0,1.2446666666666668,irrigated_oct15_45_18_120,0.014619047619047532,-52.0,-18.0
test,0,1.283095238095238,2010,False,52,88,17.0,150.0,5389.0,0.0,796.1100000000001,2010-11-06,0,2011-04-05,3245.0,2144.0,2144.0,66.07087827426811,46,f2009,5702.0,0.0,1.3576190476190477,irrigated_oct15_45_18_120,-0.07452380952380966,-313.0,0.0
test,0,1.4475238095238097,2011,False,37,79,18.0,105.0,6193.0,18.0,579.7700000000001,2011-10-22,1,2012-03-20,3496.0,2697.0,2697.0,77.14530892448512,46,f2009,6326.0,120.0,1.3261904761904761,irrigated_oct15_45_18_120,0.12133333333333352,-133.0,-102.0
test,0,1.3314285714285714,2012,False,34,91,15.0,140.0,5592.0,0.0,633.87,2012-10-19,0,2013-03-18,3546.0,2046.0,2046.0,57.69881556683587,46,f2009,5695.0,36.0,1.301952380952381,irrigated_oct15_45_18_120,0.029476190476190434,-103.0,-36.0
test,0,1.1643809523809523,2013,False,32,109,20.5,145.0,5407.0,82.0,407.43,2013-10-17,4,2014-03-16,3690.0,1717.0,1717.0,46.53116531165312,42,f2013,6169.0,120.0,1.2888095238095238,irrigated_oct15_45_18_120,-0.12442857142857155,-762.0,-38.0
test,0,1.4233333333333331,2014,False,26,104,15.5,135.0,5978.0,0.0,553.57,2014-10-11,0,2015-03-10,3542.0,2436.0,2436.0,68.77470355731225,42,f2013,5880.0,36.0,1.3459999999999999,irrigated_oct15_45_18_120,0.07733333333333325,98.0,-36.0
test,0,1.2457142857142858,2015,False,27,95,14.0,130.0,5232.0,0.0,683.0400000000001,2015-10-12,0,2016-03-10,3727.0,1505.0,1505.0,40.3810034880601,42,f2013,5166.0,36.0,1.176,irrigated_oct15_45_18_120,0.06971428571428584,66.0,-36.0
test,0,1.4038095238095238,2016,False,45,99,20.0,150.0,5896.0,0.0,629.96,2016-10-30,0,2017-03-29,3381.0,2515.0,2515.0,74.38627624963028,42,f2013,6024.0,18.0,1.4072857142857145,irrigated_oct15_45_18_120,-0.0034761904761906326,-128.0,-18.0
test,0,1.221488095238095,2013,False,28,94,16.5,125.0,5650.0,82.5,416.52,2013-10-13,5,2014-03-12,3690.0,1960.0,1960.0,53.116531165311656,43,f2013,6169.0,120.0,1.2888095238095238,irrigated_oct15_45_18_120,-0.06732142857142875,-519.0,-37.5
test,0,1.42175,2014,False,20,97,15.5,120.0,6069.0,15.5,518.55,2014-10-05,1,2015-03-04,3542.0,2527.0,2527.0,71.34387351778656,43,f2013,5880.0,36.0,1.3459999999999999,irrigated_oct15_45_18_120,0.0757500000000002,189.0,-20.5
test,0,1.2457142857142858,2015,False,27,90,14.5,120.0,5232.0,0.0,683.0400000000001,2015-10-12,0,2016-03-10,3727.0,1505.0,1505.0,40.3810034880601,43,f2013,5166.0,36.0,1.176,irrigated_oct15_45_18_120,0.06971428571428584,66.0,-36.0
test,0,1.3742857142857143,2016,False,52,89,20.5,140.0,5772.0,0.0,645.0400000000001,2016-11-06,0,2017-04-05,3381.0,2391.0,2391.0,70.71872227151731,43,f2013,6024.0,18.0,1.4072857142857145,irrigated_oct15_45_18_120,-0.03300000000000014,-252.0,-18.0
test,0,1.2199404761904762,2013,False,26,89,12.5,100.0,5675.0,87.5,383.19,2013-10-11,7,2014-03-10,3690.0,1985.0,1985.0,53.79403794037941,44,f2013,6169.0,120.0,1.2888095238095238,irrigated_oct15_45_18_120,-0.06886904761904766,-494.0,-32.5
test,0,1.42175,2014,False,20,103,15.5,135.0,6069.0,15.5,518.55,2014-10-05,1,2015-03-04,3542.0,2527.0,2527.0,71.34387351778656,44,f2013,5880.0,36.0,1.3459999999999999,irrigated_oct15_45_18_120,0.0757500000000002,189.0,-20.5
test,0,1.3007142857142855,2015,False,23,108,19.0,155.0,5463.0,0.0,753.06,2015-10-08,0,2016-03-06,3727.0,1736.0,1736.0,46.57901797692514,44,f2013,5166.0,36.0,1.176,irrigated_oct15_45_18_120,0.12471428571428556,297.0,-36.0
test,0,1.427142857142857,2016,False,42,95,18.0,140.0,5994.0,0.0,632.41,2016-10-27,0,2017-03-26,3381.0,2613.0,2613.0,77.28482697426797,44,f2013,6024.0,18.0,1.4072857142857145,irrigated_oct15_45_18_120,0.019857142857142573,-30.0,-18.0
test,0,1.266190476190476,2013,False,18,113,18.0,190.0,5885.0,90.0,406.4500000000001,2013-10-03,5,2014-03-02,3690.0,2195.0,2195.0,59.48509485094851,45,f2013,6169.0,120.0,1.2888095238095238,irrigated_oct15_45_18_120,-0.02261904761904776,-284.0,-30.0
test,0,1.3919166666666667,2014,False,17,115,16.5,185.0,5950.0,16.5,501.28,2014-10-02,1,2015-03-01,3542.0,2408.0,2408.0,67.98418972332016,45,f2013,5880.0,36.0,1.3459999999999999,irrigated_oct15_45_18_120,0.04591666666666683,70.0,-19.5
test,0,1.3007142857142855,2015,False,23,101,15.5,160.0,5463.0,0.0,753.06,2015-10-08,0,2016-03-06,3727.0,1736.0,1736.0,46.57901797692514,45,f2013,5166.0,36.0,1.176,irrigated_oct15_45_18_120,0.12471428571428556,297.0,-36.0
test,0,1.430952380952381,2016,False,39,93,19.0,105.0,6010.0,0.0,644.0400000000001,2016-10-24,0,2017-03-23,3381.0,2629.0,2629.0,77.75805974563738,45,f2013,6024.0,18.0,1.4072857142857145,irrigated_oct15_45_18_120,0.023666666666666503,-14.0,-18.0
test,0,1.2815476190476192,2013,False,30,99,17.0,140.0,5918.0,85.0,420.36,2013-10-15,5,2014-03-14,3690.0,2228.0,2228.0,60.37940379403794,46,f2013,6169.0,120.0,1.2888095238095238,irrigated_oct15_45_18_120,-0.007261904761904692,-251.0,-35.0
test,0,1.4126190476190477,2014,False,25,99,13.5,135.0,5933.0,0.0,551.2499999999999,2014-10-10,0,2015-03-09,3542.0,2391.0,2391.0,67.50423489553924,46,f2013,5880.0,36.0,1.3459999999999999,irrigated_oct15_45_18_120,0.0666190476190478,53.0,-36.0
test,0,1.3007142857142855,2015,False,22,92,13.0,135.0,5463.0,0.0,747.88,2015-10-07,0,2016-03-05,3727.0,1736.0,1736.0,46.57901797692514,46,f2013,5166.0,36.0,1.176,irrigated_oct15_45_18_120,0.12471428571428556,297.0,-36.0
test,0,1.3842857142857143,2016,False,48,82,19.0,150.0,5814.0,0.0,638.47,2016-11-02,0,2017-04-01,3381.0,2433.0,2433.0,71.96095829636202,46,f2013,6024.0,18.0,1.4072857142857145,irrigated_oct15_45_18_120,-0.02300000000000013,-210.0,-18.0
test,0,1.4288095238095238,2017,False,22,118,18.5,130.0,6001.0,0.0,860.1500000000001,2017-10-07,0,2018-03-06,4000.0,2001.0,2001.0,50.025,42,f2017,5857.0,36.0,1.3405238095238095,irrigated_oct15_45_18_120,0.0882857142857143,144.0,-36.0
test,0,1.2476190476190476,2018,False,24,123,20.0,145.0,5618.0,60.0,486.3099999999999,2018-10-09,3,2019-03-08,3750.0,1868.0,1868.0,49.81333333333333,42,f2017,6170.0,120.0,1.2890476190476192,irrigated_oct15_45_18_120,-0.04142857142857159,-552.0,-60.0
test,0,1.241428571428571,2019,False,22,126,19.0,145.0,5214.0,0.0,450.09,2019-10-07,0,2020-03-05,3700.0,1514.0,1514.0,40.91891891891892,42,f2017,5729.0,120.0,1.184047619047619,irrigated_oct15_45_18_120,0.05738095238095209,-515.0,-120.0
test,0,1.3372619047619048,2020,False,37,103,17.5,135.0,5837.0,35.0,409.8499999999999,2020-10-22,2,2021-03-21,4050.0,1787.0,1787.0,44.123456790123456,42,f2017,6019.0,120.0,1.2530952380952383,irrigated_oct15_45_18_120,0.0841666666666665,-182.0,-85.0
test,0,1.3545238095238097,2017,False,32,116,20.5,100.0,5689.0,0.0,878.0799999999999,2017-10-17,0,2018-03-16,4000.0,1689.0,1689.0,42.225,43,f2017,5857.0,36.0,1.3405238095238095,irrigated_oct15_45_18_120,0.014000000000000234,-168.0,-36.0
test,0,1.314,2018,False,32,121,18.0,110.0,5859.0,54.0,446.67,2018-10-17,3,2019-03-16,3750.0,2109.0,2109.0,56.24,43,f2017,6170.0,120.0,1.2890476190476192,irrigated_oct15_45_18_120,0.024952380952380837,-311.0,-66.0
test,0,1.184214285714286,2019,False,39,118,20.5,110.0,5232.0,41.0,435.9799999999999,2019-10-24,2,2020-03-22,3700.0,1532.0,1532.0,41.4054054054054,43,f2017,5729.0,120.0,1.184047619047619,irrigated_oct15_45_18_120,0.0001666666666670924,-497.0,-79.0
test,0,1.332095238095238,2020,False,34,105,22.0,130.0,5872.0,44.0,414.02,2020-10-19,2,2021-03-18,4050.0,1822.0,1822.0,44.98765432098765,43,f2017,6019.0,120.0,1.2530952380952383,irrigated_oct15_45_18_120,0.07899999999999974,-147.0,-76.0
test,0,1.3935714285714285,2017,False,30,100,16.0,135.0,5853.0,0.0,869.8799999999999,2017-10-15,0,2018-03-14,4000.0,1853.0,1853.0,46.325,44,f2017,5857.0,36.0,1.3405238095238095,irrigated_oct15_45_18_120,0.05304761904761901,-4.0,-36.0
test,0,1.327047619047619,2018,False,40,101,17.0,130.0,6002.0,68.0,449.28,2018-10-25,4,2019-03-24,3750.0,2252.0,2252.0,60.053333333333335,44,f2017,6170.0,120.0,1.2890476190476192,irrigated_oct15_45_18_120,0.03799999999999981,-168.0,-52.0
test,0,1.2044761904761905,2019,False,34,104,18.0,130.0,5399.0,54.0,442.55,2019-10-19,3,2020-03-17,3700.0,1699.0,1699.0,45.91891891891892,44,f2017,5729.0,120.0,1.184047619047619,irrigated_oct15_45_18_120,0.020428571428571463,-330.0,-66.0
test,0,1.314809523809524,2020,False,31,90,16.5,150.0,5938.0,66.0,413.82,2020-10-16,4,2021-03-15,4050.0,1888.0,1888.0,46.617283950617285,44,f2017,6019.0,120.0,1.2530952380952383,irrigated_oct15_45_18_120,0.06171428571428583,-81.0,-54.0
test,0,1.3935714285714285,2017,False,30,105,14.5,140.0,5853.0,0.0,869.8799999999999,2017-10-15,0,2018-03-14,4000.0,1853.0,1853.0,46.325,45,f2017,5857.0,36.0,1.3405238095238095,irrigated_oct15_45_18_120,0.05304761904761901,-4.0,-36.0
test,0,1.2882380952380952,2018,False,29,114,14.5,165.0,5776.0,58.0,472.52,2018-10-14,4,2019-03-13,3750.0,2026.0,2026.0,54.02666666666666,45,f2017,6170.0,120.0,1.2890476190476192,irrigated_oct15_45_18_120,-0.0008095238095240376,-394.0,-62.0
test,0,1.2430476190476192,2019,False,31,108,17.0,145.0,5435.0,34.0,445.7200000000001,2019-10-16,2,2020-03-14,3700.0,1735.0,1735.0,46.891891891891895,45,f2017,5729.0,120.0,1.184047619047619,irrigated_oct15_45_18_120,0.05900000000000016,-294.0,-86.0
test,0,1.314952380952381,2020,False,41,87,18.0,105.0,5863.0,54.0,398.52,2020-10-26,3,2021-03-25,4050.0,1813.0,1813.0,44.76543209876543,45,f2017,6019.0,120.0,1.2530952380952383,irrigated_oct15_45_18_120,0.06185714285714283,-156.0,-66.0
test,0,1.4085714285714286,2017,False,28,118,17.5,140.0,5916.0,0.0,870.8399999999999,2017-10-13,0,2018-03-12,4000.0,1916.0,1916.0,47.9,46,f2017,5857.0,36.0,1.3405238095238095,irrigated_oct15_45_18_120,0.06804761904761913,59.0,-36.0
test,0,1.2310833333333333,2018,False,25,125,20.5,145.0,5558.0,61.5,484.8099999999999,2018-10-10,3,2019-03-09,3750.0,1808.0,1808.0,48.21333333333333,46,f2017,6170.0,120.0,1.2890476190476192,irrigated_oct15_45_18_120,-0.05796428571428591,-612.0,-58.5
test,0,1.2583690476190477,2019,False,30,124,19.5,150.0,5408.0,19.5,454.5700000000001,2019-10-15,1,2020-03-13,3700.0,1708.0,1708.0,46.16216216216216,46,f2017,5729.0,120.0,1.184047619047619,irrigated_oct15_45_18_120,0.07432142857142865,-321.0,-100.5
test,0,1.3580119047619048,2020,False,37,117,14.5,140.0,5795.0,14.5,409.8499999999999,2020-10-22,1,2021-03-21,4050.0,1745.0,1745.0,43.08641975308642,46,f2017,6019.0,120.0,1.2530952380952383,irrigated_oct15_45_18_120,0.10491666666666655,-224.0,-105.5
test,0,1.1945238095238095,2021,False,25,130,16.0,135.0,5521.0,80.0,454.63,2021-10-10,5,2022-03-09,3700.0,1821.0,1821.0,49.21621621621622,42,f2021,6308.0,120.0,1.321904761904762,irrigated_oct15_45_18_120,-0.12738095238095237,-787.0,-40.0
test,0,1.3788095238095237,2022,False,34,119,20.0,135.0,5791.0,0.0,561.4200000000001,2022-10-19,0,2023-03-18,3923.0,1868.0,1868.0,47.61661993372419,42,f2021,5780.0,54.0,1.2951904761904762,irrigated_oct15_45_18_120,0.08361904761904748,11.0,-54.0
test,0,1.0727261904761904,2023,False,23,98,15.5,185.0,5189.0,108.5,622.5600000000001,2023-10-08,7,2024-03-06,4154.0,1035.0,1035.0,24.91574386133847,42,f2021,5449.0,120.0,1.1173809523809524,irrigated_oct15_45_18_120,-0.04465476190476192,-260.0,-11.5
test,0,1.3204761904761906,2024,False,31,115,16.5,105.0,5546.0,0.0,581.03,2024-10-16,0,2025-03-15,3827.0,1719.0,1719.0,44.91769009668148,42,f2021,5640.0,120.0,1.1628571428571428,irrigated_oct15_45_18_120,0.15761904761904777,-94.0,-120.0
test,0,1.261095238095238,2021,False,27,115,14.0,120.0,5914.0,98.0,453.9,2021-10-12,7,2022-03-11,3700.0,2214.0,2214.0,59.83783783783784,43,f2021,6308.0,120.0,1.321904761904762,irrigated_oct15_45_18_120,-0.06080952380952387,-394.0,-22.0
test,0,1.3914285714285717,2022,False,33,111,21.5,120.0,5844.0,0.0,564.69,2022-10-18,0,2023-03-17,3923.0,1921.0,1921.0,48.96762681621208,43,f2021,5780.0,54.0,1.2951904761904762,irrigated_oct15_45_18_120,0.09623809523809546,64.0,-54.0
test,0,1.032404761904762,2023,False,25,104,15.5,120.0,4922.0,93.0,574.6700000000001,2023-10-10,6,2024-03-08,4154.0,768.0,768.0,18.488204140587385,43,f2021,5449.0,120.0,1.1173809523809524,irrigated_oct15_45_18_120,-0.08497619047619032,-527.0,-27.0
test,0,1.3847619047619049,2024,False,33,108,14.0,125.0,5816.0,0.0,598.5800000000002,2024-10-18,0,2025-03-17,3827.0,1989.0,1989.0,51.972824666840864,43,f2021,5640.0,120.0,1.1628571428571428,irrigated_oct15_45_18_120,0.22190476190476205,176.0,-120.0
test,0,1.3229523809523809,2021,False,30,126,20.5,95.0,6073.0,82.0,459.48,2021-10-15,4,2022-03-14,3700.0,2373.0,2373.0,64.13513513513513,44,f2021,6308.0,120.0,1.321904761904762,irrigated_oct15_45_18_120,0.001047619047618964,-235.0,-38.0
test,0,1.4007142857142858,2022,False,32,116,28.5,140.0,5883.0,0.0,566.48,2022-10-17,0,2023-03-16,3923.0,1960.0,1960.0,49.961763956156005,44,f2021,5780.0,54.0,1.2951904761904762,irrigated_oct15_45_18_120,0.10552380952380958,103.0,-54.0
test,0,1.064404761904762,2023,False,28,106,15.0,105.0,5132.0,105.0,539.3199999999999,2023-10-13,7,2024-03-11,4154.0,978.0,978.0,23.54357246027925,44,f2021,5449.0,120.0,1.1173809523809524,irrigated_oct15_45_18_120,-0.05297619047619029,-317.0,-15.0
test,0,1.3847619047619049,2024,False,33,117,16.0,105.0,5816.0,0.0,598.5800000000002,2024-10-18,0,2025-03-17,3827.0,1989.0,1989.0,51.972824666840864,44,f2021,5640.0,120.0,1.1628571428571428,irrigated_oct15_45_18_120,0.22190476190476205,176.0,-120.0
test,0,1.327238095238095,2021,False,34,101,16.0,135.0,6280.0,112.0,411.13,2021-10-19,7,2022-03-18,3700.0,2580.0,2580.0,69.72972972972973,45,f2021,6308.0,120.0,1.321904761904762,irrigated_oct15_45_18_120,0.00533333333333319,-28.0,-8.0
test,0,1.3733333333333333,2022,False,38,93,17.5,140.0,5768.0,0.0,525.51,2022-10-23,0,2023-03-22,3923.0,1845.0,1845.0,47.03033392811624,45,f2021,5780.0,54.0,1.2951904761904762,irrigated_oct15_45_18_120,0.07814285714285707,-12.0,-54.0
test,0,1.0634166666666665,2023,False,32,99,16.5,120.0,5194.0,115.5,480.81000000000006,2023-10-17,7,2024-03-15,4154.0,1040.0,1040.0,25.036109773712084,45,f2021,5449.0,120.0,1.1173809523809524,irrigated_oct15_45_18_120,-0.05396428571428591,-255.0,-4.5
test,0,1.2949761904761905,2024,False,31,93,17.0,130.0,5546.0,17.0,581.03,2024-10-16,1,2025-03-15,3827.0,1719.0,1719.0,44.91769009668148,45,f2021,5640.0,120.0,1.1628571428571428,irrigated_oct15_45_18_120,0.1321190476190477,-94.0,-103.0
test,0,1.3289285714285717,2021,False,33,109,19.0,155.0,6180.0,95.0,413.08,2021-10-18,5,2022-03-17,3700.0,2480.0,2480.0,67.02702702702703,46,f2021,6308.0,120.0,1.321904761904762,irrigated_oct15_45_18_120,0.007023809523809765,-128.0,-25.0
test,0,1.3795238095238096,2022,False,42,96,16.5,125.0,5794.0,0.0,546.5399999999998,2022-10-27,0,2023-03-26,3923.0,1871.0,1871.0,47.69309202141218,46,f2021,5780.0,54.0,1.2951904761904762,irrigated_oct15_45_18_120,0.08433333333333337,14.0,-54.0
test,0,1.0373214285714285,2023,False,23,103,21.5,120.0,5034.0,107.5,622.5600000000001,2023-10-08,5,2024-03-06,4154.0,880.0,880.0,21.184400577756374,46,f2021,5449.0,120.0,1.1173809523809524,irrigated_oct15_45_18_120,-0.08005952380952386,-415.0,-12.5
test,0,1.3295238095238096,2024,False,32,103,18.5,170.0,5584.0,0.0,588.71,2024-10-17,0,2025-03-16,3827.0,1757.0,1757.0,45.91063496211132,46,f2021,5640.0,120.0,1.1628571428571428,irrigated_oct15_45_18_120,0.16666666666666674,-56.0,-120.0
test,0,1.2026904761904762,2005,False,29,116,23.0,165.0,5486.0,69.0,482.9500000000001,2005-10-14,3,2006-03-13,3150.0,2336.0,2336.0,74.15873015873017,42,f2005,5511.0,120.0,1.1321428571428571,irrigated_sep25_45_18_120,0.07054761904761908,-25.0,-51.0
test,0,1.3528571428571428,2006,False,30,114,21.5,170.0,5682.0,0.0,555.51,2006-10-15,0,2007-03-14,3000.0,2682.0,2682.0,89.4,42,f2005,5385.0,18.0,1.2551428571428573,irrigated_sep25_45_18_120,0.09771428571428542,297.0,-18.0
test,0,1.3726190476190476,2007,False,37,132,22.5,155.0,5765.0,0.0,584.2299999999999,2007-10-22,0,2008-03-20,3300.0,2465.0,2465.0,74.6969696969697,42,f2005,5348.0,54.0,1.1923333333333335,irrigated_sep25_45_18_120,0.18028571428571416,417.0,-54.0
test,0,0.9471190476190476,2008,False,23,122,23.5,175.0,4274.0,47.0,513.0,2008-10-08,2,2009-03-07,3126.0,1148.0,1148.0,36.72424824056302,42,f2005,5377.0,120.0,1.1002380952380952,irrigated_sep25_45_18_120,-0.1531190476190476,-1103.0,-73.0
test,0,1.0943333333333334,2005,False,29,150,18.0,130.0,4823.0,36.0,482.9500000000001,2005-10-14,2,2006-03-13,3150.0,1673.0,1673.0,53.11111111111112,43,f2005,5511.0,120.0,1.1321428571428571,irrigated_sep25_45_18_120,-0.03780952380952374,-688.0,-84.0
test,0,1.3214285714285714,2006,False,44,142,19.0,105.0,5550.0,0.0,612.1899999999999,2006-10-29,0,2007-03-28,3000.0,2550.0,2550.0,85.0,43,f2005,5385.0,18.0,1.2551428571428573,irrigated_sep25_45_18_120,0.06628571428571406,165.0,-18.0
test,0,1.361904761904762,2007,False,42,150,18.0,90.0,5720.0,0.0,607.19,2007-10-27,0,2008-03-25,3300.0,2420.0,2420.0,73.33333333333333,43,f2005,5348.0,54.0,1.1923333333333335,irrigated_sep25_45_18_120,0.16957142857142848,372.0,-54.0
test,0,0.8188690476190477,2008,False,21,150,22.5,195.0,3581.0,22.5,479.27,2008-10-06,1,2009-03-05,3126.0,455.0,455.0,14.55534229046705,43,f2005,5377.0,120.0,1.1002380952380952,irrigated_sep25_45_18_120,-0.2813690476190476,-1796.0,-97.5
test,0,1.217940476190476,2005,False,38,100,16.5,140.0,5843.0,115.5,467.64,2005-10-23,7,2006-03-22,3150.0,2693.0,2693.0,85.4920634920635,44,f2005,5511.0,120.0,1.1321428571428571,irrigated_sep25_45_18_120,0.08579761904761884,332.0,-4.5
test,0,1.3202380952380952,2006,False,36,101,14.5,125.0,5545.0,0.0,567.55,2006-10-21,0,2007-03-20,3000.0,2545.0,2545.0,84.83333333333333,44,f2005,5385.0,18.0,1.2551428571428573,irrigated_sep25_45_18_120,0.06509523809523787,160.0,-18.0
test,0,1.3597619047619047,2007,False,40,103,16.0,105.0,5711.0,0.0,602.76,2007-10-25,0,2008-03-23,3300.0,2411.0,2411.0,73.06060606060606,44,f2005,5348.0,54.0,1.1923333333333335,irrigated_sep25_45_18_120,0.16742857142857126,363.0,-54.0
test,0,1.1185238095238097,2008,False,33,102,16.0,160.0,5101.0,64.0,530.24,2008-10-18,4,2009-03-17,3126.0,1975.0,1975.0,63.17978246960973,44,f2005,5377.0,120.0,1.1002380952380952,irrigated_sep25_45_18_120,0.01828571428571446,-276.0,-56.0
test,0,1.2367261904761904,2005,False,28,104,16.5,150.0,5714.0,82.5,479.57,2005-10-13,5,2006-03-12,3150.0,2564.0,2564.0,81.39682539682539,45,f2005,5511.0,120.0,1.1321428571428571,irrigated_sep25_45_18_120,0.10458333333333325,203.0,-37.5
test,0,1.3254761904761905,2006,False,32,105,15.0,130.0,5567.0,0.0,540.64,2006-10-17,0,2007-03-16,3000.0,2567.0,2567.0,85.56666666666666,45,f2005,5385.0,18.0,1.2551428571428573,irrigated_sep25_45_18_120,0.07033333333333314,182.0,-18.0
test,0,1.3852380952380952,2007,False,38,115,16.5,125.0,5818.0,0.0,584.42,2007-10-23,0,2008-03-21,3300.0,2518.0,2518.0,76.3030303030303,45,f2005,5348.0,54.0,1.1923333333333335,irrigated_sep25_45_18_120,0.1929047619047617,470.0,-54.0
test,0,0.9922857142857142,2008,False,20,111,16.0,160.0,4470.0,48.0,517.3,2008-10-05,3,2009-03-04,3126.0,1344.0,1344.0,42.99424184261037,45,f2005,5377.0,120.0,1.1002380952380952,irrigated_sep25_45_18_120,-0.10795238095238102,-907.0,-72.0
test,0,1.1248571428571428,2005,False,25,127,13.0,155.0,5052.0,52.0,469.76,2005-10-10,4,2006-03-09,3150.0,1902.0,1902.0,60.38095238095238,46,f2005,5511.0,120.0,1.1321428571428571,irrigated_sep25_45_18_120,-0.00728571428571434,-459.0,-68.0
test,0,1.3276190476190477,2006,False,42,109,14.5,170.0,5576.0,0.0,613.8299999999999,2006-10-27,0,2007-03-26,3000.0,2576.0,2576.0,85.86666666666666,46,f2005,5385.0,18.0,1.2551428571428573,irrigated_sep25_45_18_120,0.07247619047619036,191.0,-18.0
test,0,1.35,2007,False,43,124,15.0,165.0,5670.0,0.0,606.52,2007-10-28,0,2008-03-26,3300.0,2370.0,2370.0,71.81818181818181,46,f2005,5348.0,54.0,1.1923333333333335,irrigated_sep25_45_18_120,0.15766666666666662,322.0,-54.0
test,0,0.8996428571428572,2008,False,20,133,12.5,130.0,3936.0,25.0,491.75,2008-10-05,2,2009-03-04,3126.0,810.0,810.0,25.911708253358924,46,f2005,5377.0,120.0,1.1002380952380952,irrigated_sep25_45_18_120,-0.20059523809523805,-1441.0,-95.0
test,0,1.25,2009,False,29,87,17.5,145.0,5250.0,0.0,827.6400000000001,2009-10-14,0,2010-03-13,2578.0,2672.0,2672.0,103.64623739332816,42,f2009,5451.0,18.0,1.270857142857143,irrigated_sep25_45_18_120,-0.020857142857142907,-201.0,-18.0
test,0,1.283095238095238,2010,False,52,92,19.0,150.0,5389.0,0.0,796.1100000000001,2010-11-06,0,2011-04-05,3245.0,2144.0,2144.0,66.07087827426811,42,f2009,5843.0,0.0,1.391190476190476,irrigated_sep25_45_18_120,-0.10809523809523802,-454.0,0.0
test,0,1.4733333333333334,2011,False,33,91,19.5,145.0,6188.0,0.0,550.63,2011-10-18,0,2012-03-16,3496.0,2692.0,2692.0,77.00228832951944,42,f2009,6111.0,108.0,1.2930000000000001,irrigated_sep25_45_18_120,0.18033333333333323,77.0,-108.0
test,0,1.3295238095238096,2012,False,37,84,16.5,145.0,5584.0,0.0,647.1300000000001,2012-10-22,0,2013-03-21,3546.0,2038.0,2038.0,57.473209249859,42,f2009,5740.0,72.0,1.2586666666666666,irrigated_sep25_45_18_120,0.07085714285714295,-156.0,-72.0
test,0,1.2607142857142857,2009,False,24,91,14.5,140.0,5295.0,0.0,797.64,2009-10-09,0,2010-03-08,2578.0,2717.0,2717.0,105.39177657098526,43,f2009,5451.0,18.0,1.270857142857143,irrigated_sep25_45_18_120,-0.010142857142857231,-156.0,-18.0
test,0,1.3138095238095238,2010,False,46,105,22.0,130.0,5518.0,0.0,805.8900000000002,2010-10-31,0,2011-03-30,3245.0,2273.0,2273.0,70.0462249614792,43,f2009,5843.0,0.0,1.391190476190476,irrigated_sep25_45_18_120,-0.07738095238095233,-325.0,0.0
test,0,1.5202380952380952,2011,False,26,97,19.0,160.0,6385.0,0.0,612.5900000000001,2011-10-11,0,2012-03-09,3496.0,2889.0,2889.0,82.63729977116705,43,f2009,6111.0,108.0,1.2930000000000001,irrigated_sep25_45_18_120,0.22723809523809502,274.0,-108.0
test,0,1.3888095238095235,2012,False,29,98,13.5,115.0,5833.0,0.0,616.5900000000001,2012-10-14,0,2013-03-13,3546.0,2287.0,2287.0,64.49520586576425,43,f2009,5740.0,72.0,1.2586666666666666,irrigated_sep25_45_18_120,0.1301428571428569,93.0,-72.0
test,0,1.2533333333333334,2009,False,36,80,16.0,160.0,5264.0,0.0,746.2900000000002,2009-10-21,0,2010-03-20,2578.0,2686.0,2686.0,104.18929402637704,44,f2009,5451.0,18.0,1.270857142857143,irrigated_sep25_45_18_120,-0.017523809523809497,-187.0,-18.0
test,0,1.3073809523809523,2010,False,50,89,19.0,120.0,5491.0,0.0,808.2500000000001,2010-11-04,0,2011-04-03,3245.0,2246.0,2246.0,69.21417565485362,44,f2009,5843.0,0.0,1.391190476190476,irrigated_sep25_45_18_120,-0.08380952380952378,-352.0,0.0
test,0,1.4505238095238095,2011,False,37,78,16.0,160.0,6193.0,16.0,579.7700000000001,2011-10-22,1,2012-03-20,3496.0,2697.0,2697.0,77.14530892448512,44,f2009,6111.0,108.0,1.2930000000000001,irrigated_sep25_45_18_120,0.1575238095238094,82.0,-92.0
test,0,1.322142857142857,2012,False,38,89,15.0,140.0,5553.0,0.0,620.87,2012-10-23,0,2013-03-22,3546.0,2007.0,2007.0,56.598984771573605,44,f2009,5740.0,72.0,1.2586666666666666,irrigated_sep25_45_18_120,0.06347619047619046,-187.0,-72.0
test,0,1.2211904761904762,2009,False,49,72,18.5,140.0,5129.0,0.0,794.3000000000001,2009-11-03,0,2010-04-02,2578.0,2551.0,2551.0,98.95267649340576,45,f2009,5451.0,18.0,1.270857142857143,irrigated_sep25_45_18_120,-0.04966666666666675,-322.0,-18.0
test,0,1.3138095238095238,2010,False,46,92,17.5,140.0,5518.0,0.0,805.8900000000002,2010-10-31,0,2011-03-30,3245.0,2273.0,2273.0,70.0462249614792,45,f2009,5843.0,0.0,1.391190476190476,irrigated_sep25_45_18_120,-0.07738095238095233,-325.0,0.0
test,0,1.4195,2011,False,46,75,18.5,140.0,6195.0,37.0,540.9799999999999,2011-10-31,2,2012-03-29,3496.0,2699.0,2699.0,77.2025171624714,45,f2009,6111.0,108.0,1.2930000000000001,irrigated_sep25_45_18_120,0.12649999999999983,84.0,-71.0
test,0,1.2573809523809525,2012,False,45,80,17.5,140.0,5281.0,0.0,598.83,2012-10-30,0,2013-03-29,3546.0,1735.0,1735.0,48.92836999435984,45,f2009,5740.0,72.0,1.2586666666666666,irrigated_sep25_45_18_120,-0.0012857142857141124,-459.0,-72.0
test,0,1.2592857142857143,2009,False,33,81,17.0,115.0,5289.0,0.0,763.28,2009-10-18,0,2010-03-17,2578.0,2711.0,2711.0,105.15903801396432,46,f2009,5451.0,18.0,1.270857142857143,irrigated_sep25_45_18_120,-0.011571428571428566,-162.0,-18.0
test,0,1.283095238095238,2010,False,52,88,17.0,150.0,5389.0,0.0,796.1100000000001,2010-11-06,0,2011-04-05,3245.0,2144.0,2144.0,66.07087827426811,46,f2009,5843.0,0.0,1.391190476190476,irrigated_sep25_45_18_120,-0.10809523809523802,-454.0,0.0
test,0,1.4475238095238097,2011,False,37,79,18.0,105.0,6193.0,18.0,579.7700000000001,2011-10-22,1,2012-03-20,3496.0,2697.0,2697.0,77.14530892448512,46,f2009,6111.0,108.0,1.2930000000000001,irrigated_sep25_45_18_120,0.1545238095238095,82.0,-90.0
test,0,1.3314285714285714,2012,False,34,91,15.0,140.0,5592.0,0.0,633.87,2012-10-19,0,2013-03-18,3546.0,2046.0,2046.0,57.69881556683587,46,f2009,5740.0,72.0,1.2586666666666666,irrigated_sep25_45_18_120,0.0727619047619048,-148.0,-72.0
test,0,1.1643809523809523,2013,False,32,109,20.5,145.0,5407.0,82.0,407.43,2013-10-17,4,2014-03-16,3690.0,1717.0,1717.0,46.53116531165312,42,f2013,6434.0,120.0,1.351904761904762,irrigated_sep25_45_18_120,-0.18752380952380965,-1027.0,-38.0
test,0,1.4233333333333331,2014,False,26,104,15.5,135.0,5978.0,0.0,553.57,2014-10-11,0,2015-03-10,3542.0,2436.0,2436.0,68.77470355731225,42,f2013,5906.0,108.0,1.2441904761904763,irrigated_sep25_45_18_120,0.17914285714285683,72.0,-108.0
test,0,1.2457142857142858,2015,False,27,95,14.0,130.0,5232.0,0.0,683.0400000000001,2015-10-12,0,2016-03-10,3727.0,1505.0,1505.0,40.3810034880601,42,f2013,4934.0,36.0,1.1207619047619046,irrigated_sep25_45_18_120,0.12495238095238115,298.0,-36.0
test,0,1.4038095238095238,2016,False,45,99,20.0,150.0,5896.0,0.0,629.96,2016-10-30,0,2017-03-29,3381.0,2515.0,2515.0,74.38627624963028,42,f2013,5946.0,18.0,1.3887142857142858,irrigated_sep25_45_18_120,0.01509523809523805,-50.0,-18.0
test,0,1.221488095238095,2013,False,28,94,16.5,125.0,5650.0,82.5,416.52,2013-10-13,5,2014-03-12,3690.0,1960.0,1960.0,53.116531165311656,43,f2013,6434.0,120.0,1.351904761904762,irrigated_sep25_45_18_120,-0.13041666666666685,-784.0,-37.5
test,0,1.42175,2014,False,20,97,15.5,120.0,6069.0,15.5,518.55,2014-10-05,1,2015-03-04,3542.0,2527.0,2527.0,71.34387351778656,43,f2013,5906.0,108.0,1.2441904761904763,irrigated_sep25_45_18_120,0.17755952380952378,163.0,-92.5
test,0,1.2457142857142858,2015,False,27,90,14.5,120.0,5232.0,0.0,683.0400000000001,2015-10-12,0,2016-03-10,3727.0,1505.0,1505.0,40.3810034880601,43,f2013,4934.0,36.0,1.1207619047619046,irrigated_sep25_45_18_120,0.12495238095238115,298.0,-36.0
test,0,1.3742857142857143,2016,False,52,89,20.5,140.0,5772.0,0.0,645.0400000000001,2016-11-06,0,2017-04-05,3381.0,2391.0,2391.0,70.71872227151731,43,f2013,5946.0,18.0,1.3887142857142858,irrigated_sep25_45_18_120,-0.014428571428571457,-174.0,-18.0
test,0,1.2199404761904762,2013,False,26,89,12.5,100.0,5675.0,87.5,383.19,2013-10-11,7,2014-03-10,3690.0,1985.0,1985.0,53.79403794037941,44,f2013,6434.0,120.0,1.351904761904762,irrigated_sep25_45_18_120,-0.13196428571428576,-759.0,-32.5
test,0,1.42175,2014,False,20,103,15.5,135.0,6069.0,15.5,518.55,2014-10-05,1,2015-03-04,3542.0,2527.0,2527.0,71.34387351778656,44,f2013,5906.0,108.0,1.2441904761904763,irrigated_sep25_45_18_120,0.17755952380952378,163.0,-92.5
test,0,1.3007142857142855,2015,False,23,108,19.0,155.0,5463.0,0.0,753.06,2015-10-08,0,2016-03-06,3727.0,1736.0,1736.0,46.57901797692514,44,f2013,4934.0,36.0,1.1207619047619046,irrigated_sep25_45_18_120,0.17995238095238086,529.0,-36.0
test,0,1.427142857142857,2016,False,42,95,18.0,140.0,5994.0,0.0,632.41,2016-10-27,0,2017-03-26,3381.0,2613.0,2613.0,77.28482697426797,44,f2013,5946.0,18.0,1.3887142857142858,irrigated_sep25_45_18_120,0.038428571428571257,48.0,-18.0
test,0,1.266190476190476,2013,False,18,113,18.0,190.0,5885.0,90.0,406.4500000000001,2013-10-03,5,2014-03-02,3690.0,2195.0,2195.0,59.48509485094851,45,f2013,6434.0,120.0,1.351904761904762,irrigated_sep25_45_18_120,-0.08571428571428585,-549.0,-30.0
test,0,1.3919166666666667,2014,False,17,115,16.5,185.0,5950.0,16.5,501.28,2014-10-02,1,2015-03-01,3542.0,2408.0,2408.0,67.98418972332016,45,f2013,5906.0,108.0,1.2441904761904763,irrigated_sep25_45_18_120,0.1477261904761904,44.0,-91.5
test,0,1.3007142857142855,2015,False,23,101,15.5,160.0,5463.0,0.0,753.06,2015-10-08,0,2016-03-06,3727.0,1736.0,1736.0,46.57901797692514,45,f2013,4934.0,36.0,1.1207619047619046,irrigated_sep25_45_18_120,0.17995238095238086,529.0,-36.0
test,0,1.430952380952381,2016,False,39,93,19.0,105.0,6010.0,0.0,644.0400000000001,2016-10-24,0,2017-03-23,3381.0,2629.0,2629.0,77.75805974563738,45,f2013,5946.0,18.0,1.3887142857142858,irrigated_sep25_45_18_120,0.042238095238095186,64.0,-18.0
test,0,1.2815476190476192,2013,False,30,99,17.0,140.0,5918.0,85.0,420.36,2013-10-15,5,2014-03-14,3690.0,2228.0,2228.0,60.37940379403794,46,f2013,6434.0,120.0,1.351904761904762,irrigated_sep25_45_18_120,-0.07035714285714278,-516.0,-35.0
test,0,1.4126190476190477,2014,False,25,99,13.5,135.0,5933.0,0.0,551.2499999999999,2014-10-10,0,2015-03-09,3542.0,2391.0,2391.0,67.50423489553924,46,f2013,5906.0,108.0,1.2441904761904763,irrigated_sep25_45_18_120,0.16842857142857137,27.0,-108.0
test,0,1.3007142857142855,2015,False,22,92,13.0,135.0,5463.0,0.0,747.88,2015-10-07,0,2016-03-05,3727.0,1736.0,1736.0,46.57901797692514,46,f2013,4934.0,36.0,1.1207619047619046,irrigated_sep25_45_18_120,0.17995238095238086,529.0,-36.0
test,0,1.3842857142857143,2016,False,48,82,19.0,150.0,5814.0,0.0,638.47,2016-11-02,0,2017-04-01,3381.0,2433.0,2433.0,71.96095829636202,46,f2013,5946.0,18.0,1.3887142857142858,irrigated_sep25_45_18_120,-0.004428571428571448,-132.0,-18.0
test,0,1.4288095238095238,2017,False,22,118,18.5,130.0,6001.0,0.0,860.1500000000001,2017-10-07,0,2018-03-06,4000.0,2001.0,2001.0,50.025,42,f2017,5487.0,36.0,1.2524285714285714,irrigated_sep25_45_18_120,0.1763809523809523,514.0,-36.0
test,0,1.2476190476190476,2018,False,24,123,20.0,145.0,5618.0,60.0,486.3099999999999,2018-10-09,3,2019-03-08,3750.0,1868.0,1868.0,49.81333333333333,42,f2017,5747.0,120.0,1.1883333333333335,irrigated_sep25_45_18_120,0.059285714285714164,-129.0,-60.0
test,0,1.241428571428571,2019,False,22,126,19.0,145.0,5214.0,0.0,450.09,2019-10-07,0,2020-03-05,3700.0,1514.0,1514.0,40.91891891891892,42,f2017,5468.0,120.0,1.121904761904762,irrigated_sep25_45_18_120,0.11952380952380914,-254.0,-120.0
test,0,1.3372619047619048,2020,False,37,103,17.5,135.0,5837.0,35.0,409.8499999999999,2020-10-22,2,2021-03-21,4050.0,1787.0,1787.0,44.123456790123456,42,f2017,5676.0,120.0,1.1714285714285715,irrigated_sep25_45_18_120,0.16583333333333328,161.0,-85.0
test,0,1.3545238095238097,2017,False,32,116,20.5,100.0,5689.0,0.0,878.0799999999999,2017-10-17,0,2018-03-16,4000.0,1689.0,1689.0,42.225,43,f2017,5487.0,36.0,1.2524285714285714,irrigated_sep25_45_18_120,0.10209523809523824,202.0,-36.0
test,0,1.314,2018,False,32,121,18.0,110.0,5859.0,54.0,446.67,2018-10-17,3,2019-03-16,3750.0,2109.0,2109.0,56.24,43,f2017,5747.0,120.0,1.1883333333333335,irrigated_sep25_45_18_120,0.1256666666666666,112.0,-66.0
test,0,1.184214285714286,2019,False,39,118,20.5,110.0,5232.0,41.0,435.9799999999999,2019-10-24,2,2020-03-22,3700.0,1532.0,1532.0,41.4054054054054,43,f2017,5468.0,120.0,1.121904761904762,irrigated_sep25_45_18_120,0.06230952380952415,-236.0,-79.0
test,0,1.332095238095238,2020,False,34,105,22.0,130.0,5872.0,44.0,414.02,2020-10-19,2,2021-03-18,4050.0,1822.0,1822.0,44.98765432098765,43,f2017,5676.0,120.0,1.1714285714285715,irrigated_sep25_45_18_120,0.1606666666666665,196.0,-76.0
test,0,1.3935714285714285,2017,False,30,100,16.0,135.0,5853.0,0.0,869.8799999999999,2017-10-15,0,2018-03-14,4000.0,1853.0,1853.0,46.325,44,f2017,5487.0,36.0,1.2524285714285714,irrigated_sep25_45_18_120,0.14114285714285701,366.0,-36.0
test,0,1.327047619047619,2018,False,40,101,17.0,130.0,6002.0,68.0,449.28,2018-10-25,4,2019-03-24,3750.0,2252.0,2252.0,60.053333333333335,44,f2017,5747.0,120.0,1.1883333333333335,irrigated_sep25_45_18_120,0.13871428571428557,255.0,-52.0
test,0,1.2044761904761905,2019,False,34,104,18.0,130.0,5399.0,54.0,442.55,2019-10-19,3,2020-03-17,3700.0,1699.0,1699.0,45.91891891891892,44,f2017,5468.0,120.0,1.121904761904762,irrigated_sep25_45_18_120,0.08257142857142852,-69.0,-66.0
test,0,1.314809523809524,2020,False,31,90,16.5,150.0,5938.0,66.0,413.82,2020-10-16,4,2021-03-15,4050.0,1888.0,1888.0,46.617283950617285,44,f2017,5676.0,120.0,1.1714285714285715,irrigated_sep25_45_18_120,0.1433809523809526,262.0,-54.0
test,0,1.3935714285714285,2017,False,30,105,14.5,140.0,5853.0,0.0,869.8799999999999,2017-10-15,0,2018-03-14,4000.0,1853.0,1853.0,46.325,45,f2017,5487.0,36.0,1.2524285714285714,irrigated_sep25_45_18_120,0.14114285714285701,366.0,-36.0
test,0,1.2882380952380952,2018,False,29,114,14.5,165.0,5776.0,58.0,472.52,2018-10-14,4,2019-03-13,3750.0,2026.0,2026.0,54.02666666666666,45,f2017,5747.0,120.0,1.1883333333333335,irrigated_sep25_45_18_120,0.09990476190476172,29.0,-62.0
test,0,1.2430476190476192,2019,False,31,108,17.0,145.0,5435.0,34.0,445.7200000000001,2019-10-16,2,2020-03-14,3700.0,1735.0,1735.0,46.891891891891895,45,f2017,5468.0,120.0,1.121904761904762,irrigated_sep25_45_18_120,0.12114285714285722,-33.0,-86.0
test,0,1.314952380952381,2020,False,41,87,18.0,105.0,5863.0,54.0,398.52,2020-10-26,3,2021-03-25,4050.0,1813.0,1813.0,44.76543209876543,45,f2017,5676.0,120.0,1.1714285714285715,irrigated_sep25_45_18_120,0.1435238095238096,187.0,-66.0
test,0,1.4085714285714286,2017,False,28,118,17.5,140.0,5916.0,0.0,870.8399999999999,2017-10-13,0,2018-03-12,4000.0,1916.0,1916.0,47.9,46,f2017,5487.0,36.0,1.2524285714285714,irrigated_sep25_45_18_120,0.15614285714285714,429.0,-36.0
test,0,1.2310833333333333,2018,False,25,125,20.5,145.0,5558.0,61.5,484.8099999999999,2018-10-10,3,2019-03-09,3750.0,1808.0,1808.0,48.21333333333333,46,f2017,5747.0,120.0,1.1883333333333335,irrigated_sep25_45_18_120,0.042749999999999844,-189.0,-58.5
test,0,1.2583690476190477,2019,False,30,124,19.5,150.0,5408.0,19.5,454.5700000000001,2019-10-15,1,2020-03-13,3700.0,1708.0,1708.0,46.16216216216216,46,f2017,5468.0,120.0,1.121904761904762,irrigated_sep25_45_18_120,0.1364642857142857,-60.0,-100.5
test,0,1.3580119047619048,2020,False,37,117,14.5,140.0,5795.0,14.5,409.8499999999999,2020-10-22,1,2021-03-21,4050.0,1745.0,1745.0,43.08641975308642,46,f2017,5676.0,120.0,1.1714285714285715,irrigated_sep25_45_18_120,0.18658333333333332,119.0,-105.5
test,0,1.1945238095238095,2021,False,25,130,16.0,135.0,5521.0,80.0,454.63,2021-10-10,5,2022-03-09,3700.0,1821.0,1821.0,49.21621621621622,42,f2021,6108.0,120.0,1.2742857142857142,irrigated_sep25_45_18_120,-0.0797619047619047,-587.0,-40.0
test,0,1.3788095238095237,2022,False,34,119,20.0,135.0,5791.0,0.0,561.4200000000001,2022-10-19,0,2023-03-18,3923.0,1868.0,1868.0,47.61661993372419,42,f2021,6215.0,54.0,1.3987619047619049,irrigated_sep25_45_18_120,-0.019952380952381166,-424.0,-54.0
test,0,1.0727261904761904,2023,False,23,98,15.5,185.0,5189.0,108.5,622.5600000000001,2023-10-08,7,2024-03-06,4154.0,1035.0,1035.0,24.91574386133847,42,f2021,5399.0,120.0,1.1054761904761905,irrigated_sep25_45_18_120,-0.03275000000000006,-210.0,-11.5
test,0,1.3204761904761906,2024,False,31,115,16.5,105.0,5546.0,0.0,581.03,2024-10-16,0,2025-03-15,3827.0,1719.0,1719.0,44.91769009668148,42,f2021,5850.0,90.0,1.2578571428571428,irrigated_sep25_45_18_120,0.0626190476190478,-304.0,-90.0
test,0,1.261095238095238,2021,False,27,115,14.0,120.0,5914.0,98.0,453.9,2021-10-12,7,2022-03-11,3700.0,2214.0,2214.0,59.83783783783784,43,f2021,6108.0,120.0,1.2742857142857142,irrigated_sep25_45_18_120,-0.013190476190476197,-194.0,-22.0
test,0,1.3914285714285717,2022,False,33,111,21.5,120.0,5844.0,0.0,564.69,2022-10-18,0,2023-03-17,3923.0,1921.0,1921.0,48.96762681621208,43,f2021,6215.0,54.0,1.3987619047619049,irrigated_sep25_45_18_120,-0.007333333333333192,-371.0,-54.0
test,0,1.032404761904762,2023,False,25,104,15.5,120.0,4922.0,93.0,574.6700000000001,2023-10-10,6,2024-03-08,4154.0,768.0,768.0,18.488204140587385,43,f2021,5399.0,120.0,1.1054761904761905,irrigated_sep25_45_18_120,-0.07307142857142845,-477.0,-27.0
test,0,1.3847619047619049,2024,False,33,108,14.0,125.0,5816.0,0.0,598.5800000000002,2024-10-18,0,2025-03-17,3827.0,1989.0,1989.0,51.972824666840864,43,f2021,5850.0,90.0,1.2578571428571428,irrigated_sep25_45_18_120,0.12690476190476208,-34.0,-90.0
test,0,1.3229523809523809,2021,False,30,126,20.5,95.0,6073.0,82.0,459.48,2021-10-15,4,2022-03-14,3700.0,2373.0,2373.0,64.13513513513513,44,f2021,6108.0,120.0,1.2742857142857142,irrigated_sep25_45_18_120,0.048666666666666636,-35.0,-38.0
test,0,1.4007142857142858,2022,False,32,116,28.5,140.0,5883.0,0.0,566.48,2022-10-17,0,2023-03-16,3923.0,1960.0,1960.0,49.961763956156005,44,f2021,6215.0,54.0,1.3987619047619049,irrigated_sep25_45_18_120,0.0019523809523809277,-332.0,-54.0
test,0,1.064404761904762,2023,False,28,106,15.0,105.0,5132.0,105.0,539.3199999999999,2023-10-13,7,2024-03-11,4154.0,978.0,978.0,23.54357246027925,44,f2021,5399.0,120.0,1.1054761904761905,irrigated_sep25_45_18_120,-0.041071428571428426,-267.0,-15.0
test,0,1.3847619047619049,2024,False,33,117,16.0,105.0,5816.0,0.0,598.5800000000002,2024-10-18,0,2025-03-17,3827.0,1989.0,1989.0,51.972824666840864,44,f2021,5850.0,90.0,1.2578571428571428,irrigated_sep25_45_18_120,0.12690476190476208,-34.0,-90.0
test,0,1.327238095238095,2021,False,34,101,16.0,135.0,6280.0,112.0,411.13,2021-10-19,7,2022-03-18,3700.0,2580.0,2580.0,69.72972972972973,45,f2021,6108.0,120.0,1.2742857142857142,irrigated_sep25_45_18_120,0.05295238095238086,172.0,-8.0
test,0,1.3733333333333333,2022,False,38,93,17.5,140.0,5768.0,0.0,525.51,2022-10-23,0,2023-03-22,3923.0,1845.0,1845.0,47.03033392811624,45,f2021,6215.0,54.0,1.3987619047619049,irrigated_sep25_45_18_120,-0.025428571428571578,-447.0,-54.0
test,0,1.0634166666666665,2023,False,32,99,16.5,120.0,5194.0,115.5,480.81000000000006,2023-10-17,7,2024-03-15,4154.0,1040.0,1040.0,25.036109773712084,45,f2021,5399.0,120.0,1.1054761904761905,irrigated_sep25_45_18_120,-0.042059523809524046,-205.0,-4.5
test,0,1.2949761904761905,2024,False,31,93,17.0,130.0,5546.0,17.0,581.03,2024-10-16,1,2025-03-15,3827.0,1719.0,1719.0,44.91769009668148,45,f2021,5850.0,90.0,1.2578571428571428,irrigated_sep25_45_18_120,0.03711904761904772,-304.0,-73.0
test,0,1.3289285714285717,2021,False,33,109,19.0,155.0,6180.0,95.0,413.08,2021-10-18,5,2022-03-17,3700.0,2480.0,2480.0,67.02702702702703,46,f2021,6108.0,120.0,1.2742857142857142,irrigated_sep25_45_18_120,0.05464285714285744,72.0,-25.0
test,0,1.3795238095238096,2022,False,42,96,16.5,125.0,5794.0,0.0,546.5399999999998,2022-10-27,0,2023-03-26,3923.0,1871.0,1871.0,47.69309202141218,46,f2021,6215.0,54.0,1.3987619047619049,irrigated_sep25_45_18_120,-0.019238095238095276,-421.0,-54.0
test,0,1.0373214285714285,2023,False,23,103,21.5,120.0,5034.0,107.5,622.5600000000001,2023-10-08,5,2024-03-06,4154.0,880.0,880.0,21.184400577756374,46,f2021,5399.0,120.0,1.1054761904761905,irrigated_sep25_45_18_120,-0.068154761904762,-365.0,-12.5
test,0,1.3295238095238096,2024,False,32,103,18.5,170.0,5584.0,0.0,588.71,2024-10-17,0,2025-03-16,3827.0,1757.0,1757.0,45.91063496211132,46,f2021,5850.0,90.0,1.2578571428571428,irrigated_sep25_45_18_120,0.07166666666666677,-266.0,-90.0
test,0,1.2026904761904762,2005,False,29,116,23.0,165.0,5486.0,69.0,482.9500000000001,2005-10-14,3,2006-03-13,3150.0,2336.0,2336.0,74.15873015873017,42,f2005,5787.0,80.0,1.257857142857143,optimized_fixed_rule,-0.05516666666666681,-301.0,-11.0
test,0,1.3528571428571428,2006,False,30,114,21.5,170.0,5682.0,0.0,555.51,2006-10-15,0,2007-03-14,3000.0,2682.0,2682.0,89.4,42,f2005,5567.0,0.0,1.3254761904761905,optimized_fixed_rule,0.027380952380952284,115.0,0.0
test,0,1.3726190476190476,2007,False,37,132,22.5,155.0,5765.0,0.0,584.2299999999999,2007-10-22,0,2008-03-20,3300.0,2465.0,2465.0,74.6969696969697,42,f2005,5692.0,0.0,1.3552380952380951,optimized_fixed_rule,0.017380952380952497,73.0,0.0
test,0,0.9471190476190476,2008,False,23,122,23.5,175.0,4274.0,47.0,513.0,2008-10-08,2,2009-03-07,3126.0,1148.0,1148.0,36.72424824056302,42,f2005,5408.0,75.0,1.1751190476190476,optimized_fixed_rule,-0.22799999999999998,-1134.0,-28.0
test,0,1.0943333333333334,2005,False,29,150,18.0,130.0,4823.0,36.0,482.9500000000001,2005-10-14,2,2006-03-13,3150.0,1673.0,1673.0,53.11111111111112,43,f2005,5787.0,80.0,1.257857142857143,optimized_fixed_rule,-0.16352380952380963,-964.0,-44.0
test,0,1.3214285714285714,2006,False,44,142,19.0,105.0,5550.0,0.0,612.1899999999999,2006-10-29,0,2007-03-28,3000.0,2550.0,2550.0,85.0,43,f2005,5567.0,0.0,1.3254761904761905,optimized_fixed_rule,-0.004047619047619078,-17.0,0.0
test,0,1.361904761904762,2007,False,42,150,18.0,90.0,5720.0,0.0,607.19,2007-10-27,0,2008-03-25,3300.0,2420.0,2420.0,73.33333333333333,43,f2005,5692.0,0.0,1.3552380952380951,optimized_fixed_rule,0.006666666666666821,28.0,0.0
test,0,0.8188690476190477,2008,False,21,150,22.5,195.0,3581.0,22.5,479.27,2008-10-06,1,2009-03-05,3126.0,455.0,455.0,14.55534229046705,43,f2005,5408.0,75.0,1.1751190476190476,optimized_fixed_rule,-0.35624999999999996,-1827.0,-52.5
test,0,1.217940476190476,2005,False,38,100,16.5,140.0,5843.0,115.5,467.64,2005-10-23,7,2006-03-22,3150.0,2693.0,2693.0,85.4920634920635,44,f2005,5787.0,80.0,1.257857142857143,optimized_fixed_rule,-0.039916666666667044,56.0,35.5
test,0,1.3202380952380952,2006,False,36,101,14.5,125.0,5545.0,0.0,567.55,2006-10-21,0,2007-03-20,3000.0,2545.0,2545.0,84.83333333333333,44,f2005,5567.0,0.0,1.3254761904761905,optimized_fixed_rule,-0.005238095238095264,-22.0,0.0
test,0,1.3597619047619047,2007,False,40,103,16.0,105.0,5711.0,0.0,602.76,2007-10-25,0,2008-03-23,3300.0,2411.0,2411.0,73.06060606060606,44,f2005,5692.0,0.0,1.3552380952380951,optimized_fixed_rule,0.0045238095238095966,19.0,0.0
test,0,1.1185238095238097,2008,False,33,102,16.0,160.0,5101.0,64.0,530.24,2008-10-18,4,2009-03-17,3126.0,1975.0,1975.0,63.17978246960973,44,f2005,5408.0,75.0,1.1751190476190476,optimized_fixed_rule,-0.05659523809523792,-307.0,-11.0
test,0,1.2367261904761904,2005,False,28,104,16.5,150.0,5714.0,82.5,479.57,2005-10-13,5,2006-03-12,3150.0,2564.0,2564.0,81.39682539682539,45,f2005,5787.0,80.0,1.257857142857143,optimized_fixed_rule,-0.02113095238095264,-73.0,2.5
test,0,1.3254761904761905,2006,False,32,105,15.0,130.0,5567.0,0.0,540.64,2006-10-17,0,2007-03-16,3000.0,2567.0,2567.0,85.56666666666666,45,f2005,5567.0,0.0,1.3254761904761905,optimized_fixed_rule,0.0,0.0,0.0
test,0,1.3852380952380952,2007,False,38,115,16.5,125.0,5818.0,0.0,584.42,2007-10-23,0,2008-03-21,3300.0,2518.0,2518.0,76.3030303030303,45,f2005,5692.0,0.0,1.3552380952380951,optimized_fixed_rule,0.030000000000000027,126.0,0.0
test,0,0.9922857142857142,2008,False,20,111,16.0,160.0,4470.0,48.0,517.3,2008-10-05,3,2009-03-04,3126.0,1344.0,1344.0,42.99424184261037,45,f2005,5408.0,75.0,1.1751190476190476,optimized_fixed_rule,-0.1828333333333334,-938.0,-27.0
test,0,1.1248571428571428,2005,False,25,127,13.0,155.0,5052.0,52.0,469.76,2005-10-10,4,2006-03-09,3150.0,1902.0,1902.0,60.38095238095238,46,f2005,5787.0,80.0,1.257857142857143,optimized_fixed_rule,-0.13300000000000023,-735.0,-28.0
test,0,1.3276190476190477,2006,False,42,109,14.5,170.0,5576.0,0.0,613.8299999999999,2006-10-27,0,2007-03-26,3000.0,2576.0,2576.0,85.86666666666666,46,f2005,5567.0,0.0,1.3254761904761905,optimized_fixed_rule,0.002142857142857224,9.0,0.0
test,0,1.35,2007,False,43,124,15.0,165.0,5670.0,0.0,606.52,2007-10-28,0,2008-03-26,3300.0,2370.0,2370.0,71.81818181818181,46,f2005,5692.0,0.0,1.3552380952380951,optimized_fixed_rule,-0.005238095238095042,-22.0,0.0
test,0,0.8996428571428572,2008,False,20,133,12.5,130.0,3936.0,25.0,491.75,2008-10-05,2,2009-03-04,3126.0,810.0,810.0,25.911708253358924,46,f2005,5408.0,75.0,1.1751190476190476,optimized_fixed_rule,-0.27547619047619043,-1472.0,-50.0
test,0,1.25,2009,False,29,87,17.5,145.0,5250.0,0.0,827.6400000000001,2009-10-14,0,2010-03-13,2578.0,2672.0,2672.0,103.64623739332816,42,f2009,5135.0,0.0,1.2226190476190477,optimized_fixed_rule,0.027380952380952284,115.0,0.0
test,0,1.283095238095238,2010,False,52,92,19.0,150.0,5389.0,0.0,796.1100000000001,2010-11-06,0,2011-04-05,3245.0,2144.0,2144.0,66.07087827426811,42,f2009,5485.0,0.0,1.305952380952381,optimized_fixed_rule,-0.02285714285714291,-96.0,0.0
test,0,1.4733333333333334,2011,False,33,91,19.5,145.0,6188.0,0.0,550.63,2011-10-18,0,2012-03-16,3496.0,2692.0,2692.0,77.00228832951944,42,f2009,6226.0,15.0,1.4598809523809524,optimized_fixed_rule,0.013452380952380993,-38.0,-15.0
test,0,1.3295238095238096,2012,False,37,84,16.5,145.0,5584.0,0.0,647.1300000000001,2012-10-22,0,2013-03-21,3546.0,2038.0,2038.0,57.473209249859,42,f2009,5402.0,0.0,1.286190476190476,optimized_fixed_rule,0.043333333333333446,182.0,0.0
test,0,1.2607142857142857,2009,False,24,91,14.5,140.0,5295.0,0.0,797.64,2009-10-09,0,2010-03-08,2578.0,2717.0,2717.0,105.39177657098526,43,f2009,5135.0,0.0,1.2226190476190477,optimized_fixed_rule,0.03809523809523796,160.0,0.0
test,0,1.3138095238095238,2010,False,46,105,22.0,130.0,5518.0,0.0,805.8900000000002,2010-10-31,0,2011-03-30,3245.0,2273.0,2273.0,70.0462249614792,43,f2009,5485.0,0.0,1.305952380952381,optimized_fixed_rule,0.007857142857142785,33.0,0.0
test,0,1.5202380952380952,2011,False,26,97,19.0,160.0,6385.0,0.0,612.5900000000001,2011-10-11,0,2012-03-09,3496.0,2889.0,2889.0,82.63729977116705,43,f2009,6226.0,15.0,1.4598809523809524,optimized_fixed_rule,0.060357142857142776,159.0,-15.0
test,0,1.3888095238095235,2012,False,29,98,13.5,115.0,5833.0,0.0,616.5900000000001,2012-10-14,0,2013-03-13,3546.0,2287.0,2287.0,64.49520586576425,43,f2009,5402.0,0.0,1.286190476190476,optimized_fixed_rule,0.10261904761904739,431.0,0.0
test,0,1.2533333333333334,2009,False,36,80,16.0,160.0,5264.0,0.0,746.2900000000002,2009-10-21,0,2010-03-20,2578.0,2686.0,2686.0,104.18929402637704,44,f2009,5135.0,0.0,1.2226190476190477,optimized_fixed_rule,0.030714285714285694,129.0,0.0
test,0,1.3073809523809523,2010,False,50,89,19.0,120.0,5491.0,0.0,808.2500000000001,2010-11-04,0,2011-04-03,3245.0,2246.0,2246.0,69.21417565485362,44,f2009,5485.0,0.0,1.305952380952381,optimized_fixed_rule,0.0014285714285713347,6.0,0.0
test,0,1.4505238095238095,2011,False,37,78,16.0,160.0,6193.0,16.0,579.7700000000001,2011-10-22,1,2012-03-20,3496.0,2697.0,2697.0,77.14530892448512,44,f2009,6226.0,15.0,1.4598809523809524,optimized_fixed_rule,-0.009357142857142842,-33.0,1.0
test,0,1.322142857142857,2012,False,38,89,15.0,140.0,5553.0,0.0,620.87,2012-10-23,0,2013-03-22,3546.0,2007.0,2007.0,56.598984771573605,44,f2009,5402.0,0.0,1.286190476190476,optimized_fixed_rule,0.03595238095238096,151.0,0.0
test,0,1.2211904761904762,2009,False,49,72,18.5,140.0,5129.0,0.0,794.3000000000001,2009-11-03,0,2010-04-02,2578.0,2551.0,2551.0,98.95267649340576,45,f2009,5135.0,0.0,1.2226190476190477,optimized_fixed_rule,-0.0014285714285715567,-6.0,0.0
test,0,1.3138095238095238,2010,False,46,92,17.5,140.0,5518.0,0.0,805.8900000000002,2010-10-31,0,2011-03-30,3245.0,2273.0,2273.0,70.0462249614792,45,f2009,5485.0,0.0,1.305952380952381,optimized_fixed_rule,0.007857142857142785,33.0,0.0
test,0,1.4195,2011,False,46,75,18.5,140.0,6195.0,37.0,540.9799999999999,2011-10-31,2,2012-03-29,3496.0,2699.0,2699.0,77.2025171624714,45,f2009,6226.0,15.0,1.4598809523809524,optimized_fixed_rule,-0.040380952380952406,-31.0,22.0
test,0,1.2573809523809525,2012,False,45,80,17.5,140.0,5281.0,0.0,598.83,2012-10-30,0,2013-03-29,3546.0,1735.0,1735.0,48.92836999435984,45,f2009,5402.0,0.0,1.286190476190476,optimized_fixed_rule,-0.02880952380952362,-121.0,0.0
test,0,1.2592857142857143,2009,False,33,81,17.0,115.0,5289.0,0.0,763.28,2009-10-18,0,2010-03-17,2578.0,2711.0,2711.0,105.15903801396432,46,f2009,5135.0,0.0,1.2226190476190477,optimized_fixed_rule,0.036666666666666625,154.0,0.0
test,0,1.283095238095238,2010,False,52,88,17.0,150.0,5389.0,0.0,796.1100000000001,2010-11-06,0,2011-04-05,3245.0,2144.0,2144.0,66.07087827426811,46,f2009,5485.0,0.0,1.305952380952381,optimized_fixed_rule,-0.02285714285714291,-96.0,0.0
test,0,1.4475238095238097,2011,False,37,79,18.0,105.0,6193.0,18.0,579.7700000000001,2011-10-22,1,2012-03-20,3496.0,2697.0,2697.0,77.14530892448512,46,f2009,6226.0,15.0,1.4598809523809524,optimized_fixed_rule,-0.012357142857142733,-33.0,3.0
test,0,1.3314285714285714,2012,False,34,91,15.0,140.0,5592.0,0.0,633.87,2012-10-19,0,2013-03-18,3546.0,2046.0,2046.0,57.69881556683587,46,f2009,5402.0,0.0,1.286190476190476,optimized_fixed_rule,0.0452380952380953,190.0,0.0
test,0,1.1643809523809523,2013,False,32,109,20.5,145.0,5407.0,82.0,407.43,2013-10-17,4,2014-03-16,3690.0,1717.0,1717.0,46.53116531165312,42,f2013,5918.0,80.0,1.289047619047619,optimized_fixed_rule,-0.1246666666666667,-511.0,2.0
test,0,1.4233333333333331,2014,False,26,104,15.5,135.0,5978.0,0.0,553.57,2014-10-11,0,2015-03-10,3542.0,2436.0,2436.0,68.77470355731225,42,f2013,5857.0,0.0,1.3945238095238095,optimized_fixed_rule,0.02880952380952362,121.0,0.0
test,0,1.2457142857142858,2015,False,27,95,14.0,130.0,5232.0,0.0,683.0400000000001,2015-10-12,0,2016-03-10,3727.0,1505.0,1505.0,40.3810034880601,42,f2013,5249.0,0.0,1.2497619047619049,optimized_fixed_rule,-0.004047619047619078,-17.0,0.0
test,0,1.4038095238095238,2016,False,45,99,20.0,150.0,5896.0,0.0,629.96,2016-10-30,0,2017-03-29,3381.0,2515.0,2515.0,74.38627624963028,42,f2013,6112.0,0.0,1.4552380952380952,optimized_fixed_rule,-0.05142857142857138,-216.0,0.0
test,0,1.221488095238095,2013,False,28,94,16.5,125.0,5650.0,82.5,416.52,2013-10-13,5,2014-03-12,3690.0,1960.0,1960.0,53.116531165311656,43,f2013,5918.0,80.0,1.289047619047619,optimized_fixed_rule,-0.0675595238095239,-268.0,2.5
test,0,1.42175,2014,False,20,97,15.5,120.0,6069.0,15.5,518.55,2014-10-05,1,2015-03-04,3542.0,2527.0,2527.0,71.34387351778656,43,f2013,5857.0,0.0,1.3945238095238095,optimized_fixed_rule,0.02722619047619057,212.0,15.5
test,0,1.2457142857142858,2015,False,27,90,14.5,120.0,5232.0,0.0,683.0400000000001,2015-10-12,0,2016-03-10,3727.0,1505.0,1505.0,40.3810034880601,43,f2013,5249.0,0.0,1.2497619047619049,optimized_fixed_rule,-0.004047619047619078,-17.0,0.0
test,0,1.3742857142857143,2016,False,52,89,20.5,140.0,5772.0,0.0,645.0400000000001,2016-11-06,0,2017-04-05,3381.0,2391.0,2391.0,70.71872227151731,43,f2013,6112.0,0.0,1.4552380952380952,optimized_fixed_rule,-0.08095238095238089,-340.0,0.0
test,0,1.2199404761904762,2013,False,26,89,12.5,100.0,5675.0,87.5,383.19,2013-10-11,7,2014-03-10,3690.0,1985.0,1985.0,53.79403794037941,44,f2013,5918.0,80.0,1.289047619047619,optimized_fixed_rule,-0.06910714285714281,-243.0,7.5
test,0,1.42175,2014,False,20,103,15.5,135.0,6069.0,15.5,518.55,2014-10-05,1,2015-03-04,3542.0,2527.0,2527.0,71.34387351778656,44,f2013,5857.0,0.0,1.3945238095238095,optimized_fixed_rule,0.02722619047619057,212.0,15.5
test,0,1.3007142857142855,2015,False,23,108,19.0,155.0,5463.0,0.0,753.06,2015-10-08,0,2016-03-06,3727.0,1736.0,1736.0,46.57901797692514,44,f2013,5249.0,0.0,1.2497619047619049,optimized_fixed_rule,0.05095238095238064,214.0,0.0
test,0,1.427142857142857,2016,False,42,95,18.0,140.0,5994.0,0.0,632.41,2016-10-27,0,2017-03-26,3381.0,2613.0,2613.0,77.28482697426797,44,f2013,6112.0,0.0,1.4552380952380952,optimized_fixed_rule,-0.028095238095238173,-118.0,0.0
test,0,1.266190476190476,2013,False,18,113,18.0,190.0,5885.0,90.0,406.4500000000001,2013-10-03,5,2014-03-02,3690.0,2195.0,2195.0,59.48509485094851,45,f2013,5918.0,80.0,1.289047619047619,optimized_fixed_rule,-0.02285714285714291,-33.0,10.0
test,0,1.3919166666666667,2014,False,17,115,16.5,185.0,5950.0,16.5,501.28,2014-10-02,1,2015-03-01,3542.0,2408.0,2408.0,67.98418972332016,45,f2013,5857.0,0.0,1.3945238095238095,optimized_fixed_rule,-0.002607142857142808,93.0,16.5
test,0,1.3007142857142855,2015,False,23,101,15.5,160.0,5463.0,0.0,753.06,2015-10-08,0,2016-03-06,3727.0,1736.0,1736.0,46.57901797692514,45,f2013,5249.0,0.0,1.2497619047619049,optimized_fixed_rule,0.05095238095238064,214.0,0.0
test,0,1.430952380952381,2016,False,39,93,19.0,105.0,6010.0,0.0,644.0400000000001,2016-10-24,0,2017-03-23,3381.0,2629.0,2629.0,77.75805974563738,45,f2013,6112.0,0.0,1.4552380952380952,optimized_fixed_rule,-0.024285714285714244,-102.0,0.0
test,0,1.2815476190476192,2013,False,30,99,17.0,140.0,5918.0,85.0,420.36,2013-10-15,5,2014-03-14,3690.0,2228.0,2228.0,60.37940379403794,46,f2013,5918.0,80.0,1.289047619047619,optimized_fixed_rule,-0.00749999999999984,0.0,5.0
test,0,1.4126190476190477,2014,False,25,99,13.5,135.0,5933.0,0.0,551.2499999999999,2014-10-10,0,2015-03-09,3542.0,2391.0,2391.0,67.50423489553924,46,f2013,5857.0,0.0,1.3945238095238095,optimized_fixed_rule,0.018095238095238164,76.0,0.0
test,0,1.3007142857142855,2015,False,22,92,13.0,135.0,5463.0,0.0,747.88,2015-10-07,0,2016-03-05,3727.0,1736.0,1736.0,46.57901797692514,46,f2013,5249.0,0.0,1.2497619047619049,optimized_fixed_rule,0.05095238095238064,214.0,0.0
test,0,1.3842857142857143,2016,False,48,82,19.0,150.0,5814.0,0.0,638.47,2016-11-02,0,2017-04-01,3381.0,2433.0,2433.0,71.96095829636202,46,f2013,6112.0,0.0,1.4552380952380952,optimized_fixed_rule,-0.07095238095238088,-298.0,0.0
test,0,1.4288095238095238,2017,False,22,118,18.5,130.0,6001.0,0.0,860.1500000000001,2017-10-07,0,2018-03-06,4000.0,2001.0,2001.0,50.025,42,f2017,5689.0,0.0,1.3545238095238095,optimized_fixed_rule,0.07428571428571429,312.0,0.0
test,0,1.2476190476190476,2018,False,24,123,20.0,145.0,5618.0,60.0,486.3099999999999,2018-10-09,3,2019-03-08,3750.0,1868.0,1868.0,49.81333333333333,42,f2017,6060.0,75.0,1.3303571428571428,optimized_fixed_rule,-0.08273809523809517,-442.0,-15.0
test,0,1.241428571428571,2019,False,22,126,19.0,145.0,5214.0,0.0,450.09,2019-10-07,0,2020-03-05,3700.0,1514.0,1514.0,40.91891891891892,42,f2017,5473.0,45.0,1.2355952380952382,optimized_fixed_rule,0.005833333333332913,-259.0,-45.0
test,0,1.3372619047619048,2020,False,37,103,17.5,135.0,5837.0,35.0,409.8499999999999,2020-10-22,2,2021-03-21,4050.0,1787.0,1787.0,44.123456790123456,42,f2017,5888.0,60.0,1.311904761904762,optimized_fixed_rule,0.025357142857142856,-51.0,-25.0
test,0,1.3545238095238097,2017,False,32,116,20.5,100.0,5689.0,0.0,878.0799999999999,2017-10-17,0,2018-03-16,4000.0,1689.0,1689.0,42.225,43,f2017,5689.0,0.0,1.3545238095238095,optimized_fixed_rule,2.220446049250313e-16,0.0,0.0
test,0,1.314,2018,False,32,121,18.0,110.0,5859.0,54.0,446.67,2018-10-17,3,2019-03-16,3750.0,2109.0,2109.0,56.24,43,f2017,6060.0,75.0,1.3303571428571428,optimized_fixed_rule,-0.016357142857142737,-201.0,-21.0
test,0,1.184214285714286,2019,False,39,118,20.5,110.0,5232.0,41.0,435.9799999999999,2019-10-24,2,2020-03-22,3700.0,1532.0,1532.0,41.4054054054054,43,f2017,5473.0,45.0,1.2355952380952382,optimized_fixed_rule,-0.05138095238095208,-241.0,-4.0
test,0,1.332095238095238,2020,False,34,105,22.0,130.0,5872.0,44.0,414.02,2020-10-19,2,2021-03-18,4050.0,1822.0,1822.0,44.98765432098765,43,f2017,5888.0,60.0,1.311904761904762,optimized_fixed_rule,0.020190476190476092,-16.0,-16.0
test,0,1.3935714285714285,2017,False,30,100,16.0,135.0,5853.0,0.0,869.8799999999999,2017-10-15,0,2018-03-14,4000.0,1853.0,1853.0,46.325,44,f2017,5689.0,0.0,1.3545238095238095,optimized_fixed_rule,0.039047619047619,164.0,0.0
test,0,1.327047619047619,2018,False,40,101,17.0,130.0,6002.0,68.0,449.28,2018-10-25,4,2019-03-24,3750.0,2252.0,2252.0,60.053333333333335,44,f2017,6060.0,75.0,1.3303571428571428,optimized_fixed_rule,-0.0033095238095237622,-58.0,-7.0
test,0,1.2044761904761905,2019,False,34,104,18.0,130.0,5399.0,54.0,442.55,2019-10-19,3,2020-03-17,3700.0,1699.0,1699.0,45.91891891891892,44,f2017,5473.0,45.0,1.2355952380952382,optimized_fixed_rule,-0.031119047619047713,-74.0,9.0
test,0,1.314809523809524,2020,False,31,90,16.5,150.0,5938.0,66.0,413.82,2020-10-16,4,2021-03-15,4050.0,1888.0,1888.0,46.617283950617285,44,f2017,5888.0,60.0,1.311904761904762,optimized_fixed_rule,0.0029047619047621875,50.0,6.0
test,0,1.3935714285714285,2017,False,30,105,14.5,140.0,5853.0,0.0,869.8799999999999,2017-10-15,0,2018-03-14,4000.0,1853.0,1853.0,46.325,45,f2017,5689.0,0.0,1.3545238095238095,optimized_fixed_rule,0.039047619047619,164.0,0.0
test,0,1.2882380952380952,2018,False,29,114,14.5,165.0,5776.0,58.0,472.52,2018-10-14,4,2019-03-13,3750.0,2026.0,2026.0,54.02666666666666,45,f2017,6060.0,75.0,1.3303571428571428,optimized_fixed_rule,-0.04211904761904761,-284.0,-17.0
test,0,1.2430476190476192,2019,False,31,108,17.0,145.0,5435.0,34.0,445.7200000000001,2019-10-16,2,2020-03-14,3700.0,1735.0,1735.0,46.891891891891895,45,f2017,5473.0,45.0,1.2355952380952382,optimized_fixed_rule,0.007452380952380988,-38.0,-11.0
test,0,1.314952380952381,2020,False,41,87,18.0,105.0,5863.0,54.0,398.52,2020-10-26,3,2021-03-25,4050.0,1813.0,1813.0,44.76543209876543,45,f2017,5888.0,60.0,1.311904761904762,optimized_fixed_rule,0.0030476190476191878,-25.0,-6.0
test,0,1.4085714285714286,2017,False,28,118,17.5,140.0,5916.0,0.0,870.8399999999999,2017-10-13,0,2018-03-12,4000.0,1916.0,1916.0,47.9,46,f2017,5689.0,0.0,1.3545238095238095,optimized_fixed_rule,0.05404761904761912,227.0,0.0
test,0,1.2310833333333333,2018,False,25,125,20.5,145.0,5558.0,61.5,484.8099999999999,2018-10-10,3,2019-03-09,3750.0,1808.0,1808.0,48.21333333333333,46,f2017,6060.0,75.0,1.3303571428571428,optimized_fixed_rule,-0.09927380952380949,-502.0,-13.5
test,0,1.2583690476190477,2019,False,30,124,19.5,150.0,5408.0,19.5,454.5700000000001,2019-10-15,1,2020-03-13,3700.0,1708.0,1708.0,46.16216216216216,46,f2017,5473.0,45.0,1.2355952380952382,optimized_fixed_rule,0.022773809523809474,-65.0,-25.5
test,0,1.3580119047619048,2020,False,37,117,14.5,140.0,5795.0,14.5,409.8499999999999,2020-10-22,1,2021-03-21,4050.0,1745.0,1745.0,43.08641975308642,46,f2017,5888.0,60.0,1.311904761904762,optimized_fixed_rule,0.0461071428571429,-93.0,-45.5
test,0,1.1945238095238095,2021,False,25,130,16.0,135.0,5521.0,80.0,454.63,2021-10-10,5,2022-03-09,3700.0,1821.0,1821.0,49.21621621621622,42,f2021,6191.0,80.0,1.354047619047619,optimized_fixed_rule,-0.1595238095238094,-670.0,0.0
test,0,1.3788095238095237,2022,False,34,119,20.0,135.0,5791.0,0.0,561.4200000000001,2022-10-19,0,2023-03-18,3923.0,1868.0,1868.0,47.61661993372419,42,f2021,5883.0,0.0,1.4007142857142858,optimized_fixed_rule,-0.021904761904762093,-92.0,0.0
test,0,1.0727261904761904,2023,False,23,98,15.5,185.0,5189.0,108.5,622.5600000000001,2023-10-08,7,2024-03-06,4154.0,1035.0,1035.0,24.91574386133847,42,f2021,5048.0,80.0,1.0819047619047617,optimized_fixed_rule,-0.009178571428571258,141.0,28.5
test,0,1.3204761904761906,2024,False,31,115,16.5,105.0,5546.0,0.0,581.03,2024-10-16,0,2025-03-15,3827.0,1719.0,1719.0,44.91769009668148,42,f2021,5584.0,15.0,1.3070238095238096,optimized_fixed_rule,0.013452380952380993,-38.0,-15.0
test,0,1.261095238095238,2021,False,27,115,14.0,120.0,5914.0,98.0,453.9,2021-10-12,7,2022-03-11,3700.0,2214.0,2214.0,59.83783783783784,43,f2021,6191.0,80.0,1.354047619047619,optimized_fixed_rule,-0.0929523809523809,-277.0,18.0
test,0,1.3914285714285717,2022,False,33,111,21.5,120.0,5844.0,0.0,564.69,2022-10-18,0,2023-03-17,3923.0,1921.0,1921.0,48.96762681621208,43,f2021,5883.0,0.0,1.4007142857142858,optimized_fixed_rule,-0.00928571428571412,-39.0,0.0
test,0,1.032404761904762,2023,False,25,104,15.5,120.0,4922.0,93.0,574.6700000000001,2023-10-10,6,2024-03-08,4154.0,768.0,768.0,18.488204140587385,43,f2021,5048.0,80.0,1.0819047619047617,optimized_fixed_rule,-0.049499999999999655,-126.0,13.0
test,0,1.3847619047619049,2024,False,33,108,14.0,125.0,5816.0,0.0,598.5800000000002,2024-10-18,0,2025-03-17,3827.0,1989.0,1989.0,51.972824666840864,43,f2021,5584.0,15.0,1.3070238095238096,optimized_fixed_rule,0.07773809523809527,232.0,-15.0
test,0,1.3229523809523809,2021,False,30,126,20.5,95.0,6073.0,82.0,459.48,2021-10-15,4,2022-03-14,3700.0,2373.0,2373.0,64.13513513513513,44,f2021,6191.0,80.0,1.354047619047619,optimized_fixed_rule,-0.031095238095238065,-118.0,2.0
test,0,1.4007142857142858,2022,False,32,116,28.5,140.0,5883.0,0.0,566.48,2022-10-17,0,2023-03-16,3923.0,1960.0,1960.0,49.961763956156005,44,f2021,5883.0,0.0,1.4007142857142858,optimized_fixed_rule,0.0,0.0,0.0
test,0,1.064404761904762,2023,False,28,106,15.0,105.0,5132.0,105.0,539.3199999999999,2023-10-13,7,2024-03-11,4154.0,978.0,978.0,23.54357246027925,44,f2021,5048.0,80.0,1.0819047619047617,optimized_fixed_rule,-0.017499999999999627,84.0,25.0
test,0,1.3847619047619049,2024,False,33,117,16.0,105.0,5816.0,0.0,598.5800000000002,2024-10-18,0,2025-03-17,3827.0,1989.0,1989.0,51.972824666840864,44,f2021,5584.0,15.0,1.3070238095238096,optimized_fixed_rule,0.07773809523809527,232.0,-15.0
test,0,1.327238095238095,2021,False,34,101,16.0,135.0,6280.0,112.0,411.13,2021-10-19,7,2022-03-18,3700.0,2580.0,2580.0,69.72972972972973,45,f2021,6191.0,80.0,1.354047619047619,optimized_fixed_rule,-0.02680952380952384,89.0,32.0
test,0,1.3733333333333333,2022,False,38,93,17.5,140.0,5768.0,0.0,525.51,2022-10-23,0,2023-03-22,3923.0,1845.0,1845.0,47.03033392811624,45,f2021,5883.0,0.0,1.4007142857142858,optimized_fixed_rule,-0.027380952380952506,-115.0,0.0
test,0,1.0634166666666665,2023,False,32,99,16.5,120.0,5194.0,115.5,480.81000000000006,2023-10-17,7,2024-03-15,4154.0,1040.0,1040.0,25.036109773712084,45,f2021,5048.0,80.0,1.0819047619047617,optimized_fixed_rule,-0.018488095238095248,146.0,35.5
test,0,1.2949761904761905,2024,False,31,93,17.0,130.0,5546.0,17.0,581.03,2024-10-16,1,2025-03-15,3827.0,1719.0,1719.0,44.91769009668148,45,f2021,5584.0,15.0,1.3070238095238096,optimized_fixed_rule,-0.012047619047619085,-38.0,2.0
test,0,1.3289285714285717,2021,False,33,109,19.0,155.0,6180.0,95.0,413.08,2021-10-18,5,2022-03-17,3700.0,2480.0,2480.0,67.02702702702703,46,f2021,6191.0,80.0,1.354047619047619,optimized_fixed_rule,-0.025119047619047263,-11.0,15.0
test,0,1.3795238095238096,2022,False,42,96,16.5,125.0,5794.0,0.0,546.5399999999998,2022-10-27,0,2023-03-26,3923.0,1871.0,1871.0,47.69309202141218,46,f2021,5883.0,0.0,1.4007142857142858,optimized_fixed_rule,-0.021190476190476204,-89.0,0.0
test,0,1.0373214285714285,2023,False,23,103,21.5,120.0,5034.0,107.5,622.5600000000001,2023-10-08,5,2024-03-06,4154.0,880.0,880.0,21.184400577756374,46,f2021,5048.0,80.0,1.0819047619047617,optimized_fixed_rule,-0.0445833333333332,-14.0,27.5
test,0,1.3295238095238096,2024,False,32,103,18.5,170.0,5584.0,0.0,588.71,2024-10-17,0,2025-03-16,3827.0,1757.0,1757.0,45.91063496211132,46,f2021,5584.0,15.0,1.3070238095238096,optimized_fixed_rule,0.022499999999999964,0.0,-15.0
test,0,1.2026904761904762,2005,False,29,116,23.0,165.0,5486.0,69.0,482.9500000000001,2005-10-14,3,2006-03-13,3150.0,2336.0,2336.0,74.15873015873017,42,f2005,4476.0,0.0,1.0657142857142856,rainfed_oct15,0.13697619047619058,1010.0,69.0
test,0,1.3528571428571428,2006,False,30,114,21.5,170.0,5682.0,0.0,555.51,2006-10-15,0,2007-03-14,3000.0,2682.0,2682.0,89.4,42,f2005,5682.0,0.0,1.3528571428571428,rainfed_oct15,0.0,0.0,0.0
test,0,1.3726190476190476,2007,False,37,132,22.5,155.0,5765.0,0.0,584.2299999999999,2007-10-22,0,2008-03-20,3300.0,2465.0,2465.0,74.6969696969697,42,f2005,5562.0,0.0,1.3242857142857143,rainfed_oct15,0.04833333333333334,203.0,0.0
test,0,0.9471190476190476,2008,False,23,122,23.5,175.0,4274.0,47.0,513.0,2008-10-08,2,2009-03-07,3126.0,1148.0,1148.0,36.72424824056302,42,f2005,3821.0,0.0,0.9097619047619048,rainfed_oct15,0.03735714285714287,453.0,47.0
test,0,1.0943333333333334,2005,False,29,150,18.0,130.0,4823.0,36.0,482.9500000000001,2005-10-14,2,2006-03-13,3150.0,1673.0,1673.0,53.11111111111112,43,f2005,4476.0,0.0,1.0657142857142856,rainfed_oct15,0.028619047619047766,347.0,36.0
test,0,1.3214285714285714,2006,False,44,142,19.0,105.0,5550.0,0.0,612.1899999999999,2006-10-29,0,2007-03-28,3000.0,2550.0,2550.0,85.0,43,f2005,5682.0,0.0,1.3528571428571428,rainfed_oct15,-0.03142857142857136,-132.0,0.0
test,0,1.361904761904762,2007,False,42,150,18.0,90.0,5720.0,0.0,607.19,2007-10-27,0,2008-03-25,3300.0,2420.0,2420.0,73.33333333333333,43,f2005,5562.0,0.0,1.3242857142857143,rainfed_oct15,0.03761904761904766,158.0,0.0
test,0,0.8188690476190477,2008,False,21,150,22.5,195.0,3581.0,22.5,479.27,2008-10-06,1,2009-03-05,3126.0,455.0,455.0,14.55534229046705,43,f2005,3821.0,0.0,0.9097619047619048,rainfed_oct15,-0.09089285714285711,-240.0,22.5
test,0,1.217940476190476,2005,False,38,100,16.5,140.0,5843.0,115.5,467.64,2005-10-23,7,2006-03-22,3150.0,2693.0,2693.0,85.4920634920635,44,f2005,4476.0,0.0,1.0657142857142856,rainfed_oct15,0.15222619047619035,1367.0,115.5
test,0,1.3202380952380952,2006,False,36,101,14.5,125.0,5545.0,0.0,567.55,2006-10-21,0,2007-03-20,3000.0,2545.0,2545.0,84.83333333333333,44,f2005,5682.0,0.0,1.3528571428571428,rainfed_oct15,-0.03261904761904755,-137.0,0.0
test,0,1.3597619047619047,2007,False,40,103,16.0,105.0,5711.0,0.0,602.76,2007-10-25,0,2008-03-23,3300.0,2411.0,2411.0,73.06060606060606,44,f2005,5562.0,0.0,1.3242857142857143,rainfed_oct15,0.03547619047619044,149.0,0.0
test,0,1.1185238095238097,2008,False,33,102,16.0,160.0,5101.0,64.0,530.24,2008-10-18,4,2009-03-17,3126.0,1975.0,1975.0,63.17978246960973,44,f2005,3821.0,0.0,0.9097619047619048,rainfed_oct15,0.20876190476190493,1280.0,64.0
test,0,1.2367261904761904,2005,False,28,104,16.5,150.0,5714.0,82.5,479.57,2005-10-13,5,2006-03-12,3150.0,2564.0,2564.0,81.39682539682539,45,f2005,4476.0,0.0,1.0657142857142856,rainfed_oct15,0.17101190476190475,1238.0,82.5
test,0,1.3254761904761905,2006,False,32,105,15.0,130.0,5567.0,0.0,540.64,2006-10-17,0,2007-03-16,3000.0,2567.0,2567.0,85.56666666666666,45,f2005,5682.0,0.0,1.3528571428571428,rainfed_oct15,-0.027380952380952284,-115.0,0.0
test,0,1.3852380952380952,2007,False,38,115,16.5,125.0,5818.0,0.0,584.42,2007-10-23,0,2008-03-21,3300.0,2518.0,2518.0,76.3030303030303,45,f2005,5562.0,0.0,1.3242857142857143,rainfed_oct15,0.06095238095238087,256.0,0.0
test,0,0.9922857142857142,2008,False,20,111,16.0,160.0,4470.0,48.0,517.3,2008-10-05,3,2009-03-04,3126.0,1344.0,1344.0,42.99424184261037,45,f2005,3821.0,0.0,0.9097619047619048,rainfed_oct15,0.08252380952380944,649.0,48.0
test,0,1.1248571428571428,2005,False,25,127,13.0,155.0,5052.0,52.0,469.76,2005-10-10,4,2006-03-09,3150.0,1902.0,1902.0,60.38095238095238,46,f2005,4476.0,0.0,1.0657142857142856,rainfed_oct15,0.059142857142857164,576.0,52.0
test,0,1.3276190476190477,2006,False,42,109,14.5,170.0,5576.0,0.0,613.8299999999999,2006-10-27,0,2007-03-26,3000.0,2576.0,2576.0,85.86666666666666,46,f2005,5682.0,0.0,1.3528571428571428,rainfed_oct15,-0.02523809523809506,-106.0,0.0
test,0,1.35,2007,False,43,124,15.0,165.0,5670.0,0.0,606.52,2007-10-28,0,2008-03-26,3300.0,2370.0,2370.0,71.81818181818181,46,f2005,5562.0,0.0,1.3242857142857143,rainfed_oct15,0.0257142857142858,108.0,0.0
test,0,0.8996428571428572,2008,False,20,133,12.5,130.0,3936.0,25.0,491.75,2008-10-05,2,2009-03-04,3126.0,810.0,810.0,25.911708253358924,46,f2005,3821.0,0.0,0.9097619047619048,rainfed_oct15,-0.010119047619047583,115.0,25.0
test,0,1.25,2009,False,29,87,17.5,145.0,5250.0,0.0,827.6400000000001,2009-10-14,0,2010-03-13,2578.0,2672.0,2672.0,103.64623739332816,42,f2009,5341.0,0.0,1.2716666666666667,rainfed_oct15,-0.021666666666666723,-91.0,0.0
test,0,1.283095238095238,2010,False,52,92,19.0,150.0,5389.0,0.0,796.1100000000001,2010-11-06,0,2011-04-05,3245.0,2144.0,2144.0,66.07087827426811,42,f2009,5702.0,0.0,1.3576190476190477,rainfed_oct15,-0.07452380952380966,-313.0,0.0
test,0,1.4733333333333334,2011,False,33,91,19.5,145.0,6188.0,0.0,550.63,2011-10-18,0,2012-03-16,3496.0,2692.0,2692.0,77.00228832951944,42,f2009,6326.0,0.0,1.506190476190476,rainfed_oct15,-0.032857142857142696,-138.0,0.0
test,0,1.3295238095238096,2012,False,37,84,16.5,145.0,5584.0,0.0,647.1300000000001,2012-10-22,0,2013-03-21,3546.0,2038.0,2038.0,57.473209249859,42,f2009,5695.0,0.0,1.355952380952381,rainfed_oct15,-0.026428571428571468,-111.0,0.0
test,0,1.2607142857142857,2009,False,24,91,14.5,140.0,5295.0,0.0,797.64,2009-10-09,0,2010-03-08,2578.0,2717.0,2717.0,105.39177657098526,43,f2009,5341.0,0.0,1.2716666666666667,rainfed_oct15,-0.010952380952381047,-46.0,0.0
test,0,1.3138095238095238,2010,False,46,105,22.0,130.0,5518.0,0.0,805.8900000000002,2010-10-31,0,2011-03-30,3245.0,2273.0,2273.0,70.0462249614792,43,f2009,5702.0,0.0,1.3576190476190477,rainfed_oct15,-0.043809523809523965,-184.0,0.0
test,0,1.5202380952380952,2011,False,26,97,19.0,160.0,6385.0,0.0,612.5900000000001,2011-10-11,0,2012-03-09,3496.0,2889.0,2889.0,82.63729977116705,43,f2009,6326.0,0.0,1.506190476190476,rainfed_oct15,0.014047619047619087,59.0,0.0
test,0,1.3888095238095235,2012,False,29,98,13.5,115.0,5833.0,0.0,616.5900000000001,2012-10-14,0,2013-03-13,3546.0,2287.0,2287.0,64.49520586576425,43,f2009,5695.0,0.0,1.355952380952381,rainfed_oct15,0.032857142857142474,138.0,0.0
test,0,1.2533333333333334,2009,False,36,80,16.0,160.0,5264.0,0.0,746.2900000000002,2009-10-21,0,2010-03-20,2578.0,2686.0,2686.0,104.18929402637704,44,f2009,5341.0,0.0,1.2716666666666667,rainfed_oct15,-0.018333333333333313,-77.0,0.0
test,0,1.3073809523809523,2010,False,50,89,19.0,120.0,5491.0,0.0,808.2500000000001,2010-11-04,0,2011-04-03,3245.0,2246.0,2246.0,69.21417565485362,44,f2009,5702.0,0.0,1.3576190476190477,rainfed_oct15,-0.050238095238095415,-211.0,0.0
test,0,1.4505238095238095,2011,False,37,78,16.0,160.0,6193.0,16.0,579.7700000000001,2011-10-22,1,2012-03-20,3496.0,2697.0,2697.0,77.14530892448512,44,f2009,6326.0,0.0,1.506190476190476,rainfed_oct15,-0.05566666666666653,-133.0,16.0
test,0,1.322142857142857,2012,False,38,89,15.0,140.0,5553.0,0.0,620.87,2012-10-23,0,2013-03-22,3546.0,2007.0,2007.0,56.598984771573605,44,f2009,5695.0,0.0,1.355952380952381,rainfed_oct15,-0.033809523809523956,-142.0,0.0
test,0,1.2211904761904762,2009,False,49,72,18.5,140.0,5129.0,0.0,794.3000000000001,2009-11-03,0,2010-04-02,2578.0,2551.0,2551.0,98.95267649340576,45,f2009,5341.0,0.0,1.2716666666666667,rainfed_oct15,-0.05047619047619056,-212.0,0.0
test,0,1.3138095238095238,2010,False,46,92,17.5,140.0,5518.0,0.0,805.8900000000002,2010-10-31,0,2011-03-30,3245.0,2273.0,2273.0,70.0462249614792,45,f2009,5702.0,0.0,1.3576190476190477,rainfed_oct15,-0.043809523809523965,-184.0,0.0
test,0,1.4195,2011,False,46,75,18.5,140.0,6195.0,37.0,540.9799999999999,2011-10-31,2,2012-03-29,3496.0,2699.0,2699.0,77.2025171624714,45,f2009,6326.0,0.0,1.506190476190476,rainfed_oct15,-0.0866904761904761,-131.0,37.0
test,0,1.2573809523809525,2012,False,45,80,17.5,140.0,5281.0,0.0,598.83,2012-10-30,0,2013-03-29,3546.0,1735.0,1735.0,48.92836999435984,45,f2009,5695.0,0.0,1.355952380952381,rainfed_oct15,-0.09857142857142853,-414.0,0.0
test,0,1.2592857142857143,2009,False,33,81,17.0,115.0,5289.0,0.0,763.28,2009-10-18,0,2010-03-17,2578.0,2711.0,2711.0,105.15903801396432,46,f2009,5341.0,0.0,1.2716666666666667,rainfed_oct15,-0.012380952380952381,-52.0,0.0
test,0,1.283095238095238,2010,False,52,88,17.0,150.0,5389.0,0.0,796.1100000000001,2010-11-06,0,2011-04-05,3245.0,2144.0,2144.0,66.07087827426811,46,f2009,5702.0,0.0,1.3576190476190477,rainfed_oct15,-0.07452380952380966,-313.0,0.0
test,0,1.4475238095238097,2011,False,37,79,18.0,105.0,6193.0,18.0,579.7700000000001,2011-10-22,1,2012-03-20,3496.0,2697.0,2697.0,77.14530892448512,46,f2009,6326.0,0.0,1.506190476190476,rainfed_oct15,-0.05866666666666642,-133.0,18.0
test,0,1.3314285714285714,2012,False,34,91,15.0,140.0,5592.0,0.0,633.87,2012-10-19,0,2013-03-18,3546.0,2046.0,2046.0,57.69881556683587,46,f2009,5695.0,0.0,1.355952380952381,rainfed_oct15,-0.024523809523809614,-103.0,0.0
test,0,1.1643809523809523,2013,False,32,109,20.5,145.0,5407.0,82.0,407.43,2013-10-17,4,2014-03-16,3690.0,1717.0,1717.0,46.53116531165312,42,f2013,3938.0,0.0,0.9376190476190476,rainfed_oct15,0.22676190476190472,1469.0,82.0
test,0,1.4233333333333331,2014,False,26,104,15.5,135.0,5978.0,0.0,553.57,2014-10-11,0,2015-03-10,3542.0,2436.0,2436.0,68.77470355731225,42,f2013,5880.0,0.0,1.4,rainfed_oct15,0.023333333333333206,98.0,0.0
test,0,1.2457142857142858,2015,False,27,95,14.0,130.0,5232.0,0.0,683.0400000000001,2015-10-12,0,2016-03-10,3727.0,1505.0,1505.0,40.3810034880601,42,f2013,5166.0,0.0,1.23,rainfed_oct15,0.01571428571428579,66.0,0.0
test,0,1.4038095238095238,2016,False,45,99,20.0,150.0,5896.0,0.0,629.96,2016-10-30,0,2017-03-29,3381.0,2515.0,2515.0,74.38627624963028,42,f2013,6024.0,0.0,1.4342857142857144,rainfed_oct15,-0.030476190476190546,-128.0,0.0
test,0,1.221488095238095,2013,False,28,94,16.5,125.0,5650.0,82.5,416.52,2013-10-13,5,2014-03-12,3690.0,1960.0,1960.0,53.116531165311656,43,f2013,3938.0,0.0,0.9376190476190476,rainfed_oct15,0.2838690476190475,1712.0,82.5
test,0,1.42175,2014,False,20,97,15.5,120.0,6069.0,15.5,518.55,2014-10-05,1,2015-03-04,3542.0,2527.0,2527.0,71.34387351778656,43,f2013,5880.0,0.0,1.4,rainfed_oct15,0.021750000000000158,189.0,15.5
test,0,1.2457142857142858,2015,False,27,90,14.5,120.0,5232.0,0.0,683.0400000000001,2015-10-12,0,2016-03-10,3727.0,1505.0,1505.0,40.3810034880601,43,f2013,5166.0,0.0,1.23,rainfed_oct15,0.01571428571428579,66.0,0.0
test,0,1.3742857142857143,2016,False,52,89,20.5,140.0,5772.0,0.0,645.0400000000001,2016-11-06,0,2017-04-05,3381.0,2391.0,2391.0,70.71872227151731,43,f2013,6024.0,0.0,1.4342857142857144,rainfed_oct15,-0.06000000000000005,-252.0,0.0
test,0,1.2199404761904762,2013,False,26,89,12.5,100.0,5675.0,87.5,383.19,2013-10-11,7,2014-03-10,3690.0,1985.0,1985.0,53.79403794037941,44,f2013,3938.0,0.0,0.9376190476190476,rainfed_oct15,0.2823214285714286,1737.0,87.5
test,0,1.42175,2014,False,20,103,15.5,135.0,6069.0,15.5,518.55,2014-10-05,1,2015-03-04,3542.0,2527.0,2527.0,71.34387351778656,44,f2013,5880.0,0.0,1.4,rainfed_oct15,0.021750000000000158,189.0,15.5
test,0,1.3007142857142855,2015,False,23,108,19.0,155.0,5463.0,0.0,753.06,2015-10-08,0,2016-03-06,3727.0,1736.0,1736.0,46.57901797692514,44,f2013,5166.0,0.0,1.23,rainfed_oct15,0.07071428571428551,297.0,0.0
test,0,1.427142857142857,2016,False,42,95,18.0,140.0,5994.0,0.0,632.41,2016-10-27,0,2017-03-26,3381.0,2613.0,2613.0,77.28482697426797,44,f2013,6024.0,0.0,1.4342857142857144,rainfed_oct15,-0.0071428571428573395,-30.0,0.0
test,0,1.266190476190476,2013,False,18,113,18.0,190.0,5885.0,90.0,406.4500000000001,2013-10-03,5,2014-03-02,3690.0,2195.0,2195.0,59.48509485094851,45,f2013,3938.0,0.0,0.9376190476190476,rainfed_oct15,0.3285714285714285,1947.0,90.0
test,0,1.3919166666666667,2014,False,17,115,16.5,185.0,5950.0,16.5,501.28,2014-10-02,1,2015-03-01,3542.0,2408.0,2408.0,67.98418972332016,45,f2013,5880.0,0.0,1.4,rainfed_oct15,-0.00808333333333322,70.0,16.5
test,0,1.3007142857142855,2015,False,23,101,15.5,160.0,5463.0,0.0,753.06,2015-10-08,0,2016-03-06,3727.0,1736.0,1736.0,46.57901797692514,45,f2013,5166.0,0.0,1.23,rainfed_oct15,0.07071428571428551,297.0,0.0
test,0,1.430952380952381,2016,False,39,93,19.0,105.0,6010.0,0.0,644.0400000000001,2016-10-24,0,2017-03-23,3381.0,2629.0,2629.0,77.75805974563738,45,f2013,6024.0,0.0,1.4342857142857144,rainfed_oct15,-0.0033333333333334103,-14.0,0.0
test,0,1.2815476190476192,2013,False,30,99,17.0,140.0,5918.0,85.0,420.36,2013-10-15,5,2014-03-14,3690.0,2228.0,2228.0,60.37940379403794,46,f2013,3938.0,0.0,0.9376190476190476,rainfed_oct15,0.3439285714285716,1980.0,85.0
test,0,1.4126190476190477,2014,False,25,99,13.5,135.0,5933.0,0.0,551.2499999999999,2014-10-10,0,2015-03-09,3542.0,2391.0,2391.0,67.50423489553924,46,f2013,5880.0,0.0,1.4,rainfed_oct15,0.012619047619047752,53.0,0.0
test,0,1.3007142857142855,2015,False,22,92,13.0,135.0,5463.0,0.0,747.88,2015-10-07,0,2016-03-05,3727.0,1736.0,1736.0,46.57901797692514,46,f2013,5166.0,0.0,1.23,rainfed_oct15,0.07071428571428551,297.0,0.0
test,0,1.3842857142857143,2016,False,48,82,19.0,150.0,5814.0,0.0,638.47,2016-11-02,0,2017-04-01,3381.0,2433.0,2433.0,71.96095829636202,46,f2013,6024.0,0.0,1.4342857142857144,rainfed_oct15,-0.050000000000000044,-210.0,0.0
test,0,1.4288095238095238,2017,False,22,118,18.5,130.0,6001.0,0.0,860.1500000000001,2017-10-07,0,2018-03-06,4000.0,2001.0,2001.0,50.025,42,f2017,5853.0,0.0,1.3935714285714285,rainfed_oct15,0.03523809523809529,148.0,0.0
test,0,1.2476190476190476,2018,False,24,123,20.0,145.0,5618.0,60.0,486.3099999999999,2018-10-09,3,2019-03-08,3750.0,1868.0,1868.0,49.81333333333333,42,f2017,4847.0,0.0,1.154047619047619,rainfed_oct15,0.09357142857142864,771.0,60.0
test,0,1.241428571428571,2019,False,22,126,19.0,145.0,5214.0,0.0,450.09,2019-10-07,0,2020-03-05,3700.0,1514.0,1514.0,40.91891891891892,42,f2017,5408.0,0.0,1.2876190476190477,rainfed_oct15,-0.04619047619047656,-194.0,0.0
test,0,1.3372619047619048,2020,False,37,103,17.5,135.0,5837.0,35.0,409.8499999999999,2020-10-22,2,2021-03-21,4050.0,1787.0,1787.0,44.123456790123456,42,f2017,5982.0,0.0,1.4242857142857144,rainfed_oct15,-0.08702380952380961,-145.0,35.0
test,0,1.3545238095238097,2017,False,32,116,20.5,100.0,5689.0,0.0,878.0799999999999,2017-10-17,0,2018-03-16,4000.0,1689.0,1689.0,42.225,43,f2017,5853.0,0.0,1.3935714285714285,rainfed_oct15,-0.039047619047618776,-164.0,0.0
test,0,1.314,2018,False,32,121,18.0,110.0,5859.0,54.0,446.67,2018-10-17,3,2019-03-16,3750.0,2109.0,2109.0,56.24,43,f2017,4847.0,0.0,1.154047619047619,rainfed_oct15,0.15995238095238107,1012.0,54.0
test,0,1.184214285714286,2019,False,39,118,20.5,110.0,5232.0,41.0,435.9799999999999,2019-10-24,2,2020-03-22,3700.0,1532.0,1532.0,41.4054054054054,43,f2017,5408.0,0.0,1.2876190476190477,rainfed_oct15,-0.10340476190476156,-176.0,41.0
test,0,1.332095238095238,2020,False,34,105,22.0,130.0,5872.0,44.0,414.02,2020-10-19,2,2021-03-18,4050.0,1822.0,1822.0,44.98765432098765,43,f2017,5982.0,0.0,1.4242857142857144,rainfed_oct15,-0.09219047619047638,-110.0,44.0
test,0,1.3935714285714285,2017,False,30,100,16.0,135.0,5853.0,0.0,869.8799999999999,2017-10-15,0,2018-03-14,4000.0,1853.0,1853.0,46.325,44,f2017,5853.0,0.0,1.3935714285714285,rainfed_oct15,0.0,0.0,0.0
test,0,1.327047619047619,2018,False,40,101,17.0,130.0,6002.0,68.0,449.28,2018-10-25,4,2019-03-24,3750.0,2252.0,2252.0,60.053333333333335,44,f2017,4847.0,0.0,1.154047619047619,rainfed_oct15,0.17300000000000004,1155.0,68.0
test,0,1.2044761904761905,2019,False,34,104,18.0,130.0,5399.0,54.0,442.55,2019-10-19,3,2020-03-17,3700.0,1699.0,1699.0,45.91891891891892,44,f2017,5408.0,0.0,1.2876190476190477,rainfed_oct15,-0.08314285714285718,-9.0,54.0
test,0,1.314809523809524,2020,False,31,90,16.5,150.0,5938.0,66.0,413.82,2020-10-16,4,2021-03-15,4050.0,1888.0,1888.0,46.617283950617285,44,f2017,5982.0,0.0,1.4242857142857144,rainfed_oct15,-0.10947619047619028,-44.0,66.0
test,0,1.3935714285714285,2017,False,30,105,14.5,140.0,5853.0,0.0,869.8799999999999,2017-10-15,0,2018-03-14,4000.0,1853.0,1853.0,46.325,45,f2017,5853.0,0.0,1.3935714285714285,rainfed_oct15,0.0,0.0,0.0
test,0,1.2882380952380952,2018,False,29,114,14.5,165.0,5776.0,58.0,472.52,2018-10-14,4,2019-03-13,3750.0,2026.0,2026.0,54.02666666666666,45,f2017,4847.0,0.0,1.154047619047619,rainfed_oct15,0.1341904761904762,929.0,58.0
test,0,1.2430476190476192,2019,False,31,108,17.0,145.0,5435.0,34.0,445.7200000000001,2019-10-16,2,2020-03-14,3700.0,1735.0,1735.0,46.891891891891895,45,f2017,5408.0,0.0,1.2876190476190477,rainfed_oct15,-0.044571428571428484,27.0,34.0
test,0,1.314952380952381,2020,False,41,87,18.0,105.0,5863.0,54.0,398.52,2020-10-26,3,2021-03-25,4050.0,1813.0,1813.0,44.76543209876543,45,f2017,5982.0,0.0,1.4242857142857144,rainfed_oct15,-0.10933333333333328,-119.0,54.0
test,0,1.4085714285714286,2017,False,28,118,17.5,140.0,5916.0,0.0,870.8399999999999,2017-10-13,0,2018-03-12,4000.0,1916.0,1916.0,47.9,46,f2017,5853.0,0.0,1.3935714285714285,rainfed_oct15,0.015000000000000124,63.0,0.0
test,0,1.2310833333333333,2018,False,25,125,20.5,145.0,5558.0,61.5,484.8099999999999,2018-10-10,3,2019-03-09,3750.0,1808.0,1808.0,48.21333333333333,46,f2017,4847.0,0.0,1.154047619047619,rainfed_oct15,0.07703571428571432,711.0,61.5
test,0,1.2583690476190477,2019,False,30,124,19.5,150.0,5408.0,19.5,454.5700000000001,2019-10-15,1,2020-03-13,3700.0,1708.0,1708.0,46.16216216216216,46,f2017,5408.0,0.0,1.2876190476190477,rainfed_oct15,-0.029249999999999998,0.0,19.5
test,0,1.3580119047619048,2020,False,37,117,14.5,140.0,5795.0,14.5,409.8499999999999,2020-10-22,1,2021-03-21,4050.0,1745.0,1745.0,43.08641975308642,46,f2017,5982.0,0.0,1.4242857142857144,rainfed_oct15,-0.06627380952380957,-187.0,14.5
test,0,1.1945238095238095,2021,False,25,130,16.0,135.0,5521.0,80.0,454.63,2021-10-10,5,2022-03-09,3700.0,1821.0,1821.0,49.21621621621622,42,f2021,4206.0,0.0,1.0014285714285713,rainfed_oct15,0.1930952380952382,1315.0,80.0
test,0,1.3788095238095237,2022,False,34,119,20.0,135.0,5791.0,0.0,561.4200000000001,2022-10-19,0,2023-03-18,3923.0,1868.0,1868.0,47.61661993372419,42,f2021,5780.0,0.0,1.3761904761904762,rainfed_oct15,0.002619047619047521,11.0,0.0
test,0,1.0727261904761904,2023,False,23,98,15.5,185.0,5189.0,108.5,622.5600000000001,2023-10-08,7,2024-03-06,4154.0,1035.0,1035.0,24.91574386133847,42,f2021,3229.0,0.0,0.7688095238095238,rainfed_oct15,0.3039166666666666,1960.0,108.5
test,0,1.3204761904761906,2024,False,31,115,16.5,105.0,5546.0,0.0,581.03,2024-10-16,0,2025-03-15,3827.0,1719.0,1719.0,44.91769009668148,42,f2021,5566.0,0.0,1.3252380952380953,rainfed_oct15,-0.004761904761904745,-20.0,0.0
test,0,1.261095238095238,2021,False,27,115,14.0,120.0,5914.0,98.0,453.9,2021-10-12,7,2022-03-11,3700.0,2214.0,2214.0,59.83783783783784,43,f2021,4206.0,0.0,1.0014285714285713,rainfed_oct15,0.2596666666666667,1708.0,98.0
test,0,1.3914285714285717,2022,False,33,111,21.5,120.0,5844.0,0.0,564.69,2022-10-18,0,2023-03-17,3923.0,1921.0,1921.0,48.96762681621208,43,f2021,5780.0,0.0,1.3761904761904762,rainfed_oct15,0.015238095238095495,64.0,0.0
test,0,1.032404761904762,2023,False,25,104,15.5,120.0,4922.0,93.0,574.6700000000001,2023-10-10,6,2024-03-08,4154.0,768.0,768.0,18.488204140587385,43,f2021,3229.0,0.0,0.7688095238095238,rainfed_oct15,0.2635952380952382,1693.0,93.0
test,0,1.3847619047619049,2024,False,33,108,14.0,125.0,5816.0,0.0,598.5800000000002,2024-10-18,0,2025-03-17,3827.0,1989.0,1989.0,51.972824666840864,43,f2021,5566.0,0.0,1.3252380952380953,rainfed_oct15,0.059523809523809534,250.0,0.0
test,0,1.3229523809523809,2021,False,30,126,20.5,95.0,6073.0,82.0,459.48,2021-10-15,4,2022-03-14,3700.0,2373.0,2373.0,64.13513513513513,44,f2021,4206.0,0.0,1.0014285714285713,rainfed_oct15,0.32152380952380955,1867.0,82.0
test,0,1.4007142857142858,2022,False,32,116,28.5,140.0,5883.0,0.0,566.48,2022-10-17,0,2023-03-16,3923.0,1960.0,1960.0,49.961763956156005,44,f2021,5780.0,0.0,1.3761904761904762,rainfed_oct15,0.024523809523809614,103.0,0.0
test,0,1.064404761904762,2023,False,28,106,15.0,105.0,5132.0,105.0,539.3199999999999,2023-10-13,7,2024-03-11,4154.0,978.0,978.0,23.54357246027925,44,f2021,3229.0,0.0,0.7688095238095238,rainfed_oct15,0.29559523809523824,1903.0,105.0
test,0,1.3847619047619049,2024,False,33,117,16.0,105.0,5816.0,0.0,598.5800000000002,2024-10-18,0,2025-03-17,3827.0,1989.0,1989.0,51.972824666840864,44,f2021,5566.0,0.0,1.3252380952380953,rainfed_oct15,0.059523809523809534,250.0,0.0
test,0,1.327238095238095,2021,False,34,101,16.0,135.0,6280.0,112.0,411.13,2021-10-19,7,2022-03-18,3700.0,2580.0,2580.0,69.72972972972973,45,f2021,4206.0,0.0,1.0014285714285713,rainfed_oct15,0.32580952380952377,2074.0,112.0
test,0,1.3733333333333333,2022,False,38,93,17.5,140.0,5768.0,0.0,525.51,2022-10-23,0,2023-03-22,3923.0,1845.0,1845.0,47.03033392811624,45,f2021,5780.0,0.0,1.3761904761904762,rainfed_oct15,-0.0028571428571428914,-12.0,0.0
test,0,1.0634166666666665,2023,False,32,99,16.5,120.0,5194.0,115.5,480.81000000000006,2023-10-17,7,2024-03-15,4154.0,1040.0,1040.0,25.036109773712084,45,f2021,3229.0,0.0,0.7688095238095238,rainfed_oct15,0.2946071428571426,1965.0,115.5
test,0,1.2949761904761905,2024,False,31,93,17.0,130.0,5546.0,17.0,581.03,2024-10-16,1,2025-03-15,3827.0,1719.0,1719.0,44.91769009668148,45,f2021,5566.0,0.0,1.3252380952380953,rainfed_oct15,-0.030261904761904823,-20.0,17.0
test,0,1.3289285714285717,2021,False,33,109,19.0,155.0,6180.0,95.0,413.08,2021-10-18,5,2022-03-17,3700.0,2480.0,2480.0,67.02702702702703,46,f2021,4206.0,0.0,1.0014285714285713,rainfed_oct15,0.32750000000000035,1974.0,95.0
test,0,1.3795238095238096,2022,False,42,96,16.5,125.0,5794.0,0.0,546.5399999999998,2022-10-27,0,2023-03-26,3923.0,1871.0,1871.0,47.69309202141218,46,f2021,5780.0,0.0,1.3761904761904762,rainfed_oct15,0.0033333333333334103,14.0,0.0
test,0,1.0373214285714285,2023,False,23,103,21.5,120.0,5034.0,107.5,622.5600000000001,2023-10-08,5,2024-03-06,4154.0,880.0,880.0,21.184400577756374,46,f2021,3229.0,0.0,0.7688095238095238,rainfed_oct15,0.2685119047619047,1805.0,107.5
test,0,1.3295238095238096,2024,False,32,103,18.5,170.0,5584.0,0.0,588.71,2024-10-17,0,2025-03-16,3827.0,1757.0,1757.0,45.91063496211132,46,f2021,5566.0,0.0,1.3252380952380953,rainfed_oct15,0.004285714285714226,18.0,0.0
test,0,1.2026904761904762,2005,False,29,116,23.0,165.0,5486.0,69.0,482.9500000000001,2005-10-14,3,2006-03-13,3150.0,2336.0,2336.0,74.15873015873017,42,f2005,5842.0,80.0,1.270952380952381,retrospective_oracle,-0.06826190476190486,-356.0,-11.0
test,0,1.3528571428571428,2006,False,30,114,21.5,170.0,5682.0,0.0,555.51,2006-10-15,0,2007-03-14,3000.0,2682.0,2682.0,89.4,42,f2005,5655.0,0.0,1.3464285714285715,retrospective_oracle,0.006428571428571228,27.0,0.0
test,0,1.3726190476190476,2007,False,37,132,22.5,155.0,5765.0,0.0,584.2299999999999,2007-10-22,0,2008-03-20,3300.0,2465.0,2465.0,74.6969696969697,42,f2005,5711.0,0.0,1.3597619047619047,retrospective_oracle,0.0128571428571429,54.0,0.0
test,0,0.9471190476190476,2008,False,23,122,23.5,175.0,4274.0,47.0,513.0,2008-10-08,2,2009-03-07,3126.0,1148.0,1148.0,36.72424824056302,42,f2005,5297.0,0.0,1.2611904761904762,retrospective_oracle,-0.31407142857142856,-1023.0,47.0
test,0,1.0943333333333334,2005,False,29,150,18.0,130.0,4823.0,36.0,482.9500000000001,2005-10-14,2,2006-03-13,3150.0,1673.0,1673.0,53.11111111111112,43,f2005,5842.0,80.0,1.270952380952381,retrospective_oracle,-0.17661904761904768,-1019.0,-44.0
test,0,1.3214285714285714,2006,False,44,142,19.0,105.0,5550.0,0.0,612.1899999999999,2006-10-29,0,2007-03-28,3000.0,2550.0,2550.0,85.0,43,f2005,5655.0,0.0,1.3464285714285715,retrospective_oracle,-0.025000000000000133,-105.0,0.0
test,0,1.361904761904762,2007,False,42,150,18.0,90.0,5720.0,0.0,607.19,2007-10-27,0,2008-03-25,3300.0,2420.0,2420.0,73.33333333333333,43,f2005,5711.0,0.0,1.3597619047619047,retrospective_oracle,0.002142857142857224,9.0,0.0
test,0,0.8188690476190477,2008,False,21,150,22.5,195.0,3581.0,22.5,479.27,2008-10-06,1,2009-03-05,3126.0,455.0,455.0,14.55534229046705,43,f2005,5297.0,0.0,1.2611904761904762,retrospective_oracle,-0.44232142857142853,-1716.0,22.5
test,0,1.217940476190476,2005,False,38,100,16.5,140.0,5843.0,115.5,467.64,2005-10-23,7,2006-03-22,3150.0,2693.0,2693.0,85.4920634920635,44,f2005,5842.0,80.0,1.270952380952381,retrospective_oracle,-0.05301190476190509,1.0,35.5
test,0,1.3202380952380952,2006,False,36,101,14.5,125.0,5545.0,0.0,567.55,2006-10-21,0,2007-03-20,3000.0,2545.0,2545.0,84.83333333333333,44,f2005,5655.0,0.0,1.3464285714285715,retrospective_oracle,-0.02619047619047632,-110.0,0.0
test,0,1.3597619047619047,2007,False,40,103,16.0,105.0,5711.0,0.0,602.76,2007-10-25,0,2008-03-23,3300.0,2411.0,2411.0,73.06060606060606,44,f2005,5711.0,0.0,1.3597619047619047,retrospective_oracle,0.0,0.0,0.0
test,0,1.1185238095238097,2008,False,33,102,16.0,160.0,5101.0,64.0,530.24,2008-10-18,4,2009-03-17,3126.0,1975.0,1975.0,63.17978246960973,44,f2005,5297.0,0.0,1.2611904761904762,retrospective_oracle,-0.1426666666666665,-196.0,64.0
test,0,1.2367261904761904,2005,False,28,104,16.5,150.0,5714.0,82.5,479.57,2005-10-13,5,2006-03-12,3150.0,2564.0,2564.0,81.39682539682539,45,f2005,5842.0,80.0,1.270952380952381,retrospective_oracle,-0.03422619047619069,-128.0,2.5
test,0,1.3254761904761905,2006,False,32,105,15.0,130.0,5567.0,0.0,540.64,2006-10-17,0,2007-03-16,3000.0,2567.0,2567.0,85.56666666666666,45,f2005,5655.0,0.0,1.3464285714285715,retrospective_oracle,-0.020952380952381056,-88.0,0.0
test,0,1.3852380952380952,2007,False,38,115,16.5,125.0,5818.0,0.0,584.42,2007-10-23,0,2008-03-21,3300.0,2518.0,2518.0,76.3030303030303,45,f2005,5711.0,0.0,1.3597619047619047,retrospective_oracle,0.02547619047619043,107.0,0.0
test,0,0.9922857142857142,2008,False,20,111,16.0,160.0,4470.0,48.0,517.3,2008-10-05,3,2009-03-04,3126.0,1344.0,1344.0,42.99424184261037,45,f2005,5297.0,0.0,1.2611904761904762,retrospective_oracle,-0.268904761904762,-827.0,48.0
test,0,1.1248571428571428,2005,False,25,127,13.0,155.0,5052.0,52.0,469.76,2005-10-10,4,2006-03-09,3150.0,1902.0,1902.0,60.38095238095238,46,f2005,5842.0,80.0,1.270952380952381,retrospective_oracle,-0.14609523809523828,-790.0,-28.0
test,0,1.3276190476190477,2006,False,42,109,14.5,170.0,5576.0,0.0,613.8299999999999,2006-10-27,0,2007-03-26,3000.0,2576.0,2576.0,85.86666666666666,46,f2005,5655.0,0.0,1.3464285714285715,retrospective_oracle,-0.01880952380952383,-79.0,0.0
test,0,1.35,2007,False,43,124,15.0,165.0,5670.0,0.0,606.52,2007-10-28,0,2008-03-26,3300.0,2370.0,2370.0,71.81818181818181,46,f2005,5711.0,0.0,1.3597619047619047,retrospective_oracle,-0.009761904761904638,-41.0,0.0
test,0,0.8996428571428572,2008,False,20,133,12.5,130.0,3936.0,25.0,491.75,2008-10-05,2,2009-03-04,3126.0,810.0,810.0,25.911708253358924,46,f2005,5297.0,0.0,1.2611904761904762,retrospective_oracle,-0.361547619047619,-1361.0,25.0
test,0,1.25,2009,False,29,87,17.5,145.0,5250.0,0.0,827.6400000000001,2009-10-14,0,2010-03-13,2578.0,2672.0,2672.0,103.64623739332816,42,f2009,5554.0,0.0,1.3223809523809524,retrospective_oracle,-0.07238095238095243,-304.0,0.0
test,0,1.283095238095238,2010,False,52,92,19.0,150.0,5389.0,0.0,796.1100000000001,2010-11-06,0,2011-04-05,3245.0,2144.0,2144.0,66.07087827426811,42,f2009,5824.0,0.0,1.3866666666666667,retrospective_oracle,-0.10357142857142865,-435.0,0.0
test,0,1.4733333333333334,2011,False,33,91,19.5,145.0,6188.0,0.0,550.63,2011-10-18,0,2012-03-16,3496.0,2692.0,2692.0,77.00228832951944,42,f2009,6380.0,0.0,1.519047619047619,retrospective_oracle,-0.045714285714285596,-192.0,0.0
test,0,1.3295238095238096,2012,False,37,84,16.5,145.0,5584.0,0.0,647.1300000000001,2012-10-22,0,2013-03-21,3546.0,2038.0,2038.0,57.473209249859,42,f2009,5980.0,0.0,1.4238095238095239,retrospective_oracle,-0.0942857142857143,-396.0,0.0
test,0,1.2607142857142857,2009,False,24,91,14.5,140.0,5295.0,0.0,797.64,2009-10-09,0,2010-03-08,2578.0,2717.0,2717.0,105.39177657098526,43,f2009,5554.0,0.0,1.3223809523809524,retrospective_oracle,-0.06166666666666676,-259.0,0.0
test,0,1.3138095238095238,2010,False,46,105,22.0,130.0,5518.0,0.0,805.8900000000002,2010-10-31,0,2011-03-30,3245.0,2273.0,2273.0,70.0462249614792,43,f2009,5824.0,0.0,1.3866666666666667,retrospective_oracle,-0.07285714285714295,-306.0,0.0
test,0,1.5202380952380952,2011,False,26,97,19.0,160.0,6385.0,0.0,612.5900000000001,2011-10-11,0,2012-03-09,3496.0,2889.0,2889.0,82.63729977116705,43,f2009,6380.0,0.0,1.519047619047619,retrospective_oracle,0.0011904761904761862,5.0,0.0
test,0,1.3888095238095235,2012,False,29,98,13.5,115.0,5833.0,0.0,616.5900000000001,2012-10-14,0,2013-03-13,3546.0,2287.0,2287.0,64.49520586576425,43,f2009,5980.0,0.0,1.4238095238095239,retrospective_oracle,-0.035000000000000364,-147.0,0.0
test,0,1.2533333333333334,2009,False,36,80,16.0,160.0,5264.0,0.0,746.2900000000002,2009-10-21,0,2010-03-20,2578.0,2686.0,2686.0,104.18929402637704,44,f2009,5554.0,0.0,1.3223809523809524,retrospective_oracle,-0.06904761904761902,-290.0,0.0
test,0,1.3073809523809523,2010,False,50,89,19.0,120.0,5491.0,0.0,808.2500000000001,2010-11-04,0,2011-04-03,3245.0,2246.0,2246.0,69.21417565485362,44,f2009,5824.0,0.0,1.3866666666666667,retrospective_oracle,-0.0792857142857144,-333.0,0.0
test,0,1.4505238095238095,2011,False,37,78,16.0,160.0,6193.0,16.0,579.7700000000001,2011-10-22,1,2012-03-20,3496.0,2697.0,2697.0,77.14530892448512,44,f2009,6380.0,0.0,1.519047619047619,retrospective_oracle,-0.06852380952380943,-187.0,16.0
test,0,1.322142857142857,2012,False,38,89,15.0,140.0,5553.0,0.0,620.87,2012-10-23,0,2013-03-22,3546.0,2007.0,2007.0,56.598984771573605,44,f2009,5980.0,0.0,1.4238095238095239,retrospective_oracle,-0.1016666666666668,-427.0,0.0
test,0,1.2211904761904762,2009,False,49,72,18.5,140.0,5129.0,0.0,794.3000000000001,2009-11-03,0,2010-04-02,2578.0,2551.0,2551.0,98.95267649340576,45,f2009,5554.0,0.0,1.3223809523809524,retrospective_oracle,-0.10119047619047628,-425.0,0.0
test,0,1.3138095238095238,2010,False,46,92,17.5,140.0,5518.0,0.0,805.8900000000002,2010-10-31,0,2011-03-30,3245.0,2273.0,2273.0,70.0462249614792,45,f2009,5824.0,0.0,1.3866666666666667,retrospective_oracle,-0.07285714285714295,-306.0,0.0
test,0,1.4195,2011,False,46,75,18.5,140.0,6195.0,37.0,540.9799999999999,2011-10-31,2,2012-03-29,3496.0,2699.0,2699.0,77.2025171624714,45,f2009,6380.0,0.0,1.519047619047619,retrospective_oracle,-0.099547619047619,-185.0,37.0
test,0,1.2573809523809525,2012,False,45,80,17.5,140.0,5281.0,0.0,598.83,2012-10-30,0,2013-03-29,3546.0,1735.0,1735.0,48.92836999435984,45,f2009,5980.0,0.0,1.4238095238095239,retrospective_oracle,-0.16642857142857137,-699.0,0.0
test,0,1.2592857142857143,2009,False,33,81,17.0,115.0,5289.0,0.0,763.28,2009-10-18,0,2010-03-17,2578.0,2711.0,2711.0,105.15903801396432,46,f2009,5554.0,0.0,1.3223809523809524,retrospective_oracle,-0.0630952380952381,-265.0,0.0
test,0,1.283095238095238,2010,False,52,88,17.0,150.0,5389.0,0.0,796.1100000000001,2010-11-06,0,2011-04-05,3245.0,2144.0,2144.0,66.07087827426811,46,f2009,5824.0,0.0,1.3866666666666667,retrospective_oracle,-0.10357142857142865,-435.0,0.0
test,0,1.4475238095238097,2011,False,37,79,18.0,105.0,6193.0,18.0,579.7700000000001,2011-10-22,1,2012-03-20,3496.0,2697.0,2697.0,77.14530892448512,46,f2009,6380.0,0.0,1.519047619047619,retrospective_oracle,-0.07152380952380932,-187.0,18.0
test,0,1.3314285714285714,2012,False,34,91,15.0,140.0,5592.0,0.0,633.87,2012-10-19,0,2013-03-18,3546.0,2046.0,2046.0,57.69881556683587,46,f2009,5980.0,0.0,1.4238095238095239,retrospective_oracle,-0.09238095238095245,-388.0,0.0
test,0,1.1643809523809523,2013,False,32,109,20.5,145.0,5407.0,82.0,407.43,2013-10-17,4,2014-03-16,3690.0,1717.0,1717.0,46.53116531165312,42,f2013,6475.0,80.0,1.4216666666666669,retrospective_oracle,-0.25728571428571456,-1068.0,2.0
test,0,1.4233333333333331,2014,False,26,104,15.5,135.0,5978.0,0.0,553.57,2014-10-11,0,2015-03-10,3542.0,2436.0,2436.0,68.77470355731225,42,f2013,5896.0,0.0,1.4038095238095238,retrospective_oracle,0.019523809523809277,82.0,0.0
test,0,1.2457142857142858,2015,False,27,95,14.0,130.0,5232.0,0.0,683.0400000000001,2015-10-12,0,2016-03-10,3727.0,1505.0,1505.0,40.3810034880601,42,f2013,5409.0,0.0,1.2878571428571428,retrospective_oracle,-0.04214285714285704,-177.0,0.0
test,0,1.4038095238095238,2016,False,45,99,20.0,150.0,5896.0,0.0,629.96,2016-10-30,0,2017-03-29,3381.0,2515.0,2515.0,74.38627624963028,42,f2013,6112.0,0.0,1.4552380952380952,retrospective_oracle,-0.05142857142857138,-216.0,0.0
test,0,1.221488095238095,2013,False,28,94,16.5,125.0,5650.0,82.5,416.52,2013-10-13,5,2014-03-12,3690.0,1960.0,1960.0,53.116531165311656,43,f2013,6475.0,80.0,1.4216666666666669,retrospective_oracle,-0.20017857142857176,-825.0,2.5
test,0,1.42175,2014,False,20,97,15.5,120.0,6069.0,15.5,518.55,2014-10-05,1,2015-03-04,3542.0,2527.0,2527.0,71.34387351778656,43,f2013,5896.0,0.0,1.4038095238095238,retrospective_oracle,0.01794047619047623,173.0,15.5
test,0,1.2457142857142858,2015,False,27,90,14.5,120.0,5232.0,0.0,683.0400000000001,2015-10-12,0,2016-03-10,3727.0,1505.0,1505.0,40.3810034880601,43,f2013,5409.0,0.0,1.2878571428571428,retrospective_oracle,-0.04214285714285704,-177.0,0.0
test,0,1.3742857142857143,2016,False,52,89,20.5,140.0,5772.0,0.0,645.0400000000001,2016-11-06,0,2017-04-05,3381.0,2391.0,2391.0,70.71872227151731,43,f2013,6112.0,0.0,1.4552380952380952,retrospective_oracle,-0.08095238095238089,-340.0,0.0
test,0,1.2199404761904762,2013,False,26,89,12.5,100.0,5675.0,87.5,383.19,2013-10-11,7,2014-03-10,3690.0,1985.0,1985.0,53.79403794037941,44,f2013,6475.0,80.0,1.4216666666666669,retrospective_oracle,-0.20172619047619067,-800.0,7.5
test,0,1.42175,2014,False,20,103,15.5,135.0,6069.0,15.5,518.55,2014-10-05,1,2015-03-04,3542.0,2527.0,2527.0,71.34387351778656,44,f2013,5896.0,0.0,1.4038095238095238,retrospective_oracle,0.01794047619047623,173.0,15.5
test,0,1.3007142857142855,2015,False,23,108,19.0,155.0,5463.0,0.0,753.06,2015-10-08,0,2016-03-06,3727.0,1736.0,1736.0,46.57901797692514,44,f2013,5409.0,0.0,1.2878571428571428,retrospective_oracle,0.012857142857142678,54.0,0.0
test,0,1.427142857142857,2016,False,42,95,18.0,140.0,5994.0,0.0,632.41,2016-10-27,0,2017-03-26,3381.0,2613.0,2613.0,77.28482697426797,44,f2013,6112.0,0.0,1.4552380952380952,retrospective_oracle,-0.028095238095238173,-118.0,0.0
test,0,1.266190476190476,2013,False,18,113,18.0,190.0,5885.0,90.0,406.4500000000001,2013-10-03,5,2014-03-02,3690.0,2195.0,2195.0,59.48509485094851,45,f2013,6475.0,80.0,1.4216666666666669,retrospective_oracle,-0.15547619047619077,-590.0,10.0
test,0,1.3919166666666667,2014,False,17,115,16.5,185.0,5950.0,16.5,501.28,2014-10-02,1,2015-03-01,3542.0,2408.0,2408.0,67.98418972332016,45,f2013,5896.0,0.0,1.4038095238095238,retrospective_oracle,-0.01189285714285715,54.0,16.5
test,0,1.3007142857142855,2015,False,23,101,15.5,160.0,5463.0,0.0,753.06,2015-10-08,0,2016-03-06,3727.0,1736.0,1736.0,46.57901797692514,45,f2013,5409.0,0.0,1.2878571428571428,retrospective_oracle,0.012857142857142678,54.0,0.0
test,0,1.430952380952381,2016,False,39,93,19.0,105.0,6010.0,0.0,644.0400000000001,2016-10-24,0,2017-03-23,3381.0,2629.0,2629.0,77.75805974563738,45,f2013,6112.0,0.0,1.4552380952380952,retrospective_oracle,-0.024285714285714244,-102.0,0.0
test,0,1.2815476190476192,2013,False,30,99,17.0,140.0,5918.0,85.0,420.36,2013-10-15,5,2014-03-14,3690.0,2228.0,2228.0,60.37940379403794,46,f2013,6475.0,80.0,1.4216666666666669,retrospective_oracle,-0.1401190476190477,-557.0,5.0
test,0,1.4126190476190477,2014,False,25,99,13.5,135.0,5933.0,0.0,551.2499999999999,2014-10-10,0,2015-03-09,3542.0,2391.0,2391.0,67.50423489553924,46,f2013,5896.0,0.0,1.4038095238095238,retrospective_oracle,0.008809523809523823,37.0,0.0
test,0,1.3007142857142855,2015,False,22,92,13.0,135.0,5463.0,0.0,747.88,2015-10-07,0,2016-03-05,3727.0,1736.0,1736.0,46.57901797692514,46,f2013,5409.0,0.0,1.2878571428571428,retrospective_oracle,0.012857142857142678,54.0,0.0
test,0,1.3842857142857143,2016,False,48,82,19.0,150.0,5814.0,0.0,638.47,2016-11-02,0,2017-04-01,3381.0,2433.0,2433.0,71.96095829636202,46,f2013,6112.0,0.0,1.4552380952380952,retrospective_oracle,-0.07095238095238088,-298.0,0.0
test,0,1.4288095238095238,2017,False,22,118,18.5,130.0,6001.0,0.0,860.1500000000001,2017-10-07,0,2018-03-06,4000.0,2001.0,2001.0,50.025,42,f2017,5950.0,0.0,1.4166666666666667,retrospective_oracle,0.012142857142857011,51.0,0.0
test,0,1.2476190476190476,2018,False,24,123,20.0,145.0,5618.0,60.0,486.3099999999999,2018-10-09,3,2019-03-08,3750.0,1868.0,1868.0,49.81333333333333,42,f2017,5773.0,0.0,1.3745238095238095,retrospective_oracle,-0.12690476190476185,-155.0,60.0
test,0,1.241428571428571,2019,False,22,126,19.0,145.0,5214.0,0.0,450.09,2019-10-07,0,2020-03-05,3700.0,1514.0,1514.0,40.91891891891892,42,f2017,5859.0,0.0,1.395,retrospective_oracle,-0.15357142857142891,-645.0,0.0
test,0,1.3372619047619048,2020,False,37,103,17.5,135.0,5837.0,35.0,409.8499999999999,2020-10-22,2,2021-03-21,4050.0,1787.0,1787.0,44.123456790123456,42,f2017,5883.0,0.0,1.4007142857142858,retrospective_oracle,-0.06345238095238104,-46.0,35.0
test,0,1.3545238095238097,2017,False,32,116,20.5,100.0,5689.0,0.0,878.0799999999999,2017-10-17,0,2018-03-16,4000.0,1689.0,1689.0,42.225,43,f2017,5950.0,0.0,1.4166666666666667,retrospective_oracle,-0.062142857142857055,-261.0,0.0
test,0,1.314,2018,False,32,121,18.0,110.0,5859.0,54.0,446.67,2018-10-17,3,2019-03-16,3750.0,2109.0,2109.0,56.24,43,f2017,5773.0,0.0,1.3745238095238095,retrospective_oracle,-0.060523809523809424,86.0,54.0
test,0,1.184214285714286,2019,False,39,118,20.5,110.0,5232.0,41.0,435.9799999999999,2019-10-24,2,2020-03-22,3700.0,1532.0,1532.0,41.4054054054054,43,f2017,5859.0,0.0,1.395,retrospective_oracle,-0.2107857142857139,-627.0,41.0
test,0,1.332095238095238,2020,False,34,105,22.0,130.0,5872.0,44.0,414.02,2020-10-19,2,2021-03-18,4050.0,1822.0,1822.0,44.98765432098765,43,f2017,5883.0,0.0,1.4007142857142858,retrospective_oracle,-0.0686190476190478,-11.0,44.0
test,0,1.3935714285714285,2017,False,30,100,16.0,135.0,5853.0,0.0,869.8799999999999,2017-10-15,0,2018-03-14,4000.0,1853.0,1853.0,46.325,44,f2017,5950.0,0.0,1.4166666666666667,retrospective_oracle,-0.02309523809523828,-97.0,0.0
test,0,1.327047619047619,2018,False,40,101,17.0,130.0,6002.0,68.0,449.28,2018-10-25,4,2019-03-24,3750.0,2252.0,2252.0,60.053333333333335,44,f2017,5773.0,0.0,1.3745238095238095,retrospective_oracle,-0.04747619047619045,229.0,68.0
test,0,1.2044761904761905,2019,False,34,104,18.0,130.0,5399.0,54.0,442.55,2019-10-19,3,2020-03-17,3700.0,1699.0,1699.0,45.91891891891892,44,f2017,5859.0,0.0,1.395,retrospective_oracle,-0.19052380952380954,-460.0,54.0
test,0,1.314809523809524,2020,False,31,90,16.5,150.0,5938.0,66.0,413.82,2020-10-16,4,2021-03-15,4050.0,1888.0,1888.0,46.617283950617285,44,f2017,5883.0,0.0,1.4007142857142858,retrospective_oracle,-0.0859047619047617,55.0,66.0
test,0,1.3935714285714285,2017,False,30,105,14.5,140.0,5853.0,0.0,869.8799999999999,2017-10-15,0,2018-03-14,4000.0,1853.0,1853.0,46.325,45,f2017,5950.0,0.0,1.4166666666666667,retrospective_oracle,-0.02309523809523828,-97.0,0.0
test,0,1.2882380952380952,2018,False,29,114,14.5,165.0,5776.0,58.0,472.52,2018-10-14,4,2019-03-13,3750.0,2026.0,2026.0,54.02666666666666,45,f2017,5773.0,0.0,1.3745238095238095,retrospective_oracle,-0.0862857142857143,3.0,58.0
test,0,1.2430476190476192,2019,False,31,108,17.0,145.0,5435.0,34.0,445.7200000000001,2019-10-16,2,2020-03-14,3700.0,1735.0,1735.0,46.891891891891895,45,f2017,5859.0,0.0,1.395,retrospective_oracle,-0.15195238095238084,-424.0,34.0
test,0,1.314952380952381,2020,False,41,87,18.0,105.0,5863.0,54.0,398.52,2020-10-26,3,2021-03-25,4050.0,1813.0,1813.0,44.76543209876543,45,f2017,5883.0,0.0,1.4007142857142858,retrospective_oracle,-0.0857619047619047,-20.0,54.0
test,0,1.4085714285714286,2017,False,28,118,17.5,140.0,5916.0,0.0,870.8399999999999,2017-10-13,0,2018-03-12,4000.0,1916.0,1916.0,47.9,46,f2017,5950.0,0.0,1.4166666666666667,retrospective_oracle,-0.008095238095238155,-34.0,0.0
test,0,1.2310833333333333,2018,False,25,125,20.5,145.0,5558.0,61.5,484.8099999999999,2018-10-10,3,2019-03-09,3750.0,1808.0,1808.0,48.21333333333333,46,f2017,5773.0,0.0,1.3745238095238095,retrospective_oracle,-0.14344047619047617,-215.0,61.5
test,0,1.2583690476190477,2019,False,30,124,19.5,150.0,5408.0,19.5,454.5700000000001,2019-10-15,1,2020-03-13,3700.0,1708.0,1708.0,46.16216216216216,46,f2017,5859.0,0.0,1.395,retrospective_oracle,-0.13663095238095235,-451.0,19.5
test,0,1.3580119047619048,2020,False,37,117,14.5,140.0,5795.0,14.5,409.8499999999999,2020-10-22,1,2021-03-21,4050.0,1745.0,1745.0,43.08641975308642,46,f2017,5883.0,0.0,1.4007142857142858,retrospective_oracle,-0.04270238095238099,-88.0,14.5
test,0,1.1945238095238095,2021,False,25,130,16.0,135.0,5521.0,80.0,454.63,2021-10-10,5,2022-03-09,3700.0,1821.0,1821.0,49.21621621621622,42,f2021,6243.0,70.0,1.3814285714285715,retrospective_oracle,-0.1869047619047619,-722.0,10.0
test,0,1.3788095238095237,2022,False,34,119,20.0,135.0,5791.0,0.0,561.4200000000001,2022-10-19,0,2023-03-18,3923.0,1868.0,1868.0,47.61661993372419,42,f2021,6366.0,0.0,1.5157142857142858,retrospective_oracle,-0.13690476190476208,-575.0,0.0
test,0,1.0727261904761904,2023,False,23,98,15.5,185.0,5189.0,108.5,622.5600000000001,2023-10-08,7,2024-03-06,4154.0,1035.0,1035.0,24.91574386133847,42,f2021,5553.0,80.0,1.202142857142857,retrospective_oracle,-0.1294166666666665,-364.0,28.5
test,0,1.3204761904761906,2024,False,31,115,16.5,105.0,5546.0,0.0,581.03,2024-10-16,0,2025-03-15,3827.0,1719.0,1719.0,44.91769009668148,42,f2021,5799.0,0.0,1.3807142857142858,retrospective_oracle,-0.0602380952380952,-253.0,0.0
test,0,1.261095238095238,2021,False,27,115,14.0,120.0,5914.0,98.0,453.9,2021-10-12,7,2022-03-11,3700.0,2214.0,2214.0,59.83783783783784,43,f2021,6243.0,70.0,1.3814285714285715,retrospective_oracle,-0.1203333333333334,-329.0,28.0
test,0,1.3914285714285717,2022,False,33,111,21.5,120.0,5844.0,0.0,564.69,2022-10-18,0,2023-03-17,3923.0,1921.0,1921.0,48.96762681621208,43,f2021,6366.0,0.0,1.5157142857142858,retrospective_oracle,-0.12428571428571411,-522.0,0.0
test,0,1.032404761904762,2023,False,25,104,15.5,120.0,4922.0,93.0,574.6700000000001,2023-10-10,6,2024-03-08,4154.0,768.0,768.0,18.488204140587385,43,f2021,5553.0,80.0,1.202142857142857,retrospective_oracle,-0.1697380952380949,-631.0,13.0
test,0,1.3847619047619049,2024,False,33,108,14.0,125.0,5816.0,0.0,598.5800000000002,2024-10-18,0,2025-03-17,3827.0,1989.0,1989.0,51.972824666840864,43,f2021,5799.0,0.0,1.3807142857142858,retrospective_oracle,0.004047619047619078,17.0,0.0
test,0,1.3229523809523809,2021,False,30,126,20.5,95.0,6073.0,82.0,459.48,2021-10-15,4,2022-03-14,3700.0,2373.0,2373.0,64.13513513513513,44,f2021,6243.0,70.0,1.3814285714285715,retrospective_oracle,-0.05847619047619057,-170.0,12.0
test,0,1.4007142857142858,2022,False,32,116,28.5,140.0,5883.0,0.0,566.48,2022-10-17,0,2023-03-16,3923.0,1960.0,1960.0,49.961763956156005,44,f2021,6366.0,0.0,1.5157142857142858,retrospective_oracle,-0.11499999999999999,-483.0,0.0
test,0,1.064404761904762,2023,False,28,106,15.0,105.0,5132.0,105.0,539.3199999999999,2023-10-13,7,2024-03-11,4154.0,978.0,978.0,23.54357246027925,44,f2021,5553.0,80.0,1.202142857142857,retrospective_oracle,-0.13773809523809488,-421.0,25.0
test,0,1.3847619047619049,2024,False,33,117,16.0,105.0,5816.0,0.0,598.5800000000002,2024-10-18,0,2025-03-17,3827.0,1989.0,1989.0,51.972824666840864,44,f2021,5799.0,0.0,1.3807142857142858,retrospective_oracle,0.004047619047619078,17.0,0.0
test,0,1.327238095238095,2021,False,34,101,16.0,135.0,6280.0,112.0,411.13,2021-10-19,7,2022-03-18,3700.0,2580.0,2580.0,69.72972972972973,45,f2021,6243.0,70.0,1.3814285714285715,retrospective_oracle,-0.054190476190476344,37.0,42.0
test,0,1.3733333333333333,2022,False,38,93,17.5,140.0,5768.0,0.0,525.51,2022-10-23,0,2023-03-22,3923.0,1845.0,1845.0,47.03033392811624,45,f2021,6366.0,0.0,1.5157142857142858,retrospective_oracle,-0.1423809523809525,-598.0,0.0
test,0,1.0634166666666665,2023,False,32,99,16.5,120.0,5194.0,115.5,480.81000000000006,2023-10-17,7,2024-03-15,4154.0,1040.0,1040.0,25.036109773712084,45,f2021,5553.0,80.0,1.202142857142857,retrospective_oracle,-0.1387261904761905,-359.0,35.5
test,0,1.2949761904761905,2024,False,31,93,17.0,130.0,5546.0,17.0,581.03,2024-10-16,1,2025-03-15,3827.0,1719.0,1719.0,44.91769009668148,45,f2021,5799.0,0.0,1.3807142857142858,retrospective_oracle,-0.08573809523809528,-253.0,17.0
test,0,1.3289285714285717,2021,False,33,109,19.0,155.0,6180.0,95.0,413.08,2021-10-18,5,2022-03-17,3700.0,2480.0,2480.0,67.02702702702703,46,f2021,6243.0,70.0,1.3814285714285715,retrospective_oracle,-0.05249999999999977,-63.0,25.0
test,0,1.3795238095238096,2022,False,42,96,16.5,125.0,5794.0,0.0,546.5399999999998,2022-10-27,0,2023-03-26,3923.0,1871.0,1871.0,47.69309202141218,46,f2021,6366.0,0.0,1.5157142857142858,retrospective_oracle,-0.1361904761904762,-572.0,0.0
test,0,1.0373214285714285,2023,False,23,103,21.5,120.0,5034.0,107.5,622.5600000000001,2023-10-08,5,2024-03-06,4154.0,880.0,880.0,21.184400577756374,46,f2021,5553.0,80.0,1.202142857142857,retrospective_oracle,-0.16482142857142845,-519.0,27.5
test,0,1.3295238095238096,2024,False,32,103,18.5,170.0,5584.0,0.0,588.71,2024-10-17,0,2025-03-16,3827.0,1757.0,1757.0,45.91063496211132,46,f2021,5799.0,0.0,1.3807142857142858,retrospective_oracle,-0.05119047619047623,-215.0,0.0
