tag,step,value,seed
rollout/ep_len_mean,512,1.0,42
rollout/ep_len_mean,1024,1.0,42
rollout/ep_len_mean,1536,1.0,42
rollout/ep_len_mean,2048,1.0,42
rollout/ep_len_mean,2560,1.0,42
rollout/ep_len_mean,3072,1.0,42
rollout/ep_len_mean,3584,1.0,42
rollout/ep_len_mean,4096,1.0,42
rollout/ep_len_mean,4608,1.0,42
rollout/ep_len_mean,5120,1.0,42
rollout/ep_len_mean,5632,1.0,42
rollout/ep_len_mean,6144,1.0,42
rollout/ep_len_mean,6656,1.0,42
rollout/ep_len_mean,7168,1.0,42
rollout/ep_len_mean,7680,1.0,42
rollout/ep_len_mean,8192,1.0,42
rollout/ep_len_mean,8704,1.0,42
rollout/ep_len_mean,9216,1.0,42
rollout/ep_len_mean,9728,1.0,42
rollout/ep_len_mean,10240,1.0,42
rollout/ep_len_mean,10752,1.0,42
rollout/ep_len_mean,11264,1.0,42
rollout/ep_len_mean,11776,1.0,42
rollout/ep_len_mean,12288,1.0,42
rollout/ep_len_mean,12800,1.0,42
rollout/ep_len_mean,13312,1.0,42
rollout/ep_len_mean,13824,1.0,42
rollout/ep_len_mean,14336,1.0,42
rollout/ep_len_mean,14848,1.0,42
rollout/ep_len_mean,15360,1.0,42
rollout/ep_len_mean,15872,1.0,42
rollout/ep_len_mean,16384,1.0,42
rollout/ep_len_mean,16896,1.0,42
rollout/ep_len_mean,17408,1.0,42
rollout/ep_len_mean,17920,1.0,42
rollout/ep_len_mean,18432,1.0,42
rollout/ep_len_mean,18944,1.0,42
rollout/ep_len_mean,19456,1.0,42
rollout/ep_len_mean,19968,1.0,42
rollout/ep_len_mean,20480,1.0,42
rollout/ep_len_mean,20992,1.0,42
rollout/ep_len_mean,21504,1.0,42
rollout/ep_len_mean,22016,1.0,42
rollout/ep_len_mean,22528,1.0,42
rollout/ep_len_mean,23040,1.0,42
rollout/ep_len_mean,23552,1.0,42
rollout/ep_len_mean,24064,1.0,42
rollout/ep_len_mean,24576,1.0,42
rollout/ep_len_mean,25088,1.0,42
rollout/ep_len_mean,25600,1.0,42
rollout/ep_len_mean,26112,1.0,42
rollout/ep_len_mean,26624,1.0,42
rollout/ep_len_mean,27136,1.0,42
rollout/ep_len_mean,27648,1.0,42
rollout/ep_len_mean,28160,1.0,42
rollout/ep_len_mean,28672,1.0,42
rollout/ep_len_mean,29184,1.0,42
rollout/ep_len_mean,29696,1.0,42
rollout/ep_len_mean,30208,1.0,42
rollout/ep_len_mean,30720,1.0,42
rollout/ep_len_mean,31232,1.0,42
rollout/ep_len_mean,31744,1.0,42
rollout/ep_len_mean,32256,1.0,42
rollout/ep_len_mean,32768,1.0,42
rollout/ep_len_mean,33280,1.0,42
rollout/ep_len_mean,33792,1.0,42
rollout/ep_len_mean,34304,1.0,42
rollout/ep_len_mean,34816,1.0,42
rollout/ep_len_mean,35328,1.0,42
rollout/ep_len_mean,35840,1.0,42
rollout/ep_len_mean,36352,1.0,42
rollout/ep_rew_mean,512,0.9727408289909363,42
rollout/ep_rew_mean,1024,0.9146481156349182,42
rollout/ep_rew_mean,1536,1.0035072565078735,42
rollout/ep_rew_mean,2048,0.9869459867477417,42
rollout/ep_rew_mean,2560,0.9758435487747192,42
rollout/ep_rew_mean,3072,1.0476685762405396,42
rollout/ep_rew_mean,3584,1.0279484987258911,42
rollout/ep_rew_mean,4096,0.9948136210441589,42
rollout/ep_rew_mean,4608,1.0761375427246094,42
rollout/ep_rew_mean,5120,1.0849087238311768,42
rollout/ep_rew_mean,5632,1.067380428314209,42
rollout/ep_rew_mean,6144,1.0829805135726929,42
rollout/ep_rew_mean,6656,1.1023703813552856,42
rollout/ep_rew_mean,7168,1.0431917905807495,42
rollout/ep_rew_mean,7680,1.07492995262146,42
rollout/ep_rew_mean,8192,1.0977927446365356,42
rollout/ep_rew_mean,8704,1.1456331014633179,42
rollout/ep_rew_mean,9216,1.1037120819091797,42
rollout/ep_rew_mean,9728,1.0946993827819824,42
rollout/ep_rew_mean,10240,1.0908831357955933,42
rollout/ep_rew_mean,10752,1.1062092781066895,42
rollout/ep_rew_mean,11264,1.1256591081619263,42
rollout/ep_rew_mean,11776,1.1242014169692993,42
rollout/ep_rew_mean,12288,1.1326152086257935,42
rollout/ep_rew_mean,12800,1.1338247060775757,42
rollout/ep_rew_mean,13312,1.1234380006790161,42
rollout/ep_rew_mean,13824,1.0988143682479858,42
rollout/ep_rew_mean,14336,1.1467543840408325,42
rollout/ep_rew_mean,14848,1.12203049659729,42
rollout/ep_rew_mean,15360,1.1431549787521362,42
rollout/ep_rew_mean,15872,1.1245248317718506,42
rollout/ep_rew_mean,16384,1.1178838014602661,42
rollout/ep_rew_mean,16896,1.148827075958252,42
rollout/ep_rew_mean,17408,1.1319454908370972,42
rollout/ep_rew_mean,17920,1.1506975889205933,42
rollout/ep_rew_mean,18432,1.123133897781372,42
rollout/ep_rew_mean,18944,1.1281712055206299,42
rollout/ep_rew_mean,19456,1.1143925189971924,42
rollout/ep_rew_mean,19968,1.1449426412582397,42
rollout/ep_rew_mean,20480,1.1295446157455444,42
rollout/ep_rew_mean,20992,1.106826663017273,42
rollout/ep_rew_mean,21504,1.1610372066497803,42
rollout/ep_rew_mean,22016,1.147896647453308,42
rollout/ep_rew_mean,22528,1.1402924060821533,42
rollout/ep_rew_mean,23040,1.143064260482788,42
rollout/ep_rew_mean,23552,1.1662930250167847,42
rollout/ep_rew_mean,24064,1.132753610610962,42
rollout/ep_rew_mean,24576,1.1269267797470093,42
rollout/ep_rew_mean,25088,1.1327831745147705,42
rollout/ep_rew_mean,25600,1.179044246673584,42
rollout/ep_rew_mean,26112,1.1640440225601196,42
rollout/ep_rew_mean,26624,1.135647177696228,42
rollout/ep_rew_mean,27136,1.1411577463150024,42
rollout/ep_rew_mean,27648,1.145933985710144,42
rollout/ep_rew_mean,28160,1.1384934186935425,42
rollout/ep_rew_mean,28672,1.145414113998413,42
rollout/ep_rew_mean,29184,1.1740995645523071,42
rollout/ep_rew_mean,29696,1.154104471206665,42
rollout/ep_rew_mean,30208,1.1575027704238892,42
rollout/ep_rew_mean,30720,1.1459563970565796,42
rollout/ep_rew_mean,31232,1.1609325408935547,42
rollout/ep_rew_mean,31744,1.1415719985961914,42
rollout/ep_rew_mean,32256,1.1473565101623535,42
rollout/ep_rew_mean,32768,1.1723955869674683,42
rollout/ep_rew_mean,33280,1.1468244791030884,42
rollout/ep_rew_mean,33792,1.1550281047821045,42
rollout/ep_rew_mean,34304,1.1604450941085815,42
rollout/ep_rew_mean,34816,1.1412409543991089,42
rollout/ep_rew_mean,35328,1.1719250679016113,42
rollout/ep_rew_mean,35840,1.152729868888855,42
rollout/ep_rew_mean,36352,1.159192681312561,42
time/fps,512,6.0,42
time/fps,1024,6.0,42
time/fps,1536,7.0,42
time/fps,2048,7.0,42
time/fps,2560,7.0,42
time/fps,3072,7.0,42
time/fps,3584,7.0,42
time/fps,4096,7.0,42
time/fps,4608,7.0,42
time/fps,5120,7.0,42
time/fps,5632,7.0,42
time/fps,6144,7.0,42
time/fps,6656,7.0,42
time/fps,7168,8.0,42
time/fps,7680,8.0,42
time/fps,8192,8.0,42
time/fps,8704,8.0,42
time/fps,9216,8.0,42
time/fps,9728,8.0,42
time/fps,10240,8.0,42
time/fps,10752,8.0,42
time/fps,11264,8.0,42
time/fps,11776,8.0,42
time/fps,12288,8.0,42
time/fps,12800,8.0,42
time/fps,13312,9.0,42
time/fps,13824,9.0,42
time/fps,14336,9.0,42
time/fps,14848,9.0,42
time/fps,15360,9.0,42
time/fps,15872,9.0,42
time/fps,16384,9.0,42
time/fps,16896,9.0,42
time/fps,17408,9.0,42
time/fps,17920,9.0,42
time/fps,18432,9.0,42
time/fps,18944,9.0,42
time/fps,19456,9.0,42
time/fps,19968,10.0,42
time/fps,20480,10.0,42
time/fps,20992,10.0,42
time/fps,21504,10.0,42
time/fps,22016,10.0,42
time/fps,22528,10.0,42
time/fps,23040,10.0,42
time/fps,23552,10.0,42
time/fps,24064,10.0,42
time/fps,24576,10.0,42
time/fps,25088,10.0,42
time/fps,25600,10.0,42
time/fps,26112,10.0,42
time/fps,26624,10.0,42
time/fps,27136,10.0,42
time/fps,27648,10.0,42
time/fps,28160,11.0,42
time/fps,28672,11.0,42
time/fps,29184,11.0,42
time/fps,29696,11.0,42
time/fps,30208,11.0,42
time/fps,30720,11.0,42
time/fps,31232,11.0,42
time/fps,31744,11.0,42
time/fps,32256,11.0,42
time/fps,32768,11.0,42
time/fps,33280,11.0,42
time/fps,33792,11.0,42
time/fps,34304,11.0,42
time/fps,34816,11.0,42
time/fps,35328,11.0,42
time/fps,35840,11.0,42
time/fps,36352,11.0,42
train/approx_kl,1024,0.005149147007614374,42
train/approx_kl,1536,0.010815901681780815,42
train/approx_kl,2048,0.009623382240533829,42
train/approx_kl,2560,0.01043847668915987,42
train/approx_kl,3072,0.013801997527480125,42
train/approx_kl,3584,0.015201650559902191,42
train/approx_kl,4096,0.018327368423342705,42
train/approx_kl,4608,0.018405262380838394,42
train/approx_kl,5120,0.023813679814338684,42
train/approx_kl,5632,0.02027245983481407,42
train/approx_kl,6144,0.017722969874739647,42
train/approx_kl,6656,0.019109714776277542,42
train/approx_kl,7168,0.016880813986063004,42
train/approx_kl,7680,0.014052452519536018,42
train/approx_kl,8192,0.019074853509664536,42
train/approx_kl,8704,0.01466020941734314,42
train/approx_kl,9216,0.022961555048823357,42
train/approx_kl,9728,0.01762750744819641,42
train/approx_kl,10240,0.016649862751364708,42
train/approx_kl,10752,0.011086149141192436,42
train/approx_kl,11264,0.013646631501615047,42
train/approx_kl,11776,0.014844048768281937,42
train/approx_kl,12288,0.009502151980996132,42
train/approx_kl,12800,0.01093767024576664,42
train/approx_kl,13312,0.010335241444408894,42
train/approx_kl,13824,0.011358869262039661,42
train/approx_kl,14336,0.013067048043012619,42
train/approx_kl,14848,0.014534938149154186,42
train/approx_kl,15360,0.013760087080299854,42
train/approx_kl,15872,0.01282805111259222,42
train/approx_kl,16384,0.01143360324203968,42
train/approx_kl,16896,0.0160910002887249,42
train/approx_kl,17408,0.009271502494812012,42
train/approx_kl,17920,0.011632276698946953,42
train/approx_kl,18432,0.013294825330376625,42
train/approx_kl,18944,0.012895932421088219,42
train/approx_kl,19456,0.010089993476867676,42
train/approx_kl,19968,0.011037531308829784,42
train/approx_kl,20480,0.012674368917942047,42
train/approx_kl,20992,0.010282893665134907,42
train/approx_kl,21504,0.012771064415574074,42
train/approx_kl,22016,0.009571006521582603,42
train/approx_kl,22528,0.009961381554603577,42
train/approx_kl,23040,0.012045968323946,42
train/approx_kl,23552,0.012564413249492645,42
train/approx_kl,24064,0.014562674798071384,42
train/approx_kl,24576,0.013411159627139568,42
train/approx_kl,25088,0.01252763532102108,42
train/approx_kl,25600,0.012115094810724258,42
train/approx_kl,26112,0.015034006908535957,42
train/approx_kl,26624,0.011905455030500889,42
train/approx_kl,27136,0.010916179977357388,42
train/approx_kl,27648,0.009296297095716,42
train/approx_kl,28160,0.013457585126161575,42
train/approx_kl,28672,0.009346171282231808,42
train/approx_kl,29184,0.01139858365058899,42
train/approx_kl,29696,0.009187250398099422,42
train/approx_kl,30208,0.013554585166275501,42
train/approx_kl,30720,0.011097528971731663,42
train/approx_kl,31232,0.014073933474719524,42
train/approx_kl,31744,0.01956959068775177,42
train/approx_kl,32256,0.016141410917043686,42
train/approx_kl,32768,0.009901219978928566,42
train/approx_kl,33280,0.013037171214818954,42
train/approx_kl,33792,0.014836682938039303,42
train/approx_kl,34304,0.0136223454028368,42
train/approx_kl,34816,0.011008195579051971,42
train/approx_kl,35328,0.013153359293937683,42
train/approx_kl,35840,0.011377768591046333,42
train/approx_kl,36352,0.008741763420403004,42
train/clip_fraction,1024,0.01621093787252903,42
train/clip_fraction,1536,0.05429687350988388,42
train/clip_fraction,2048,0.05019531399011612,42
train/clip_fraction,2560,0.05292968824505806,42
train/clip_fraction,3072,0.07070312649011612,42
train/clip_fraction,3584,0.09062500298023224,42
train/clip_fraction,4096,0.1162109375,42
train/clip_fraction,4608,0.10761718451976776,42
train/clip_fraction,5120,0.1435546875,42
train/clip_fraction,5632,0.15312500298023224,42
train/clip_fraction,6144,0.10527344048023224,42
train/clip_fraction,6656,0.13457031548023224,42
train/clip_fraction,7168,0.11835937201976776,42
train/clip_fraction,7680,0.13515624403953552,42
train/clip_fraction,8192,0.14433594048023224,42
train/clip_fraction,8704,0.10625000298023224,42
train/clip_fraction,9216,0.16386719048023224,42
train/clip_fraction,9728,0.12089844048023224,42
train/clip_fraction,10240,0.12460937350988388,42
train/clip_fraction,10752,0.068359375,42
train/clip_fraction,11264,0.0830078125,42
train/clip_fraction,11776,0.10292968899011612,42
train/clip_fraction,12288,0.05996093899011612,42
train/clip_fraction,12800,0.0859375,42
train/clip_fraction,13312,0.064453125,42
train/clip_fraction,13824,0.1015625,42
train/clip_fraction,14336,0.11386718600988388,42
train/clip_fraction,14848,0.09824218600988388,42
train/clip_fraction,15360,0.10859374701976776,42
train/clip_fraction,15872,0.11054687201976776,42
train/clip_fraction,16384,0.0712890625,42
train/clip_fraction,16896,0.13437500596046448,42
train/clip_fraction,17408,0.06621094048023224,42
train/clip_fraction,17920,0.06953124701976776,42
train/clip_fraction,18432,0.12363281100988388,42
train/clip_fraction,18944,0.10117187350988388,42
train/clip_fraction,19456,0.06035156175494194,42
train/clip_fraction,19968,0.07695312798023224,42
train/clip_fraction,20480,0.11406250298023224,42
train/clip_fraction,20992,0.07597656548023224,42
train/clip_fraction,21504,0.11855468899011612,42
train/clip_fraction,22016,0.09023437649011612,42
train/clip_fraction,22528,0.06523437798023224,42
train/clip_fraction,23040,0.1025390625,42
train/clip_fraction,23552,0.1162109375,42
train/clip_fraction,24064,0.10625000298023224,42
train/clip_fraction,24576,0.11757812649011612,42
train/clip_fraction,25088,0.09648437798023224,42
train/clip_fraction,25600,0.10878906399011612,42
train/clip_fraction,26112,0.11992187798023224,42
train/clip_fraction,26624,0.0849609375,42
train/clip_fraction,27136,0.09394530951976776,42
train/clip_fraction,27648,0.07988281548023224,42
train/clip_fraction,28160,0.12128905951976776,42
train/clip_fraction,28672,0.0810546875,42
train/clip_fraction,29184,0.11152343451976776,42
train/clip_fraction,29696,0.08710937201976776,42
train/clip_fraction,30208,0.10683593899011612,42
train/clip_fraction,30720,0.09550781548023224,42
train/clip_fraction,31232,0.13027343153953552,42
train/clip_fraction,31744,0.14414063096046448,42
train/clip_fraction,32256,0.11874999850988388,42
train/clip_fraction,32768,0.07500000298023224,42
train/clip_fraction,33280,0.11562500149011612,42
train/clip_fraction,33792,0.12558594346046448,42
train/clip_fraction,34304,0.13359375298023224,42
train/clip_fraction,34816,0.08359374850988388,42
train/clip_fraction,35328,0.13886718451976776,42
train/clip_fraction,35840,0.08203125,42
train/clip_fraction,36352,0.08945312350988388,42
train/clip_range,1024,0.20000000298023224,42
train/clip_range,1536,0.20000000298023224,42
train/clip_range,2048,0.20000000298023224,42
train/clip_range,2560,0.20000000298023224,42
train/clip_range,3072,0.20000000298023224,42
train/clip_range,3584,0.20000000298023224,42
train/clip_range,4096,0.20000000298023224,42
train/clip_range,4608,0.20000000298023224,42
train/clip_range,5120,0.20000000298023224,42
train/clip_range,5632,0.20000000298023224,42
train/clip_range,6144,0.20000000298023224,42
train/clip_range,6656,0.20000000298023224,42
train/clip_range,7168,0.20000000298023224,42
train/clip_range,7680,0.20000000298023224,42
train/clip_range,8192,0.20000000298023224,42
train/clip_range,8704,0.20000000298023224,42
train/clip_range,9216,0.20000000298023224,42
train/clip_range,9728,0.20000000298023224,42
train/clip_range,10240,0.20000000298023224,42
train/clip_range,10752,0.20000000298023224,42
train/clip_range,11264,0.20000000298023224,42
train/clip_range,11776,0.20000000298023224,42
train/clip_range,12288,0.20000000298023224,42
train/clip_range,12800,0.20000000298023224,42
train/clip_range,13312,0.20000000298023224,42
train/clip_range,13824,0.20000000298023224,42
train/clip_range,14336,0.20000000298023224,42
train/clip_range,14848,0.20000000298023224,42
train/clip_range,15360,0.20000000298023224,42
train/clip_range,15872,0.20000000298023224,42
train/clip_range,16384,0.20000000298023224,42
train/clip_range,16896,0.20000000298023224,42
train/clip_range,17408,0.20000000298023224,42
train/clip_range,17920,0.20000000298023224,42
train/clip_range,18432,0.20000000298023224,42
train/clip_range,18944,0.20000000298023224,42
train/clip_range,19456,0.20000000298023224,42
train/clip_range,19968,0.20000000298023224,42
train/clip_range,20480,0.20000000298023224,42
train/clip_range,20992,0.20000000298023224,42
train/clip_range,21504,0.20000000298023224,42
train/clip_range,22016,0.20000000298023224,42
train/clip_range,22528,0.20000000298023224,42
train/clip_range,23040,0.20000000298023224,42
train/clip_range,23552,0.20000000298023224,42
train/clip_range,24064,0.20000000298023224,42
train/clip_range,24576,0.20000000298023224,42
train/clip_range,25088,0.20000000298023224,42
train/clip_range,25600,0.20000000298023224,42
train/clip_range,26112,0.20000000298023224,42
train/clip_range,26624,0.20000000298023224,42
train/clip_range,27136,0.20000000298023224,42
train/clip_range,27648,0.20000000298023224,42
train/clip_range,28160,0.20000000298023224,42
train/clip_range,28672,0.20000000298023224,42
train/clip_range,29184,0.20000000298023224,42
train/clip_range,29696,0.20000000298023224,42
train/clip_range,30208,0.20000000298023224,42
train/clip_range,30720,0.20000000298023224,42
train/clip_range,31232,0.20000000298023224,42
train/clip_range,31744,0.20000000298023224,42
train/clip_range,32256,0.20000000298023224,42
train/clip_range,32768,0.20000000298023224,42
train/clip_range,33280,0.20000000298023224,42
train/clip_range,33792,0.20000000298023224,42
train/clip_range,34304,0.20000000298023224,42
train/clip_range,34816,0.20000000298023224,42
train/clip_range,35328,0.20000000298023224,42
train/clip_range,35840,0.20000000298023224,42
train/clip_range,36352,0.20000000298023224,42
train/entropy_loss,1024,-3.674288511276245,42
train/entropy_loss,1536,-3.663670063018799,42
train/entropy_loss,2048,-3.637769937515259,42
train/entropy_loss,2560,-3.606653928756714,42
train/entropy_loss,3072,-3.5765020847320557,42
train/entropy_loss,3584,-3.5477235317230225,42
train/entropy_loss,4096,-3.5149550437927246,42
train/entropy_loss,4608,-3.479273557662964,42
train/entropy_loss,5120,-3.442094564437866,42
train/entropy_loss,5632,-3.41298508644104,42
train/entropy_loss,6144,-3.3834028244018555,42
train/entropy_loss,6656,-3.3568036556243896,42
train/entropy_loss,7168,-3.329476833343506,42
train/entropy_loss,7680,-3.312375068664551,42
train/entropy_loss,8192,-3.289700508117676,42
train/entropy_loss,8704,-3.267007827758789,42
train/entropy_loss,9216,-3.243942975997925,42
train/entropy_loss,9728,-3.2163004875183105,42
train/entropy_loss,10240,-3.1945812702178955,42
train/entropy_loss,10752,-3.1692588329315186,42
train/entropy_loss,11264,-3.1368870735168457,42
train/entropy_loss,11776,-3.1123571395874023,42
train/entropy_loss,12288,-3.086183547973633,42
train/entropy_loss,12800,-3.06553316116333,42
train/entropy_loss,13312,-3.0440196990966797,42
train/entropy_loss,13824,-3.0249454975128174,42
train/entropy_loss,14336,-3.016608715057373,42
train/entropy_loss,14848,-3.002305746078491,42
train/entropy_loss,15360,-2.98598575592041,42
train/entropy_loss,15872,-2.9692087173461914,42
train/entropy_loss,16384,-2.953232526779175,42
train/entropy_loss,16896,-2.945376396179199,42
train/entropy_loss,17408,-2.930421829223633,42
train/entropy_loss,17920,-2.913959503173828,42
train/entropy_loss,18432,-2.901388168334961,42
train/entropy_loss,18944,-2.883263111114502,42
train/entropy_loss,19456,-2.865550994873047,42
train/entropy_loss,19968,-2.8384668827056885,42
train/entropy_loss,20480,-2.8158769607543945,42
train/entropy_loss,20992,-2.7992353439331055,42
train/entropy_loss,21504,-2.778986930847168,42
train/entropy_loss,22016,-2.764157295227051,42
train/entropy_loss,22528,-2.749960422515869,42
train/entropy_loss,23040,-2.720968246459961,42
train/entropy_loss,23552,-2.693063497543335,42
train/entropy_loss,24064,-2.676177740097046,42
train/entropy_loss,24576,-2.6646711826324463,42
train/entropy_loss,25088,-2.646523952484131,42
train/entropy_loss,25600,-2.6280179023742676,42
train/entropy_loss,26112,-2.612534999847412,42
train/entropy_loss,26624,-2.602717161178589,42
train/entropy_loss,27136,-2.590951442718506,42
train/entropy_loss,27648,-2.5753602981567383,42
train/entropy_loss,28160,-2.5636565685272217,42
train/entropy_loss,28672,-2.560087203979492,42
train/entropy_loss,29184,-2.546602487564087,42
train/entropy_loss,29696,-2.52777361869812,42
train/entropy_loss,30208,-2.5105206966400146,42
train/entropy_loss,30720,-2.48868989944458,42
train/entropy_loss,31232,-2.4690909385681152,42
train/entropy_loss,31744,-2.4480621814727783,42
train/entropy_loss,32256,-2.4318158626556396,42
train/entropy_loss,32768,-2.412174701690674,42
train/entropy_loss,33280,-2.3881165981292725,42
train/entropy_loss,33792,-2.370586633682251,42
train/entropy_loss,34304,-2.3615834712982178,42
train/entropy_loss,34816,-2.346647262573242,42
train/entropy_loss,35328,-2.331698417663574,42
train/entropy_loss,35840,-2.3153135776519775,42
train/entropy_loss,36352,-2.2961678504943848,42
train/explained_variance,1024,-6.659963130950928,42
train/explained_variance,1536,-1.0800018310546875,42
train/explained_variance,2048,-0.6480416059494019,42
train/explained_variance,2560,-0.2138659954071045,42
train/explained_variance,3072,0.0980120301246643,42
train/explained_variance,3584,0.027016520500183105,42
train/explained_variance,4096,-0.1633220911026001,42
train/explained_variance,4608,-0.0009111166000366211,42
train/explained_variance,5120,-0.13292765617370605,42
train/explained_variance,5632,-0.10907983779907227,42
train/explained_variance,6144,-0.07267880439758301,42
train/explained_variance,6656,0.033425867557525635,42
train/explained_variance,7168,-0.1061403751373291,42
train/explained_variance,7680,0.062348127365112305,42
train/explained_variance,8192,0.01570063829421997,42
train/explained_variance,8704,0.1133776307106018,42
train/explained_variance,9216,0.09558451175689697,42
train/explained_variance,9728,0.20383745431900024,42
train/explained_variance,10240,0.05541282892227173,42
train/explained_variance,10752,0.17345905303955078,42
train/explained_variance,11264,0.08539760112762451,42
train/explained_variance,11776,0.1128578782081604,42
train/explained_variance,12288,0.06914293766021729,42
train/explained_variance,12800,0.09781819581985474,42
train/explained_variance,13312,-0.009207844734191895,42
train/explained_variance,13824,0.1710241436958313,42
train/explained_variance,14336,0.21615296602249146,42
train/explained_variance,14848,0.14113539457321167,42
train/explained_variance,15360,0.17714446783065796,42
train/explained_variance,15872,0.08982163667678833,42
train/explained_variance,16384,0.054390132427215576,42
train/explained_variance,16896,0.18283677101135254,42
train/explained_variance,17408,0.1796075701713562,42
train/explained_variance,17920,0.2347925305366516,42
train/explained_variance,18432,0.19908595085144043,42
train/explained_variance,18944,0.2371758222579956,42
train/explained_variance,19456,0.247467041015625,42
train/explained_variance,19968,0.14522230625152588,42
train/explained_variance,20480,0.18558931350708008,42
train/explained_variance,20992,0.19409805536270142,42
train/explained_variance,21504,0.3262125253677368,42
train/explained_variance,22016,0.21398520469665527,42
train/explained_variance,22528,0.36245131492614746,42
train/explained_variance,23040,0.25695979595184326,42
train/explained_variance,23552,0.2628934383392334,42
train/explained_variance,24064,0.38944345712661743,42
train/explained_variance,24576,0.26656413078308105,42
train/explained_variance,25088,0.34855008125305176,42
train/explained_variance,25600,0.2733294367790222,42
train/explained_variance,26112,0.2742956280708313,42
train/explained_variance,26624,0.3319798707962036,42
train/explained_variance,27136,0.3813432455062866,42
train/explained_variance,27648,0.3984454274177551,42
train/explained_variance,28160,0.3162396550178528,42
train/explained_variance,28672,0.33405017852783203,42
train/explained_variance,29184,0.3171085715293884,42
train/explained_variance,29696,0.31237465143203735,42
train/explained_variance,30208,0.3576720356941223,42
train/explained_variance,30720,0.4148651957511902,42
train/explained_variance,31232,0.31249094009399414,42
train/explained_variance,31744,0.41655534505844116,42
train/explained_variance,32256,0.4188719391822815,42
train/explained_variance,32768,0.4425050616264343,42
train/explained_variance,33280,0.3974464535713196,42
train/explained_variance,33792,0.39189136028289795,42
train/explained_variance,34304,0.46693354845046997,42
train/explained_variance,34816,0.4693801999092102,42
train/explained_variance,35328,0.34741246700286865,42
train/explained_variance,35840,0.4192431569099426,42
train/explained_variance,36352,0.42202281951904297,42
train/learning_rate,1024,0.0003000000142492354,42
train/learning_rate,1536,0.0003000000142492354,42
train/learning_rate,2048,0.0003000000142492354,42
train/learning_rate,2560,0.0003000000142492354,42
train/learning_rate,3072,0.0003000000142492354,42
train/learning_rate,3584,0.0003000000142492354,42
train/learning_rate,4096,0.0003000000142492354,42
train/learning_rate,4608,0.0003000000142492354,42
train/learning_rate,5120,0.0003000000142492354,42
train/learning_rate,5632,0.0003000000142492354,42
train/learning_rate,6144,0.0003000000142492354,42
train/learning_rate,6656,0.0003000000142492354,42
train/learning_rate,7168,0.0003000000142492354,42
train/learning_rate,7680,0.0003000000142492354,42
train/learning_rate,8192,0.0003000000142492354,42
train/learning_rate,8704,0.0003000000142492354,42
train/learning_rate,9216,0.0003000000142492354,42
train/learning_rate,9728,0.0003000000142492354,42
train/learning_rate,10240,0.0003000000142492354,42
train/learning_rate,10752,0.0003000000142492354,42
train/learning_rate,11264,0.0003000000142492354,42
train/learning_rate,11776,0.0003000000142492354,42
train/learning_rate,12288,0.0003000000142492354,42
train/learning_rate,12800,0.0003000000142492354,42
train/learning_rate,13312,0.0003000000142492354,42
train/learning_rate,13824,0.0003000000142492354,42
train/learning_rate,14336,0.0003000000142492354,42
train/learning_rate,14848,0.0003000000142492354,42
train/learning_rate,15360,0.0003000000142492354,42
train/learning_rate,15872,0.0003000000142492354,42
train/learning_rate,16384,0.0003000000142492354,42
train/learning_rate,16896,0.0003000000142492354,42
train/learning_rate,17408,0.0003000000142492354,42
train/learning_rate,17920,0.0003000000142492354,42
train/learning_rate,18432,0.0003000000142492354,42
train/learning_rate,18944,0.0003000000142492354,42
train/learning_rate,19456,0.0003000000142492354,42
train/learning_rate,19968,0.0003000000142492354,42
train/learning_rate,20480,0.0003000000142492354,42
train/learning_rate,20992,0.0003000000142492354,42
train/learning_rate,21504,0.0003000000142492354,42
train/learning_rate,22016,0.0003000000142492354,42
train/learning_rate,22528,0.0003000000142492354,42
train/learning_rate,23040,0.0003000000142492354,42
train/learning_rate,23552,0.0003000000142492354,42
train/learning_rate,24064,0.0003000000142492354,42
train/learning_rate,24576,0.0003000000142492354,42
train/learning_rate,25088,0.0003000000142492354,42
train/learning_rate,25600,0.0003000000142492354,42
train/learning_rate,26112,0.0003000000142492354,42
train/learning_rate,26624,0.0003000000142492354,42
train/learning_rate,27136,0.0003000000142492354,42
train/learning_rate,27648,0.0003000000142492354,42
train/learning_rate,28160,0.0003000000142492354,42
train/learning_rate,28672,0.0003000000142492354,42
train/learning_rate,29184,0.0003000000142492354,42
train/learning_rate,29696,0.0003000000142492354,42
train/learning_rate,30208,0.0003000000142492354,42
train/learning_rate,30720,0.0003000000142492354,42
train/learning_rate,31232,0.0003000000142492354,42
train/learning_rate,31744,0.0003000000142492354,42
train/learning_rate,32256,0.0003000000142492354,42
train/learning_rate,32768,0.0003000000142492354,42
train/learning_rate,33280,0.0003000000142492354,42
train/learning_rate,33792,0.0003000000142492354,42
train/learning_rate,34304,0.0003000000142492354,42
train/learning_rate,34816,0.0003000000142492354,42
train/learning_rate,35328,0.0003000000142492354,42
train/learning_rate,35840,0.0003000000142492354,42
train/learning_rate,36352,0.0003000000142492354,42
train/loss,1024,0.4639761447906494,42
train/loss,1536,0.30556440353393555,42
train/loss,2048,0.2185828685760498,42
train/loss,2560,0.14855390787124634,42
train/loss,3072,0.04852665960788727,42
train/loss,3584,-0.00032812729477882385,42
train/loss,4096,-0.01705716922879219,42
train/loss,4608,-0.01209491677582264,42
train/loss,5120,-0.006683234125375748,42
train/loss,5632,-0.027961790561676025,42
train/loss,6144,-0.006404370069503784,42
train/loss,6656,-0.007721619680523872,42
train/loss,7168,-0.032324858009815216,42
train/loss,7680,-0.03532841429114342,42
train/loss,8192,-0.026074983179569244,42
train/loss,8704,-0.009739592671394348,42
train/loss,9216,-0.02767876163125038,42
train/loss,9728,-0.03162026405334473,42
train/loss,10240,-0.023660417646169662,42
train/loss,10752,0.0037411246448755264,42
train/loss,11264,0.005738584324717522,42
train/loss,11776,-0.006863299757242203,42
train/loss,12288,-0.016415247693657875,42
train/loss,12800,-0.02260180190205574,42
train/loss,13312,-0.024123821407556534,42
train/loss,13824,-0.005956290289759636,42
train/loss,14336,-0.020176663994789124,42
train/loss,14848,-0.020897436887025833,42
train/loss,15360,-0.021265998482704163,42
train/loss,15872,-0.0005799271166324615,42
train/loss,16384,-0.011566514149308205,42
train/loss,16896,-0.007085463032126427,42
train/loss,17408,-0.015277719125151634,42
train/loss,17920,-0.017213059589266777,42
train/loss,18432,-0.025630764663219452,42
train/loss,18944,-0.0301540344953537,42
train/loss,19456,-0.024462250992655754,42
train/loss,19968,-0.018101200461387634,42
train/loss,20480,-0.02300972491502762,42
train/loss,20992,-0.01178254745900631,42
train/loss,21504,-0.02829771488904953,42
train/loss,22016,-0.016104917973279953,42
train/loss,22528,-0.03726731985807419,42
train/loss,23040,-0.0050842612981796265,42
train/loss,23552,-0.03680244833230972,42
train/loss,24064,-0.028408633545041084,42
train/loss,24576,-0.028823163360357285,42
train/loss,25088,-0.037299953401088715,42
train/loss,25600,-0.007299422286450863,42
train/loss,26112,-0.02771976962685585,42
train/loss,26624,-0.026028508320450783,42
train/loss,27136,-0.02587515488266945,42
train/loss,27648,-0.020959708839654922,42
train/loss,28160,-0.006773540750145912,42
train/loss,28672,-0.013364389538764954,42
train/loss,29184,-0.02041819505393505,42
train/loss,29696,-0.02094075456261635,42
train/loss,30208,-0.011052397079765797,42
train/loss,30720,-0.020969919860363007,42
train/loss,31232,-0.028395256027579308,42
train/loss,31744,-0.03949291259050369,42
train/loss,32256,-0.009114650078117847,42
train/loss,32768,-0.01798887550830841,42
train/loss,33280,-0.009596159681677818,42
train/loss,33792,-0.021758828312158585,42
train/loss,34304,-0.028365183621644974,42
train/loss,34816,-0.032859865576028824,42
train/loss,35328,-0.02397000975906849,42
train/loss,35840,-0.02787596732378006,42
train/loss,36352,-0.042053721845149994,42
train/policy_gradient_loss,1024,-0.011621960438787937,42
train/policy_gradient_loss,1536,-0.02335217036306858,42
train/policy_gradient_loss,2048,-0.021462837234139442,42
train/policy_gradient_loss,2560,-0.020229652523994446,42
train/policy_gradient_loss,3072,-0.020914200693368912,42
train/policy_gradient_loss,3584,-0.026053499430418015,42
train/policy_gradient_loss,4096,-0.031150883063673973,42
train/policy_gradient_loss,4608,-0.03086492046713829,42
train/policy_gradient_loss,5120,-0.02957952208817005,42
train/policy_gradient_loss,5632,-0.033556293696165085,42
train/policy_gradient_loss,6144,-0.02320968359708786,42
train/policy_gradient_loss,6656,-0.03021981567144394,42
train/policy_gradient_loss,7168,-0.024105090647935867,42
train/policy_gradient_loss,7680,-0.02636723779141903,42
train/policy_gradient_loss,8192,-0.025939851999282837,42
train/policy_gradient_loss,8704,-0.021742237731814384,42
train/policy_gradient_loss,9216,-0.026993682608008385,42
train/policy_gradient_loss,9728,-0.022456036880612373,42
train/policy_gradient_loss,10240,-0.025805417448282242,42
train/policy_gradient_loss,10752,-0.01650857925415039,42
train/policy_gradient_loss,11264,-0.018315184861421585,42
train/policy_gradient_loss,11776,-0.01798909902572632,42
train/policy_gradient_loss,12288,-0.015644080936908722,42
train/policy_gradient_loss,12800,-0.01999761164188385,42
train/policy_gradient_loss,13312,-0.01592334918677807,42
train/policy_gradient_loss,13824,-0.017683319747447968,42
train/policy_gradient_loss,14336,-0.02068376913666725,42
train/policy_gradient_loss,14848,-0.01856520026922226,42
train/policy_gradient_loss,15360,-0.02043103240430355,42
train/policy_gradient_loss,15872,-0.01724584773182869,42
train/policy_gradient_loss,16384,-0.016049806028604507,42
train/policy_gradient_loss,16896,-0.0207498949021101,42
train/policy_gradient_loss,17408,-0.01429913192987442,42
train/policy_gradient_loss,17920,-0.014872251078486443,42
train/policy_gradient_loss,18432,-0.01981985755264759,42
train/policy_gradient_loss,18944,-0.020100237801671028,42
train/policy_gradient_loss,19456,-0.016159461811184883,42
train/policy_gradient_loss,19968,-0.017689527943730354,42
train/policy_gradient_loss,20480,-0.017612868919968605,42
train/policy_gradient_loss,20992,-0.01494662743061781,42
train/policy_gradient_loss,21504,-0.01975429803133011,42
train/policy_gradient_loss,22016,-0.015591084957122803,42
train/policy_gradient_loss,22528,-0.015226324088871479,42
train/policy_gradient_loss,23040,-0.020006347447633743,42
train/policy_gradient_loss,23552,-0.026591002941131592,42
train/policy_gradient_loss,24064,-0.01922866888344288,42
train/policy_gradient_loss,24576,-0.022901829332113266,42
train/policy_gradient_loss,25088,-0.017633136361837387,42
train/policy_gradient_loss,25600,-0.020874910056591034,42
train/policy_gradient_loss,26112,-0.02088634856045246,42
train/policy_gradient_loss,26624,-0.016649285331368446,42
train/policy_gradient_loss,27136,-0.016219589859247208,42
train/policy_gradient_loss,27648,-0.015192965045571327,42
train/policy_gradient_loss,28160,-0.019352683797478676,42
train/policy_gradient_loss,28672,-0.017609233036637306,42
train/policy_gradient_loss,29184,-0.020203525200486183,42
train/policy_gradient_loss,29696,-0.018160369247198105,42
train/policy_gradient_loss,30208,-0.018161021173000336,42
train/policy_gradient_loss,30720,-0.016392821446061134,42
train/policy_gradient_loss,31232,-0.021556664258241653,42
train/policy_gradient_loss,31744,-0.022254062816500664,42
train/policy_gradient_loss,32256,-0.019788533449172974,42
train/policy_gradient_loss,32768,-0.016133414581418037,42
train/policy_gradient_loss,33280,-0.021401893347501755,42
train/policy_gradient_loss,33792,-0.020280789583921432,42
train/policy_gradient_loss,34304,-0.019342023879289627,42
train/policy_gradient_loss,34816,-0.01613520085811615,42
train/policy_gradient_loss,35328,-0.01792064681649208,42
train/policy_gradient_loss,35840,-0.016840821132063866,42
train/policy_gradient_loss,36352,-0.018190966919064522,42
train/std,1024,0.606062650680542,42
train/std,1536,0.6028761267662048,42
train/std,2048,0.5986102819442749,42
train/std,2560,0.5937511920928955,42
train/std,3072,0.5899686813354492,42
train/std,3584,0.5850449800491333,42
train/std,4096,0.5803444385528564,42
train/std,4608,0.5745185613632202,42
train/std,5120,0.5703580975532532,42
train/std,5632,0.5659481287002563,42
train/std,6144,0.5624523162841797,42
train/std,6656,0.5581135749816895,42
train/std,7168,0.5556614995002747,42
train/std,7680,0.5529927015304565,42
train/std,8192,0.5499882698059082,42
train/std,8704,0.5468826293945312,42
train/std,9216,0.543413519859314,42
train/std,9728,0.5398756861686707,42
train/std,10240,0.5373699069023132,42
train/std,10752,0.532683253288269,42
train/std,11264,0.5296139717102051,42
train/std,11776,0.5257247686386108,42
train/std,12288,0.5231130123138428,42
train/std,12800,0.5204823017120361,42
train/std,13312,0.5175768136978149,42
train/std,13824,0.5163042545318604,42
train/std,14336,0.5153178572654724,42
train/std,14848,0.5130184888839722,42
train/std,15360,0.5112184286117554,42
train/std,15872,0.5086486339569092,42
train/std,16384,0.5077942609786987,42
train/std,16896,0.5065355896949768,42
train/std,17408,0.504233181476593,42
train/std,17920,0.5027836561203003,42
train/std,18432,0.5007680058479309,42
train/std,18944,0.4990368187427521,42
train/std,19456,0.4962675869464874,42
train/std,19968,0.49268752336502075,42
train/std,20480,0.49112802743911743,42
train/std,20992,0.4885942339897156,42
train/std,21504,0.4866368770599365,42
train/std,22016,0.4855383634567261,42
train/std,22528,0.4829128384590149,42
train/std,23040,0.47899192571640015,42
train/std,23552,0.47643691301345825,42
train/std,24064,0.47519969940185547,42
train/std,24576,0.4733266830444336,42
train/std,25088,0.4711682200431824,42
train/std,25600,0.46899089217185974,42
train/std,26112,0.4681064784526825,42
train/std,26624,0.467086523771286,42
train/std,27136,0.46579509973526,42
train/std,27648,0.46399450302124023,42
train/std,28160,0.463573157787323,42
train/std,28672,0.4627928137779236,42
train/std,29184,0.46056249737739563,42
train/std,29696,0.4590190649032593,42
train/std,30208,0.45690226554870605,42
train/std,30720,0.45456790924072266,42
train/std,31232,0.4523763954639435,42
train/std,31744,0.4504578113555908,42
train/std,32256,0.44869405031204224,42
train/std,32768,0.44639289379119873,42
train/std,33280,0.443600594997406,42
train/std,33792,0.4426318407058716,42
train/std,34304,0.4413076639175415,42
train/std,34816,0.43960773944854736,42
train/std,35328,0.4384230971336365,42
train/std,35840,0.43611860275268555,42
train/std,36352,0.43477022647857666,42
train/value_loss,1024,1.1843063831329346,42
train/value_loss,1536,0.7806879878044128,42
train/value_loss,2048,0.6092993021011353,42
train/value_loss,2560,0.4230900704860687,42
train/value_loss,3072,0.2527763545513153,42
train/value_loss,3584,0.13688379526138306,42
train/value_loss,4096,0.07591154426336288,42
train/value_loss,4608,0.06288288533687592,42
train/value_loss,5120,0.06112281233072281,42
train/value_loss,5632,0.05492642894387245,42
train/value_loss,6144,0.04679597169160843,42
train/value_loss,6656,0.04696178063750267,42
train/value_loss,7168,0.04314972460269928,42
train/value_loss,7680,0.04493986442685127,42
train/value_loss,8192,0.041381217539310455,42
train/value_loss,8704,0.039483778178691864,42
train/value_loss,9216,0.03371012583374977,42
train/value_loss,9728,0.03873240575194359,42
train/value_loss,10240,0.03419288620352745,42
train/value_loss,10752,0.036764707416296005,42
train/value_loss,11264,0.03596511855721474,42
train/value_loss,11776,0.034187138080596924,42
train/value_loss,12288,0.03205788880586624,42
train/value_loss,12800,0.03589292988181114,42
train/value_loss,13312,0.030932022258639336,42
train/value_loss,13824,0.027157241478562355,42
train/value_loss,14336,0.028506234288215637,42
train/value_loss,14848,0.02610567957162857,42
train/value_loss,15360,0.028957989066839218,42
train/value_loss,15872,0.029504649341106415,42
train/value_loss,16384,0.02940063364803791,42
train/value_loss,16896,0.027528593316674232,42
train/value_loss,17408,0.021641436964273453,42
train/value_loss,17920,0.024434417486190796,42
train/value_loss,18432,0.02665264531970024,42
train/value_loss,18944,0.021839337423443794,42
train/value_loss,19456,0.0214738417416811,42
train/value_loss,19968,0.026646709069609642,42
train/value_loss,20480,0.023775415495038033,42
train/value_loss,20992,0.023857690393924713,42
train/value_loss,21504,0.01891859993338585,42
train/value_loss,22016,0.02145175077021122,42
train/value_loss,22528,0.01792430505156517,42
train/value_loss,23040,0.020243363454937935,42
train/value_loss,23552,0.01874767616391182,42
train/value_loss,24064,0.015702374279499054,42
train/value_loss,24576,0.019382866099476814,42
train/value_loss,25088,0.018197396770119667,42
train/value_loss,25600,0.018891185522079468,42
train/value_loss,26112,0.017581822350621223,42
train/value_loss,26624,0.015660768374800682,42
train/value_loss,27136,0.019076909869909286,42
train/value_loss,27648,0.013783527538180351,42
train/value_loss,28160,0.016788234934210777,42
train/value_loss,28672,0.016010219231247902,42
train/value_loss,29184,0.020973267033696175,42
train/value_loss,29696,0.016037089750170708,42
train/value_loss,30208,0.017116254195570946,42
train/value_loss,30720,0.01674170233309269,42
train/value_loss,31232,0.016759000718593597,42
train/value_loss,31744,0.015232780016958714,42
train/value_loss,32256,0.01737203076481819,42
train/value_loss,32768,0.013933197595179081,42
train/value_loss,33280,0.017839601263403893,42
train/value_loss,33792,0.017544807866215706,42
train/value_loss,34304,0.013376281596720219,42
train/value_loss,34816,0.013624696992337704,42
train/value_loss,35328,0.017896011471748352,42
train/value_loss,35840,0.014995495788753033,42
train/value_loss,36352,0.014511456713080406,42
rollout/ep_len_mean,512,1.0,43
rollout/ep_len_mean,1024,1.0,43
rollout/ep_len_mean,1536,1.0,43
rollout/ep_len_mean,2048,1.0,43
rollout/ep_len_mean,2560,1.0,43
rollout/ep_len_mean,3072,1.0,43
rollout/ep_len_mean,3584,1.0,43
rollout/ep_len_mean,4096,1.0,43
rollout/ep_len_mean,4608,1.0,43
rollout/ep_len_mean,5120,1.0,43
rollout/ep_len_mean,5632,1.0,43
rollout/ep_len_mean,6144,1.0,43
rollout/ep_len_mean,6656,1.0,43
rollout/ep_len_mean,7168,1.0,43
rollout/ep_len_mean,7680,1.0,43
rollout/ep_len_mean,8192,1.0,43
rollout/ep_len_mean,8704,1.0,43
rollout/ep_len_mean,9216,1.0,43
rollout/ep_len_mean,9728,1.0,43
rollout/ep_len_mean,10240,1.0,43
rollout/ep_len_mean,10752,1.0,43
rollout/ep_len_mean,11264,1.0,43
rollout/ep_len_mean,11776,1.0,43
rollout/ep_len_mean,12288,1.0,43
rollout/ep_len_mean,12800,1.0,43
rollout/ep_len_mean,13312,1.0,43
rollout/ep_len_mean,13824,1.0,43
rollout/ep_len_mean,14336,1.0,43
rollout/ep_len_mean,14848,1.0,43
rollout/ep_len_mean,15360,1.0,43
rollout/ep_len_mean,15872,1.0,43
rollout/ep_len_mean,16384,1.0,43
rollout/ep_len_mean,16896,1.0,43
rollout/ep_len_mean,17408,1.0,43
rollout/ep_len_mean,17920,1.0,43
rollout/ep_len_mean,18432,1.0,43
rollout/ep_len_mean,18944,1.0,43
rollout/ep_len_mean,19456,1.0,43
rollout/ep_len_mean,19968,1.0,43
rollout/ep_len_mean,20480,1.0,43
rollout/ep_len_mean,20992,1.0,43
rollout/ep_len_mean,21504,1.0,43
rollout/ep_len_mean,22016,1.0,43
rollout/ep_len_mean,22528,1.0,43
rollout/ep_len_mean,23040,1.0,43
rollout/ep_len_mean,23552,1.0,43
rollout/ep_len_mean,24064,1.0,43
rollout/ep_len_mean,24576,1.0,43
rollout/ep_len_mean,25088,1.0,43
rollout/ep_len_mean,25600,1.0,43
rollout/ep_len_mean,26112,1.0,43
rollout/ep_len_mean,26624,1.0,43
rollout/ep_len_mean,27136,1.0,43
rollout/ep_len_mean,27648,1.0,43
rollout/ep_len_mean,28160,1.0,43
rollout/ep_len_mean,28672,1.0,43
rollout/ep_len_mean,29184,1.0,43
rollout/ep_len_mean,29696,1.0,43
rollout/ep_len_mean,30208,1.0,43
rollout/ep_rew_mean,512,0.9835353493690491,43
rollout/ep_rew_mean,1024,0.9518125057220459,43
rollout/ep_rew_mean,1536,0.9612528681755066,43
rollout/ep_rew_mean,2048,0.9764910936355591,43
rollout/ep_rew_mean,2560,0.9884151816368103,43
rollout/ep_rew_mean,3072,1.0015450716018677,43
rollout/ep_rew_mean,3584,1.0310450792312622,43
rollout/ep_rew_mean,4096,1.0250113010406494,43
rollout/ep_rew_mean,4608,1.0898789167404175,43
rollout/ep_rew_mean,5120,1.098917007446289,43
rollout/ep_rew_mean,5632,1.0622531175613403,43
rollout/ep_rew_mean,6144,1.077106237411499,43
rollout/ep_rew_mean,6656,1.0903829336166382,43
rollout/ep_rew_mean,7168,1.0119292736053467,43
rollout/ep_rew_mean,7680,1.0536760091781616,43
rollout/ep_rew_mean,8192,1.0872560739517212,43
rollout/ep_rew_mean,8704,1.1170612573623657,43
rollout/ep_rew_mean,9216,1.0932674407958984,43
rollout/ep_rew_mean,9728,1.0582859516143799,43
rollout/ep_rew_mean,10240,1.0580519437789917,43
rollout/ep_rew_mean,10752,1.1017696857452393,43
rollout/ep_rew_mean,11264,1.1363012790679932,43
rollout/ep_rew_mean,11776,1.1093766689300537,43
rollout/ep_rew_mean,12288,1.1225898265838623,43
rollout/ep_rew_mean,12800,1.1199942827224731,43
rollout/ep_rew_mean,13312,1.1097923517227173,43
rollout/ep_rew_mean,13824,1.1144038438796997,43
rollout/ep_rew_mean,14336,1.1342262029647827,43
rollout/ep_rew_mean,14848,1.1230978965759277,43
rollout/ep_rew_mean,15360,1.1423580646514893,43
rollout/ep_rew_mean,15872,1.1157149076461792,43
rollout/ep_rew_mean,16384,1.1173986196517944,43
rollout/ep_rew_mean,16896,1.131683349609375,43
rollout/ep_rew_mean,17408,1.1195653676986694,43
rollout/ep_rew_mean,17920,1.1353967189788818,43
rollout/ep_rew_mean,18432,1.1387759447097778,43
rollout/ep_rew_mean,18944,1.1034799814224243,43
rollout/ep_rew_mean,19456,1.1011037826538086,43
rollout/ep_rew_mean,19968,1.1348142623901367,43
rollout/ep_rew_mean,20480,1.1116809844970703,43
rollout/ep_rew_mean,20992,1.1244369745254517,43
rollout/ep_rew_mean,21504,1.1619716882705688,43
rollout/ep_rew_mean,22016,1.1557272672653198,43
rollout/ep_rew_mean,22528,1.1501632928848267,43
rollout/ep_rew_mean,23040,1.1412614583969116,43
rollout/ep_rew_mean,23552,1.1827319860458374,43
rollout/ep_rew_mean,24064,1.13044011592865,43
rollout/ep_rew_mean,24576,1.1266231536865234,43
rollout/ep_rew_mean,25088,1.1344515085220337,43
rollout/ep_rew_mean,25600,1.1786370277404785,43
rollout/ep_rew_mean,26112,1.1663941144943237,43
rollout/ep_rew_mean,26624,1.1373580694198608,43
rollout/ep_rew_mean,27136,1.134945273399353,43
rollout/ep_rew_mean,27648,1.1551398038864136,43
rollout/ep_rew_mean,28160,1.1261136531829834,43
rollout/ep_rew_mean,28672,1.1650340557098389,43
rollout/ep_rew_mean,29184,1.1620217561721802,43
rollout/ep_rew_mean,29696,1.1455044746398926,43
rollout/ep_rew_mean,30208,1.1461890935897827,43
time/fps,512,7.0,43
time/fps,1024,7.0,43
time/fps,1536,6.0,43
time/fps,2048,6.0,43
time/fps,2560,6.0,43
time/fps,3072,6.0,43
time/fps,3584,6.0,43
time/fps,4096,6.0,43
time/fps,4608,6.0,43
time/fps,5120,6.0,43
time/fps,5632,6.0,43
time/fps,6144,6.0,43
time/fps,6656,6.0,43
time/fps,7168,6.0,43
time/fps,7680,6.0,43
time/fps,8192,6.0,43
time/fps,8704,6.0,43
time/fps,9216,6.0,43
time/fps,9728,6.0,43
time/fps,10240,6.0,43
time/fps,10752,6.0,43
time/fps,11264,6.0,43
time/fps,11776,6.0,43
time/fps,12288,6.0,43
time/fps,12800,7.0,43
time/fps,13312,7.0,43
time/fps,13824,7.0,43
time/fps,14336,7.0,43
time/fps,14848,7.0,43
time/fps,15360,7.0,43
time/fps,15872,7.0,43
time/fps,16384,7.0,43
time/fps,16896,7.0,43
time/fps,17408,7.0,43
time/fps,17920,8.0,43
time/fps,18432,8.0,43
time/fps,18944,8.0,43
time/fps,19456,8.0,43
time/fps,19968,8.0,43
time/fps,20480,8.0,43
time/fps,20992,8.0,43
time/fps,21504,8.0,43
time/fps,22016,8.0,43
time/fps,22528,8.0,43
time/fps,23040,8.0,43
time/fps,23552,8.0,43
time/fps,24064,9.0,43
time/fps,24576,9.0,43
time/fps,25088,9.0,43
time/fps,25600,9.0,43
time/fps,26112,9.0,43
time/fps,26624,9.0,43
time/fps,27136,9.0,43
time/fps,27648,9.0,43
time/fps,28160,9.0,43
time/fps,28672,9.0,43
time/fps,29184,9.0,43
time/fps,29696,9.0,43
time/fps,30208,9.0,43
train/approx_kl,1024,0.005810271017253399,43
train/approx_kl,1536,0.005377358291298151,43
train/approx_kl,2048,0.011440608650445938,43
train/approx_kl,2560,0.01349849533289671,43
train/approx_kl,3072,0.013998579233884811,43
train/approx_kl,3584,0.015683140605688095,43
train/approx_kl,4096,0.017224563285708427,43
train/approx_kl,4608,0.017766237258911133,43
train/approx_kl,5120,0.015554578974843025,43
train/approx_kl,5632,0.01620473526418209,43
train/approx_kl,6144,0.01661144196987152,43
train/approx_kl,6656,0.008812163025140762,43
train/approx_kl,7168,0.019942834973335266,43
train/approx_kl,7680,0.017742834985256195,43
train/approx_kl,8192,0.0157060194760561,43
train/approx_kl,8704,0.014407023787498474,43
train/approx_kl,9216,0.015933426097035408,43
train/approx_kl,9728,0.012068534269928932,43
train/approx_kl,10240,0.016328874975442886,43
train/approx_kl,10752,0.017074208706617355,43
train/approx_kl,11264,0.012127813883125782,43
train/approx_kl,11776,0.012112637050449848,43
train/approx_kl,12288,0.008516354486346245,43
train/approx_kl,12800,0.010617808438837528,43
train/approx_kl,13312,0.011534124612808228,43
train/approx_kl,13824,0.013065902516245842,43
train/approx_kl,14336,0.011846622452139854,43
train/approx_kl,14848,0.01303098164498806,43
train/approx_kl,15360,0.011770747601985931,43
train/approx_kl,15872,0.013114138506352901,43
train/approx_kl,16384,0.012429166585206985,43
train/approx_kl,16896,0.013294164091348648,43
train/approx_kl,17408,0.013118728995323181,43
train/approx_kl,17920,0.009735186584293842,43
train/approx_kl,18432,0.015582666732370853,43
train/approx_kl,18944,0.015047055669128895,43
train/approx_kl,19456,0.006666865665465593,43
train/approx_kl,19968,0.009318988770246506,43
train/approx_kl,20480,0.014422261156141758,43
train/approx_kl,20992,0.013171389698982239,43
train/approx_kl,21504,0.011317776516079903,43
train/approx_kl,22016,0.010399996303021908,43
train/approx_kl,22528,0.012242162600159645,43
train/approx_kl,23040,0.012339258566498756,43
train/approx_kl,23552,0.014166086912155151,43
train/approx_kl,24064,0.009985719807446003,43
train/approx_kl,24576,0.01140516810119152,43
train/approx_kl,25088,0.014298074878752232,43
train/approx_kl,25600,0.013688996434211731,43
train/approx_kl,26112,0.015599346719682217,43
train/approx_kl,26624,0.012341108173131943,43
train/approx_kl,27136,0.011993825435638428,43
train/approx_kl,27648,0.012285568751394749,43
train/approx_kl,28160,0.01246670912951231,43
train/approx_kl,28672,0.013471742160618305,43
train/approx_kl,29184,0.012751001864671707,43
train/approx_kl,29696,0.014688363298773766,43
train/approx_kl,30208,0.011546744033694267,43
train/clip_fraction,1024,0.02500000037252903,43
train/clip_fraction,1536,0.013867187313735485,43
train/clip_fraction,2048,0.04765624925494194,43
train/clip_fraction,2560,0.08085937798023224,43
train/clip_fraction,3072,0.07304687798023224,43
train/clip_fraction,3584,0.09980468451976776,43
train/clip_fraction,4096,0.1240234375,43
train/clip_fraction,4608,0.11191406100988388,43
train/clip_fraction,5120,0.11757812649011612,43
train/clip_fraction,5632,0.11835937201976776,43
train/clip_fraction,6144,0.11308594048023224,43
train/clip_fraction,6656,0.04335937649011612,43
train/clip_fraction,7168,0.13105468451976776,43
train/clip_fraction,7680,0.12187500298023224,43
train/clip_fraction,8192,0.12460937350988388,43
train/clip_fraction,8704,0.11699219048023224,43
train/clip_fraction,9216,0.10390625149011612,43
train/clip_fraction,9728,0.08574219048023224,43
train/clip_fraction,10240,0.1064453125,43
train/clip_fraction,10752,0.11054687201976776,43
train/clip_fraction,11264,0.09042968600988388,43
train/clip_fraction,11776,0.10527344048023224,43
train/clip_fraction,12288,0.06093750149011612,43
train/clip_fraction,12800,0.08417968451976776,43
train/clip_fraction,13312,0.083984375,43
train/clip_fraction,13824,0.10878906399011612,43
train/clip_fraction,14336,0.07207031548023224,43
train/clip_fraction,14848,0.08535156399011612,43
train/clip_fraction,15360,0.0869140625,43
train/clip_fraction,15872,0.08710937201976776,43
train/clip_fraction,16384,0.08574219048023224,43
train/clip_fraction,16896,0.09199218451976776,43
train/clip_fraction,17408,0.11406250298023224,43
train/clip_fraction,17920,0.0654296875,43
train/clip_fraction,18432,0.1103515625,43
train/clip_fraction,18944,0.11582031100988388,43
train/clip_fraction,19456,0.08457031100988388,43
train/clip_fraction,19968,0.08749999850988388,43
train/clip_fraction,20480,0.10390625149011612,43
train/clip_fraction,20992,0.10117187350988388,43
train/clip_fraction,21504,0.07167968899011612,43
train/clip_fraction,22016,0.08203125,43
train/clip_fraction,22528,0.11562500149011612,43
train/clip_fraction,23040,0.07851562649011612,43
train/clip_fraction,23552,0.11933593451976776,43
train/clip_fraction,24064,0.06386718899011612,43
train/clip_fraction,24576,0.078125,43
train/clip_fraction,25088,0.1240234375,43
train/clip_fraction,25600,0.11328125,43
train/clip_fraction,26112,0.1201171875,43
train/clip_fraction,26624,0.09042968600988388,43
train/clip_fraction,27136,0.10175780951976776,43
train/clip_fraction,27648,0.10371093451976776,43
train/clip_fraction,28160,0.09746094048023224,43
train/clip_fraction,28672,0.09785155951976776,43
train/clip_fraction,29184,0.09785155951976776,43
train/clip_fraction,29696,0.11484374850988388,43
train/clip_fraction,30208,0.11152343451976776,43
train/clip_range,1024,0.20000000298023224,43
train/clip_range,1536,0.20000000298023224,43
train/clip_range,2048,0.20000000298023224,43
train/clip_range,2560,0.20000000298023224,43
train/clip_range,3072,0.20000000298023224,43
train/clip_range,3584,0.20000000298023224,43
train/clip_range,4096,0.20000000298023224,43
train/clip_range,4608,0.20000000298023224,43
train/clip_range,5120,0.20000000298023224,43
train/clip_range,5632,0.20000000298023224,43
train/clip_range,6144,0.20000000298023224,43
train/clip_range,6656,0.20000000298023224,43
train/clip_range,7168,0.20000000298023224,43
train/clip_range,7680,0.20000000298023224,43
train/clip_range,8192,0.20000000298023224,43
train/clip_range,8704,0.20000000298023224,43
train/clip_range,9216,0.20000000298023224,43
train/clip_range,9728,0.20000000298023224,43
train/clip_range,10240,0.20000000298023224,43
train/clip_range,10752,0.20000000298023224,43
train/clip_range,11264,0.20000000298023224,43
train/clip_range,11776,0.20000000298023224,43
train/clip_range,12288,0.20000000298023224,43
train/clip_range,12800,0.20000000298023224,43
train/clip_range,13312,0.20000000298023224,43
train/clip_range,13824,0.20000000298023224,43
train/clip_range,14336,0.20000000298023224,43
train/clip_range,14848,0.20000000298023224,43
train/clip_range,15360,0.20000000298023224,43
train/clip_range,15872,0.20000000298023224,43
train/clip_range,16384,0.20000000298023224,43
train/clip_range,16896,0.20000000298023224,43
train/clip_range,17408,0.20000000298023224,43
train/clip_range,17920,0.20000000298023224,43
train/clip_range,18432,0.20000000298023224,43
train/clip_range,18944,0.20000000298023224,43
train/clip_range,19456,0.20000000298023224,43
train/clip_range,19968,0.20000000298023224,43
train/clip_range,20480,0.20000000298023224,43
train/clip_range,20992,0.20000000298023224,43
train/clip_range,21504,0.20000000298023224,43
train/clip_range,22016,0.20000000298023224,43
train/clip_range,22528,0.20000000298023224,43
train/clip_range,23040,0.20000000298023224,43
train/clip_range,23552,0.20000000298023224,43
train/clip_range,24064,0.20000000298023224,43
train/clip_range,24576,0.20000000298023224,43
train/clip_range,25088,0.20000000298023224,43
train/clip_range,25600,0.20000000298023224,43
train/clip_range,26112,0.20000000298023224,43
train/clip_range,26624,0.20000000298023224,43
train/clip_range,27136,0.20000000298023224,43
train/clip_range,27648,0.20000000298023224,43
train/clip_range,28160,0.20000000298023224,43
train/clip_range,28672,0.20000000298023224,43
train/clip_range,29184,0.20000000298023224,43
train/clip_range,29696,0.20000000298023224,43
train/clip_range,30208,0.20000000298023224,43
train/entropy_loss,1024,-3.6670644283294678,43
train/entropy_loss,1536,-3.6481873989105225,43
train/entropy_loss,2048,-3.6263933181762695,43
train/entropy_loss,2560,-3.594554901123047,43
train/entropy_loss,3072,-3.56022572517395,43
train/entropy_loss,3584,-3.5207581520080566,43
train/entropy_loss,4096,-3.4839327335357666,43
train/entropy_loss,4608,-3.4527041912078857,43
train/entropy_loss,5120,-3.4269728660583496,43
train/entropy_loss,5632,-3.4060885906219482,43
train/entropy_loss,6144,-3.3824477195739746,43
train/entropy_loss,6656,-3.3615219593048096,43
train/entropy_loss,7168,-3.3351006507873535,43
train/entropy_loss,7680,-3.3236124515533447,43
train/entropy_loss,8192,-3.309797525405884,43
train/entropy_loss,8704,-3.2909998893737793,43
train/entropy_loss,9216,-3.263404607772827,43
train/entropy_loss,9728,-3.2409987449645996,43
train/entropy_loss,10240,-3.2259881496429443,43
train/entropy_loss,10752,-3.2007439136505127,43
train/entropy_loss,11264,-3.1720268726348877,43
train/entropy_loss,11776,-3.143908977508545,43
train/entropy_loss,12288,-3.1150057315826416,43
train/entropy_loss,12800,-3.0997884273529053,43
train/entropy_loss,13312,-3.083345413208008,43
train/entropy_loss,13824,-3.0592105388641357,43
train/entropy_loss,14336,-3.0401647090911865,43
train/entropy_loss,14848,-3.0254106521606445,43
train/entropy_loss,15360,-3.010885000228882,43
train/entropy_loss,15872,-2.9929375648498535,43
train/entropy_loss,16384,-2.970226764678955,43
train/entropy_loss,16896,-2.953497886657715,43
train/entropy_loss,17408,-2.939547300338745,43
train/entropy_loss,17920,-2.918605089187622,43
train/entropy_loss,18432,-2.895534038543701,43
train/entropy_loss,18944,-2.8747775554656982,43
train/entropy_loss,19456,-2.8552188873291016,43
train/entropy_loss,19968,-2.8383822441101074,43
train/entropy_loss,20480,-2.817258596420288,43
train/entropy_loss,20992,-2.8068273067474365,43
train/entropy_loss,21504,-2.7967472076416016,43
train/entropy_loss,22016,-2.7779762744903564,43
train/entropy_loss,22528,-2.758648633956909,43
train/entropy_loss,23040,-2.7426350116729736,43
train/entropy_loss,23552,-2.7203218936920166,43
train/entropy_loss,24064,-2.7020814418792725,43
train/entropy_loss,24576,-2.693657636642456,43
train/entropy_loss,25088,-2.686760187149048,43
train/entropy_loss,25600,-2.680985927581787,43
train/entropy_loss,26112,-2.6718626022338867,43
train/entropy_loss,26624,-2.6660757064819336,43
train/entropy_loss,27136,-2.6474051475524902,43
train/entropy_loss,27648,-2.632087230682373,43
train/entropy_loss,28160,-2.6303231716156006,43
train/entropy_loss,28672,-2.623845100402832,43
train/entropy_loss,29184,-2.6110031604766846,43
train/entropy_loss,29696,-2.593961000442505,43
train/entropy_loss,30208,-2.576835870742798,43
train/explained_variance,1024,-5.995030403137207,43
train/explained_variance,1536,-1.6468005180358887,43
train/explained_variance,2048,-0.181235671043396,43
train/explained_variance,2560,0.19559776782989502,43
train/explained_variance,3072,0.16687875986099243,43
train/explained_variance,3584,0.06960040330886841,43
train/explained_variance,4096,0.09972178936004639,43
train/explained_variance,4608,0.102955162525177,43
train/explained_variance,5120,-0.013208508491516113,43
train/explained_variance,5632,0.10640919208526611,43
train/explained_variance,6144,0.08667969703674316,43
train/explained_variance,6656,0.2830808162689209,43
train/explained_variance,7168,0.04925507307052612,43
train/explained_variance,7680,0.20502251386642456,43
train/explained_variance,8192,0.33631962537765503,43
train/explained_variance,8704,0.11998856067657471,43
train/explained_variance,9216,0.28443771600723267,43
train/explained_variance,9728,0.28302913904190063,43
train/explained_variance,10240,0.2255927324295044,43
train/explained_variance,10752,0.31970328092575073,43
train/explained_variance,11264,0.26574963331222534,43
train/explained_variance,11776,0.3329596519470215,43
train/explained_variance,12288,0.2718861699104309,43
train/explained_variance,12800,0.25843220949172974,43
train/explained_variance,13312,0.21252834796905518,43
train/explained_variance,13824,0.36764854192733765,43
train/explained_variance,14336,0.32949793338775635,43
train/explained_variance,14848,0.3082911968231201,43
train/explained_variance,15360,0.30974578857421875,43
train/explained_variance,15872,0.273404061794281,43
train/explained_variance,16384,0.2223798632621765,43
train/explained_variance,16896,0.27606284618377686,43
train/explained_variance,17408,0.26600098609924316,43
train/explained_variance,17920,0.3526841998100281,43
train/explained_variance,18432,0.2882915735244751,43
train/explained_variance,18944,0.3518785834312439,43
train/explained_variance,19456,0.3780723810195923,43
train/explained_variance,19968,0.31849205493927,43
train/explained_variance,20480,0.23554295301437378,43
train/explained_variance,20992,0.2680444121360779,43
train/explained_variance,21504,0.35589349269866943,43
train/explained_variance,22016,0.3627733588218689,43
train/explained_variance,22528,0.3857726454734802,43
train/explained_variance,23040,0.3337830901145935,43
train/explained_variance,23552,0.3890568017959595,43
train/explained_variance,24064,0.46476632356643677,43
train/explained_variance,24576,0.2930562496185303,43
train/explained_variance,25088,0.39185672998428345,43
train/explained_variance,25600,0.3130427598953247,43
train/explained_variance,26112,0.2504464387893677,43
train/explained_variance,26624,0.38319891691207886,43
train/explained_variance,27136,0.47998112440109253,43
train/explained_variance,27648,0.4798211455345154,43
train/explained_variance,28160,0.3157922029495239,43
train/explained_variance,28672,0.4153168201446533,43
train/explained_variance,29184,0.33470994234085083,43
train/explained_variance,29696,0.41900449991226196,43
train/explained_variance,30208,0.41636204719543457,43
train/learning_rate,1024,0.0003000000142492354,43
train/learning_rate,1536,0.0003000000142492354,43
train/learning_rate,2048,0.0003000000142492354,43
train/learning_rate,2560,0.0003000000142492354,43
train/learning_rate,3072,0.0003000000142492354,43
train/learning_rate,3584,0.0003000000142492354,43
train/learning_rate,4096,0.0003000000142492354,43
train/learning_rate,4608,0.0003000000142492354,43
train/learning_rate,5120,0.0003000000142492354,43
train/learning_rate,5632,0.0003000000142492354,43
train/learning_rate,6144,0.0003000000142492354,43
train/learning_rate,6656,0.0003000000142492354,43
train/learning_rate,7168,0.0003000000142492354,43
train/learning_rate,7680,0.0003000000142492354,43
train/learning_rate,8192,0.0003000000142492354,43
train/learning_rate,8704,0.0003000000142492354,43
train/learning_rate,9216,0.0003000000142492354,43
train/learning_rate,9728,0.0003000000142492354,43
train/learning_rate,10240,0.0003000000142492354,43
train/learning_rate,10752,0.0003000000142492354,43
train/learning_rate,11264,0.0003000000142492354,43
train/learning_rate,11776,0.0003000000142492354,43
train/learning_rate,12288,0.0003000000142492354,43
train/learning_rate,12800,0.0003000000142492354,43
train/learning_rate,13312,0.0003000000142492354,43
train/learning_rate,13824,0.0003000000142492354,43
train/learning_rate,14336,0.0003000000142492354,43
train/learning_rate,14848,0.0003000000142492354,43
train/learning_rate,15360,0.0003000000142492354,43
train/learning_rate,15872,0.0003000000142492354,43
train/learning_rate,16384,0.0003000000142492354,43
train/learning_rate,16896,0.0003000000142492354,43
train/learning_rate,17408,0.0003000000142492354,43
train/learning_rate,17920,0.0003000000142492354,43
train/learning_rate,18432,0.0003000000142492354,43
train/learning_rate,18944,0.0003000000142492354,43
train/learning_rate,19456,0.0003000000142492354,43
train/learning_rate,19968,0.0003000000142492354,43
train/learning_rate,20480,0.0003000000142492354,43
train/learning_rate,20992,0.0003000000142492354,43
train/learning_rate,21504,0.0003000000142492354,43
train/learning_rate,22016,0.0003000000142492354,43
train/learning_rate,22528,0.0003000000142492354,43
train/learning_rate,23040,0.0003000000142492354,43
train/learning_rate,23552,0.0003000000142492354,43
train/learning_rate,24064,0.0003000000142492354,43
train/learning_rate,24576,0.0003000000142492354,43
train/learning_rate,25088,0.0003000000142492354,43
train/learning_rate,25600,0.0003000000142492354,43
train/learning_rate,26112,0.0003000000142492354,43
train/learning_rate,26624,0.0003000000142492354,43
train/learning_rate,27136,0.0003000000142492354,43
train/learning_rate,27648,0.0003000000142492354,43
train/learning_rate,28160,0.0003000000142492354,43
train/learning_rate,28672,0.0003000000142492354,43
train/learning_rate,29184,0.0003000000142492354,43
train/learning_rate,29696,0.0003000000142492354,43
train/learning_rate,30208,0.0003000000142492354,43
train/loss,1024,0.4529578685760498,43
train/loss,1536,0.3198000192642212,43
train/loss,2048,0.22324763238430023,43
train/loss,2560,0.09129749238491058,43
train/loss,3072,0.02919798344373703,43
train/loss,3584,-0.0257062129676342,43
train/loss,4096,0.007892061024904251,43
train/loss,4608,-0.014083636924624443,43
train/loss,5120,-0.041990697383880615,43
train/loss,5632,-0.03211469203233719,43
train/loss,6144,-0.015646548941731453,43
train/loss,6656,-0.017717372626066208,43
train/loss,7168,-0.00978674367070198,43
train/loss,7680,-0.014435049146413803,43
train/loss,8192,-0.037389494478702545,43
train/loss,8704,-0.0146862231194973,43
train/loss,9216,-0.0317070335149765,43
train/loss,9728,-0.010896379128098488,43
train/loss,10240,-0.02530156821012497,43
train/loss,10752,-0.01443524844944477,43
train/loss,11264,0.004166655242443085,43
train/loss,11776,-0.02653924934566021,43
train/loss,12288,-0.014864850789308548,43
train/loss,12800,-0.024906016886234283,43
train/loss,13312,-0.020161118358373642,43
train/loss,13824,-0.02368137240409851,43
train/loss,14336,-0.02490982413291931,43
train/loss,14848,-0.01455016154795885,43
train/loss,15360,-0.018518170341849327,43
train/loss,15872,-0.03136972710490227,43
train/loss,16384,-0.024147052317857742,43
train/loss,16896,-0.004188688471913338,43
train/loss,17408,-0.01842368021607399,43
train/loss,17920,-0.01765298843383789,43
train/loss,18432,-0.019499531015753746,43
train/loss,18944,-0.029115261510014534,43
train/loss,19456,-0.00035230163484811783,43
train/loss,19968,-0.014594046398997307,43
train/loss,20480,-0.005490327253937721,43
train/loss,20992,-0.030716001987457275,43
train/loss,21504,-0.03170407563447952,43
train/loss,22016,-0.02130204625427723,43
train/loss,22528,-0.021260516718029976,43
train/loss,23040,-0.017453977838158607,43
train/loss,23552,-0.03682747855782509,43
train/loss,24064,-0.025505252182483673,43
train/loss,24576,-0.007876219227910042,43
train/loss,25088,-0.03382992744445801,43
train/loss,25600,-0.030776815488934517,43
train/loss,26112,-0.012692020274698734,43
train/loss,26624,-0.017346590757369995,43
train/loss,27136,-0.02479279600083828,43
train/loss,27648,-0.024783486500382423,43
train/loss,28160,-0.020642591640353203,43
train/loss,28672,-0.01720561273396015,43
train/loss,29184,-0.02070797234773636,43
train/loss,29696,-0.022861652076244354,43
train/loss,30208,-0.013032939285039902,43
train/policy_gradient_loss,1024,-0.014358808286488056,43
train/policy_gradient_loss,1536,-0.011005560867488384,43
train/policy_gradient_loss,2048,-0.024504369124770164,43
train/policy_gradient_loss,2560,-0.026245728135108948,43
train/policy_gradient_loss,3072,-0.025229010730981827,43
train/policy_gradient_loss,3584,-0.03245266154408455,43
train/policy_gradient_loss,4096,-0.02841864712536335,43
train/policy_gradient_loss,4608,-0.025259898975491524,43
train/policy_gradient_loss,5120,-0.02959304489195347,43
train/policy_gradient_loss,5632,-0.025132203474640846,43
train/policy_gradient_loss,6144,-0.025121666491031647,43
train/policy_gradient_loss,6656,-0.015261935070157051,43
train/policy_gradient_loss,7168,-0.023832960054278374,43
train/policy_gradient_loss,7680,-0.021086184307932854,43
train/policy_gradient_loss,8192,-0.024219224229454994,43
train/policy_gradient_loss,8704,-0.02417251281440258,43
train/policy_gradient_loss,9216,-0.0215766504406929,43
train/policy_gradient_loss,9728,-0.0172207523137331,43
train/policy_gradient_loss,10240,-0.023556366562843323,43
train/policy_gradient_loss,10752,-0.0237899050116539,43
train/policy_gradient_loss,11264,-0.021578652784228325,43
train/policy_gradient_loss,11776,-0.020218683406710625,43
train/policy_gradient_loss,12288,-0.015164347365498543,43
train/policy_gradient_loss,12800,-0.018674684688448906,43
train/policy_gradient_loss,13312,-0.018269309774041176,43
train/policy_gradient_loss,13824,-0.02319079078733921,43
train/policy_gradient_loss,14336,-0.018605681136250496,43
train/policy_gradient_loss,14848,-0.020979566499590874,43
train/policy_gradient_loss,15360,-0.01686748117208481,43
train/policy_gradient_loss,15872,-0.020190449431538582,43
train/policy_gradient_loss,16384,-0.0179528146982193,43
train/policy_gradient_loss,16896,-0.018120311200618744,43
train/policy_gradient_loss,17408,-0.01776423305273056,43
train/policy_gradient_loss,17920,-0.01667022705078125,43
train/policy_gradient_loss,18432,-0.018014177680015564,43
train/policy_gradient_loss,18944,-0.02460489235818386,43
train/policy_gradient_loss,19456,-0.014933324418962002,43
train/policy_gradient_loss,19968,-0.018650846555829048,43
train/policy_gradient_loss,20480,-0.021856436505913734,43
train/policy_gradient_loss,20992,-0.01624394580721855,43
train/policy_gradient_loss,21504,-0.01702980324625969,43
train/policy_gradient_loss,22016,-0.016816051676869392,43
train/policy_gradient_loss,22528,-0.01892714388668537,43
train/policy_gradient_loss,23040,-0.016086801886558533,43
train/policy_gradient_loss,23552,-0.021084394305944443,43
train/policy_gradient_loss,24064,-0.015053394250571728,43
train/policy_gradient_loss,24576,-0.013771175406873226,43
train/policy_gradient_loss,25088,-0.020993145182728767,43
train/policy_gradient_loss,25600,-0.021886620670557022,43
train/policy_gradient_loss,26112,-0.01911288872361183,43
train/policy_gradient_loss,26624,-0.01790858991444111,43
train/policy_gradient_loss,27136,-0.019365010783076286,43
train/policy_gradient_loss,27648,-0.018062133342027664,43
train/policy_gradient_loss,28160,-0.01882757991552353,43
train/policy_gradient_loss,28672,-0.017897453159093857,43
train/policy_gradient_loss,29184,-0.01959366351366043,43
train/policy_gradient_loss,29696,-0.02161874994635582,43
train/policy_gradient_loss,30208,-0.019226208329200745,43
train/std,1024,0.6036282777786255,43
train/std,1536,0.6012681722640991,43
train/std,2048,0.5967046022415161,43
train/std,2560,0.5919762849807739,43
train/std,3072,0.5863067507743835,43
train/std,3584,0.5806903839111328,43
train/std,4096,0.5758424401283264,43
train/std,4608,0.571531355381012,43
train/std,5120,0.568992018699646,43
train/std,5632,0.5651086568832397,43
train/std,6144,0.5629996061325073,43
train/std,6656,0.5587877631187439,43
train/std,7168,0.5567632913589478,43
train/std,7680,0.5552233457565308,43
train/std,8192,0.5531598329544067,43
train/std,8704,0.5499860644340515,43
train/std,9216,0.5463614463806152,43
train/std,9728,0.5445526242256165,43
train/std,10240,0.5418850779533386,43
train/std,10752,0.5381008386611938,43
train/std,11264,0.5345555543899536,43
train/std,11776,0.5301001667976379,43
train/std,12288,0.5275757312774658,43
train/std,12800,0.5261086821556091,43
train/std,13312,0.5231189727783203,43
train/std,13824,0.5204941630363464,43
train/std,14336,0.5184533596038818,43
train/std,14848,0.5165676474571228,43
train/std,15360,0.5149188041687012,43
train/std,15872,0.5120380520820618,43
train/std,16384,0.5095764994621277,43
train/std,16896,0.5080114603042603,43
train/std,17408,0.5061607360839844,43
train/std,17920,0.5029258728027344,43
train/std,18432,0.5006074905395508,43
train/std,18944,0.4978294372558594,43
train/std,19456,0.4959844648838043,43
train/std,19968,0.49337631464004517,43
train/std,20480,0.49136826395988464,43
train/std,20992,0.4905930161476135,43
train/std,21504,0.4890063405036926,43
train/std,22016,0.48621290922164917,43
train/std,22528,0.48456335067749023,43
train/std,23040,0.48225677013397217,43
train/std,23552,0.4795984625816345,43
train/std,24064,0.47844356298446655,43
train/std,24576,0.477417916059494,43
train/std,25088,0.47721368074417114,43
train/std,25600,0.4759811758995056,43
train/std,26112,0.475841224193573,43
train/std,26624,0.4743366837501526,43
train/std,27136,0.4719545245170593,43
train/std,27648,0.4713976979255676,43
train/std,28160,0.471162885427475,43
train/std,28672,0.47001802921295166,43
train/std,29184,0.4680677652359009,43
train/std,29696,0.4660910367965698,43
train/std,30208,0.464699923992157,43
train/value_loss,1024,1.1739170551300049,43
train/value_loss,1536,0.8360755443572998,43
train/value_loss,2048,0.5763171315193176,43
train/value_loss,2560,0.39035314321517944,43
train/value_loss,3072,0.22939811646938324,43
train/value_loss,3584,0.11773014068603516,43
train/value_loss,4096,0.0686139166355133,43
train/value_loss,4608,0.052084796130657196,43
train/value_loss,5120,0.0418471097946167,43
train/value_loss,5632,0.052484430372714996,43
train/value_loss,6144,0.042552731931209564,43
train/value_loss,6656,0.033754948526620865,43
train/value_loss,7168,0.03966641426086426,43
train/value_loss,7680,0.04384370520710945,43
train/value_loss,8192,0.03502355143427849,43
train/value_loss,8704,0.04542281851172447,43
train/value_loss,9216,0.033039238303899765,43
train/value_loss,9728,0.036023106426000595,43
train/value_loss,10240,0.03258390724658966,43
train/value_loss,10752,0.035785943269729614,43
train/value_loss,11264,0.03342125192284584,43
train/value_loss,11776,0.032106295228004456,43
train/value_loss,12288,0.02851186692714691,43
train/value_loss,12800,0.026753900572657585,43
train/value_loss,13312,0.0332537516951561,43
train/value_loss,13824,0.027409492060542107,43
train/value_loss,14336,0.029087327420711517,43
train/value_loss,14848,0.02624254673719406,43
train/value_loss,15360,0.02713821455836296,43
train/value_loss,15872,0.02649141475558281,43
train/value_loss,16384,0.028160056099295616,43
train/value_loss,16896,0.029457025229930878,43
train/value_loss,17408,0.02661466971039772,43
train/value_loss,17920,0.02700519748032093,43
train/value_loss,18432,0.025863055139780045,43
train/value_loss,18944,0.02219117432832718,43
train/value_loss,19456,0.022709649056196213,43
train/value_loss,19968,0.02080538496375084,43
train/value_loss,20480,0.022809097543358803,43
train/value_loss,20992,0.02228926680982113,43
train/value_loss,21504,0.02067330852150917,43
train/value_loss,22016,0.020893804728984833,43
train/value_loss,22528,0.016119055449962616,43
train/value_loss,23040,0.018076015636324883,43
train/value_loss,23552,0.01877555064857006,43
train/value_loss,24064,0.01678934507071972,43
train/value_loss,24576,0.020623398944735527,43
train/value_loss,25088,0.017782844603061676,43
train/value_loss,25600,0.018530990928411484,43
train/value_loss,26112,0.02029561810195446,43
train/value_loss,26624,0.015875903889536858,43
train/value_loss,27136,0.01798035390675068,43
train/value_loss,27648,0.013262730091810226,43
train/value_loss,28160,0.01628173515200615,43
train/value_loss,28672,0.0164561215788126,43
train/value_loss,29184,0.017274098470807076,43
train/value_loss,29696,0.01488075777888298,43
train/value_loss,30208,0.019068071618676186,43
rollout/ep_len_mean,512,1.0,44
rollout/ep_len_mean,1024,1.0,44
rollout/ep_len_mean,1536,1.0,44
rollout/ep_len_mean,2048,1.0,44
rollout/ep_len_mean,2560,1.0,44
rollout/ep_len_mean,3072,1.0,44
rollout/ep_len_mean,3584,1.0,44
rollout/ep_len_mean,4096,1.0,44
rollout/ep_len_mean,4608,1.0,44
rollout/ep_len_mean,5120,1.0,44
rollout/ep_len_mean,5632,1.0,44
rollout/ep_len_mean,6144,1.0,44
rollout/ep_len_mean,6656,1.0,44
rollout/ep_len_mean,7168,1.0,44
rollout/ep_len_mean,7680,1.0,44
rollout/ep_len_mean,8192,1.0,44
rollout/ep_len_mean,8704,1.0,44
rollout/ep_len_mean,9216,1.0,44
rollout/ep_len_mean,9728,1.0,44
rollout/ep_len_mean,10240,1.0,44
rollout/ep_len_mean,10752,1.0,44
rollout/ep_len_mean,11264,1.0,44
rollout/ep_len_mean,11776,1.0,44
rollout/ep_len_mean,12288,1.0,44
rollout/ep_len_mean,12800,1.0,44
rollout/ep_len_mean,13312,1.0,44
rollout/ep_len_mean,13824,1.0,44
rollout/ep_len_mean,14336,1.0,44
rollout/ep_len_mean,14848,1.0,44
rollout/ep_len_mean,15360,1.0,44
rollout/ep_len_mean,15872,1.0,44
rollout/ep_len_mean,16384,1.0,44
rollout/ep_len_mean,16896,1.0,44
rollout/ep_len_mean,17408,1.0,44
rollout/ep_len_mean,17920,1.0,44
rollout/ep_len_mean,18432,1.0,44
rollout/ep_len_mean,18944,1.0,44
rollout/ep_len_mean,19456,1.0,44
rollout/ep_len_mean,19968,1.0,44
rollout/ep_len_mean,20480,1.0,44
rollout/ep_len_mean,20992,1.0,44
rollout/ep_len_mean,21504,1.0,44
rollout/ep_len_mean,22016,1.0,44
rollout/ep_len_mean,22528,1.0,44
rollout/ep_len_mean,23040,1.0,44
rollout/ep_len_mean,23552,1.0,44
rollout/ep_len_mean,24064,1.0,44
rollout/ep_len_mean,24576,1.0,44
rollout/ep_len_mean,25088,1.0,44
rollout/ep_len_mean,25600,1.0,44
rollout/ep_len_mean,26112,1.0,44
rollout/ep_len_mean,26624,1.0,44
rollout/ep_len_mean,27136,1.0,44
rollout/ep_len_mean,27648,1.0,44
rollout/ep_len_mean,28160,1.0,44
rollout/ep_len_mean,28672,1.0,44
rollout/ep_len_mean,29184,1.0,44
rollout/ep_len_mean,29696,1.0,44
rollout/ep_len_mean,30208,1.0,44
rollout/ep_len_mean,30720,1.0,44
rollout/ep_len_mean,31232,1.0,44
rollout/ep_len_mean,31744,1.0,44
rollout/ep_len_mean,32256,1.0,44
rollout/ep_rew_mean,512,0.9712912440299988,44
rollout/ep_rew_mean,1024,0.9447866678237915,44
rollout/ep_rew_mean,1536,0.9723264575004578,44
rollout/ep_rew_mean,2048,0.9678893089294434,44
rollout/ep_rew_mean,2560,0.9627879858016968,44
rollout/ep_rew_mean,3072,1.0206475257873535,44
rollout/ep_rew_mean,3584,1.0372675657272339,44
rollout/ep_rew_mean,4096,1.0455811023712158,44
rollout/ep_rew_mean,4608,1.0995454788208008,44
rollout/ep_rew_mean,5120,1.0703778266906738,44
rollout/ep_rew_mean,5632,1.044192910194397,44
rollout/ep_rew_mean,6144,1.08938467502594,44
rollout/ep_rew_mean,6656,1.093100666999817,44
rollout/ep_rew_mean,7168,1.0579800605773926,44
rollout/ep_rew_mean,7680,1.0874645709991455,44
rollout/ep_rew_mean,8192,1.0905215740203857,44
rollout/ep_rew_mean,8704,1.1180943250656128,44
rollout/ep_rew_mean,9216,1.1053715944290161,44
rollout/ep_rew_mean,9728,1.0706729888916016,44
rollout/ep_rew_mean,10240,1.0682719945907593,44
rollout/ep_rew_mean,10752,1.0885231494903564,44
rollout/ep_rew_mean,11264,1.1399136781692505,44
rollout/ep_rew_mean,11776,1.1034307479858398,44
rollout/ep_rew_mean,12288,1.1256344318389893,44
rollout/ep_rew_mean,12800,1.109290599822998,44
rollout/ep_rew_mean,13312,1.0940052270889282,44
rollout/ep_rew_mean,13824,1.1153846979141235,44
rollout/ep_rew_mean,14336,1.1456093788146973,44
rollout/ep_rew_mean,14848,1.1177773475646973,44
rollout/ep_rew_mean,15360,1.1276283264160156,44
rollout/ep_rew_mean,15872,1.115882396697998,44
rollout/ep_rew_mean,16384,1.124910831451416,44
rollout/ep_rew_mean,16896,1.1439130306243896,44
rollout/ep_rew_mean,17408,1.1136788129806519,44
rollout/ep_rew_mean,17920,1.1364879608154297,44
rollout/ep_rew_mean,18432,1.1120892763137817,44
rollout/ep_rew_mean,18944,1.0824921131134033,44
rollout/ep_rew_mean,19456,1.136307716369629,44
rollout/ep_rew_mean,19968,1.13184654712677,44
rollout/ep_rew_mean,20480,1.1280851364135742,44
rollout/ep_rew_mean,20992,1.1206320524215698,44
rollout/ep_rew_mean,21504,1.1723488569259644,44
rollout/ep_rew_mean,22016,1.1540288925170898,44
rollout/ep_rew_mean,22528,1.1442861557006836,44
rollout/ep_rew_mean,23040,1.1460654735565186,44
rollout/ep_rew_mean,23552,1.1727689504623413,44
rollout/ep_rew_mean,24064,1.1289231777191162,44
rollout/ep_rew_mean,24576,1.1046016216278076,44
rollout/ep_rew_mean,25088,1.1187858581542969,44
rollout/ep_rew_mean,25600,1.1663668155670166,44
rollout/ep_rew_mean,26112,1.1624897718429565,44
rollout/ep_rew_mean,26624,1.1232296228408813,44
rollout/ep_rew_mean,27136,1.1425565481185913,44
rollout/ep_rew_mean,27648,1.1490509510040283,44
rollout/ep_rew_mean,28160,1.1236740350723267,44
rollout/ep_rew_mean,28672,1.1499589681625366,44
rollout/ep_rew_mean,29184,1.165734052658081,44
rollout/ep_rew_mean,29696,1.1412643194198608,44
rollout/ep_rew_mean,30208,1.1350088119506836,44
rollout/ep_rew_mean,30720,1.1743559837341309,44
rollout/ep_rew_mean,31232,1.1570278406143188,44
rollout/ep_rew_mean,31744,1.140278697013855,44
rollout/ep_rew_mean,32256,1.1283284425735474,44
time/fps,512,7.0,44
time/fps,1024,7.0,44
time/fps,1536,7.0,44
time/fps,2048,7.0,44
time/fps,2560,7.0,44
time/fps,3072,7.0,44
time/fps,3584,7.0,44
time/fps,4096,7.0,44
time/fps,4608,8.0,44
time/fps,5120,8.0,44
time/fps,5632,8.0,44
time/fps,6144,8.0,44
time/fps,6656,8.0,44
time/fps,7168,8.0,44
time/fps,7680,8.0,44
time/fps,8192,8.0,44
time/fps,8704,8.0,44
time/fps,9216,8.0,44
time/fps,9728,8.0,44
time/fps,10240,8.0,44
time/fps,10752,8.0,44
time/fps,11264,8.0,44
time/fps,11776,8.0,44
time/fps,12288,8.0,44
time/fps,12800,9.0,44
time/fps,13312,9.0,44
time/fps,13824,9.0,44
time/fps,14336,9.0,44
time/fps,14848,9.0,44
time/fps,15360,9.0,44
time/fps,15872,9.0,44
time/fps,16384,9.0,44
time/fps,16896,9.0,44
time/fps,17408,9.0,44
time/fps,17920,9.0,44
time/fps,18432,9.0,44
time/fps,18944,9.0,44
time/fps,19456,9.0,44
time/fps,19968,9.0,44
time/fps,20480,10.0,44
time/fps,20992,10.0,44
time/fps,21504,10.0,44
time/fps,22016,10.0,44
time/fps,22528,10.0,44
time/fps,23040,10.0,44
time/fps,23552,10.0,44
time/fps,24064,10.0,44
time/fps,24576,10.0,44
time/fps,25088,10.0,44
time/fps,25600,10.0,44
time/fps,26112,10.0,44
time/fps,26624,10.0,44
time/fps,27136,10.0,44
time/fps,27648,10.0,44
time/fps,28160,10.0,44
time/fps,28672,10.0,44
time/fps,29184,10.0,44
time/fps,29696,11.0,44
time/fps,30208,11.0,44
time/fps,30720,11.0,44
time/fps,31232,11.0,44
time/fps,31744,11.0,44
time/fps,32256,11.0,44
train/approx_kl,1024,0.007541534956544638,44
train/approx_kl,1536,0.00552219757810235,44
train/approx_kl,2048,0.013973284512758255,44
train/approx_kl,2560,0.017180103808641434,44
train/approx_kl,3072,0.013908863067626953,44
train/approx_kl,3584,0.023070162162184715,44
train/approx_kl,4096,0.015503481961786747,44
train/approx_kl,4608,0.026426441967487335,44
train/approx_kl,5120,0.019756965339183807,44
train/approx_kl,5632,0.0145844966173172,44
train/approx_kl,6144,0.017458146438002586,44
train/approx_kl,6656,0.020138390362262726,44
train/approx_kl,7168,0.012146064080297947,44
train/approx_kl,7680,0.008997682482004166,44
train/approx_kl,8192,0.0151694156229496,44
train/approx_kl,8704,0.013585828244686127,44
train/approx_kl,9216,0.014157712459564209,44
train/approx_kl,9728,0.012238480150699615,44
train/approx_kl,10240,0.016520749777555466,44
train/approx_kl,10752,0.013340380042791367,44
train/approx_kl,11264,0.008345184847712517,44
train/approx_kl,11776,0.012806565500795841,44
train/approx_kl,12288,0.013468710705637932,44
train/approx_kl,12800,0.016002599149942398,44
train/approx_kl,13312,0.014651107601821423,44
train/approx_kl,13824,0.013771814294159412,44
train/approx_kl,14336,0.013771849684417248,44
train/approx_kl,14848,0.017027022317051888,44
train/approx_kl,15360,0.008914764970541,44
train/approx_kl,15872,0.011628581210970879,44
train/approx_kl,16384,0.013874371536076069,44
train/approx_kl,16896,0.014940252527594566,44
train/approx_kl,17408,0.012264258228242397,44
train/approx_kl,17920,0.011953964829444885,44
train/approx_kl,18432,0.016917705535888672,44
train/approx_kl,18944,0.010489409789443016,44
train/approx_kl,19456,0.01163547020405531,44
train/approx_kl,19968,0.010127435438334942,44
train/approx_kl,20480,0.015178900212049484,44
train/approx_kl,20992,0.012798522599041462,44
train/approx_kl,21504,0.01597600057721138,44
train/approx_kl,22016,0.011060263030230999,44
train/approx_kl,22528,0.010482478886842728,44
train/approx_kl,23040,0.014543112367391586,44
train/approx_kl,23552,0.010790716856718063,44
train/approx_kl,24064,0.01273756567388773,44
train/approx_kl,24576,0.01597624272108078,44
train/approx_kl,25088,0.011789850890636444,44
train/approx_kl,25600,0.01006514672189951,44
train/approx_kl,26112,0.010181261226534843,44
train/approx_kl,26624,0.016101596876978874,44
train/approx_kl,27136,0.011487686075270176,44
train/approx_kl,27648,0.011317027732729912,44
train/approx_kl,28160,0.011464662849903107,44
train/approx_kl,28672,0.014044960960745811,44
train/approx_kl,29184,0.01363681722432375,44
train/approx_kl,29696,0.01351238414645195,44
train/approx_kl,30208,0.01249656267464161,44
train/approx_kl,30720,0.014398961327970028,44
train/approx_kl,31232,0.012469865381717682,44
train/approx_kl,31744,0.016928840428590775,44
train/approx_kl,32256,0.01034490391612053,44
train/clip_fraction,1024,0.03164062649011612,44
train/clip_fraction,1536,0.015625,44
train/clip_fraction,2048,0.07246093451976776,44
train/clip_fraction,2560,0.1015625,44
train/clip_fraction,3072,0.07851562649011612,44
train/clip_fraction,3584,0.13691405951976776,44
train/clip_fraction,4096,0.11835937201976776,44
train/clip_fraction,4608,0.13535156846046448,44
train/clip_fraction,5120,0.13945312798023224,44
train/clip_fraction,5632,0.10019531100988388,44
train/clip_fraction,6144,0.11933593451976776,44
train/clip_fraction,6656,0.14121094346046448,44
train/clip_fraction,7168,0.08222655951976776,44
train/clip_fraction,7680,0.072265625,44
train/clip_fraction,8192,0.10429687798023224,44
train/clip_fraction,8704,0.1123046875,44
train/clip_fraction,9216,0.095703125,44
train/clip_fraction,9728,0.08730468899011612,44
train/clip_fraction,10240,0.10664062201976776,44
train/clip_fraction,10752,0.1015625,44
train/clip_fraction,11264,0.05390625074505806,44
train/clip_fraction,11776,0.10664062201976776,44
train/clip_fraction,12288,0.0947265625,44
train/clip_fraction,12800,0.10898437350988388,44
train/clip_fraction,13312,0.125,44
train/clip_fraction,13824,0.09746094048023224,44
train/clip_fraction,14336,0.11328125,44
train/clip_fraction,14848,0.1044921875,44
train/clip_fraction,15360,0.05332031100988388,44
train/clip_fraction,15872,0.080078125,44
train/clip_fraction,16384,0.10625000298023224,44
train/clip_fraction,16896,0.11367187649011612,44
train/clip_fraction,17408,0.10019531100988388,44
train/clip_fraction,17920,0.09062500298023224,44
train/clip_fraction,18432,0.14140625298023224,44
train/clip_fraction,18944,0.06132812425494194,44
train/clip_fraction,19456,0.08984375,44
train/clip_fraction,19968,0.07285156100988388,44
train/clip_fraction,20480,0.12558594346046448,44
train/clip_fraction,20992,0.09414062649011612,44
train/clip_fraction,21504,0.11347655951976776,44
train/clip_fraction,22016,0.10371093451976776,44
train/clip_fraction,22528,0.080078125,44
train/clip_fraction,23040,0.11640624701976776,44
train/clip_fraction,23552,0.09355469048023224,44
train/clip_fraction,24064,0.10488281399011612,44
train/clip_fraction,24576,0.11367187649011612,44
train/clip_fraction,25088,0.08417968451976776,44
train/clip_fraction,25600,0.06972656399011612,44
train/clip_fraction,26112,0.10566405951976776,44
train/clip_fraction,26624,0.12675781548023224,44
train/clip_fraction,27136,0.09375,44
train/clip_fraction,27648,0.0771484375,44
train/clip_fraction,28160,0.09511718899011612,44
train/clip_fraction,28672,0.115234375,44
train/clip_fraction,29184,0.0927734375,44
train/clip_fraction,29696,0.095703125,44
train/clip_fraction,30208,0.1103515625,44
train/clip_fraction,30720,0.12382812798023224,44
train/clip_fraction,31232,0.09980468451976776,44
train/clip_fraction,31744,0.12480469048023224,44
train/clip_fraction,32256,0.09609375149011612,44
train/clip_range,1024,0.20000000298023224,44
train/clip_range,1536,0.20000000298023224,44
train/clip_range,2048,0.20000000298023224,44
train/clip_range,2560,0.20000000298023224,44
train/clip_range,3072,0.20000000298023224,44
train/clip_range,3584,0.20000000298023224,44
train/clip_range,4096,0.20000000298023224,44
train/clip_range,4608,0.20000000298023224,44
train/clip_range,5120,0.20000000298023224,44
train/clip_range,5632,0.20000000298023224,44
train/clip_range,6144,0.20000000298023224,44
train/clip_range,6656,0.20000000298023224,44
train/clip_range,7168,0.20000000298023224,44
train/clip_range,7680,0.20000000298023224,44
train/clip_range,8192,0.20000000298023224,44
train/clip_range,8704,0.20000000298023224,44
train/clip_range,9216,0.20000000298023224,44
train/clip_range,9728,0.20000000298023224,44
train/clip_range,10240,0.20000000298023224,44
train/clip_range,10752,0.20000000298023224,44
train/clip_range,11264,0.20000000298023224,44
train/clip_range,11776,0.20000000298023224,44
train/clip_range,12288,0.20000000298023224,44
train/clip_range,12800,0.20000000298023224,44
train/clip_range,13312,0.20000000298023224,44
train/clip_range,13824,0.20000000298023224,44
train/clip_range,14336,0.20000000298023224,44
train/clip_range,14848,0.20000000298023224,44
train/clip_range,15360,0.20000000298023224,44
train/clip_range,15872,0.20000000298023224,44
train/clip_range,16384,0.20000000298023224,44
train/clip_range,16896,0.20000000298023224,44
train/clip_range,17408,0.20000000298023224,44
train/clip_range,17920,0.20000000298023224,44
train/clip_range,18432,0.20000000298023224,44
train/clip_range,18944,0.20000000298023224,44
train/clip_range,19456,0.20000000298023224,44
train/clip_range,19968,0.20000000298023224,44
train/clip_range,20480,0.20000000298023224,44
train/clip_range,20992,0.20000000298023224,44
train/clip_range,21504,0.20000000298023224,44
train/clip_range,22016,0.20000000298023224,44
train/clip_range,22528,0.20000000298023224,44
train/clip_range,23040,0.20000000298023224,44
train/clip_range,23552,0.20000000298023224,44
train/clip_range,24064,0.20000000298023224,44
train/clip_range,24576,0.20000000298023224,44
train/clip_range,25088,0.20000000298023224,44
train/clip_range,25600,0.20000000298023224,44
train/clip_range,26112,0.20000000298023224,44
train/clip_range,26624,0.20000000298023224,44
train/clip_range,27136,0.20000000298023224,44
train/clip_range,27648,0.20000000298023224,44
train/clip_range,28160,0.20000000298023224,44
train/clip_range,28672,0.20000000298023224,44
train/clip_range,29184,0.20000000298023224,44
train/clip_range,29696,0.20000000298023224,44
train/clip_range,30208,0.20000000298023224,44
train/clip_range,30720,0.20000000298023224,44
train/clip_range,31232,0.20000000298023224,44
train/clip_range,31744,0.20000000298023224,44
train/clip_range,32256,0.20000000298023224,44
train/entropy_loss,1024,-3.6690220832824707,44
train/entropy_loss,1536,-3.6561427116394043,44
train/entropy_loss,2048,-3.643540382385254,44
train/entropy_loss,2560,-3.6182901859283447,44
train/entropy_loss,3072,-3.5964248180389404,44
train/entropy_loss,3584,-3.5631091594696045,44
train/entropy_loss,4096,-3.5243942737579346,44
train/entropy_loss,4608,-3.4934043884277344,44
train/entropy_loss,5120,-3.4807345867156982,44
train/entropy_loss,5632,-3.4522390365600586,44
train/entropy_loss,6144,-3.418126344680786,44
train/entropy_loss,6656,-3.39805006980896,44
train/entropy_loss,7168,-3.3769543170928955,44
train/entropy_loss,7680,-3.3529531955718994,44
train/entropy_loss,8192,-3.3300423622131348,44
train/entropy_loss,8704,-3.319650173187256,44
train/entropy_loss,9216,-3.309556245803833,44
train/entropy_loss,9728,-3.2842745780944824,44
train/entropy_loss,10240,-3.263031005859375,44
train/entropy_loss,10752,-3.238231897354126,44
train/entropy_loss,11264,-3.2132630348205566,44
train/entropy_loss,11776,-3.192735433578491,44
train/entropy_loss,12288,-3.1727452278137207,44
train/entropy_loss,12800,-3.1488442420959473,44
train/entropy_loss,13312,-3.1251730918884277,44
train/entropy_loss,13824,-3.1029253005981445,44
train/entropy_loss,14336,-3.080432891845703,44
train/entropy_loss,14848,-3.0522730350494385,44
train/entropy_loss,15360,-3.020144462585449,44
train/entropy_loss,15872,-3.003056049346924,44
train/entropy_loss,16384,-2.9908015727996826,44
train/entropy_loss,16896,-2.989168167114258,44
train/entropy_loss,17408,-2.9780476093292236,44
train/entropy_loss,17920,-2.963864803314209,44
train/entropy_loss,18432,-2.9493584632873535,44
train/entropy_loss,18944,-2.931490182876587,44
train/entropy_loss,19456,-2.9116246700286865,44
train/entropy_loss,19968,-2.8950703144073486,44
train/entropy_loss,20480,-2.881500720977783,44
train/entropy_loss,20992,-2.8626105785369873,44
train/entropy_loss,21504,-2.8412954807281494,44
train/entropy_loss,22016,-2.8263232707977295,44
train/entropy_loss,22528,-2.806995391845703,44
train/entropy_loss,23040,-2.783318042755127,44
train/entropy_loss,23552,-2.7641544342041016,44
train/entropy_loss,24064,-2.748610734939575,44
train/entropy_loss,24576,-2.7343356609344482,44
train/entropy_loss,25088,-2.7167856693267822,44
train/entropy_loss,25600,-2.695216178894043,44
train/entropy_loss,26112,-2.678265333175659,44
train/entropy_loss,26624,-2.664566993713379,44
train/entropy_loss,27136,-2.6509153842926025,44
train/entropy_loss,27648,-2.6298763751983643,44
train/entropy_loss,28160,-2.6076459884643555,44
train/entropy_loss,28672,-2.582897901535034,44
train/entropy_loss,29184,-2.56451153755188,44
train/entropy_loss,29696,-2.553238868713379,44
train/entropy_loss,30208,-2.533583164215088,44
train/entropy_loss,30720,-2.5136666297912598,44
train/entropy_loss,31232,-2.5031888484954834,44
train/entropy_loss,31744,-2.4907636642456055,44
train/entropy_loss,32256,-2.475658416748047,44
train/explained_variance,1024,-3.937894344329834,44
train/explained_variance,1536,-0.9544937610626221,44
train/explained_variance,2048,-0.16779935359954834,44
train/explained_variance,2560,0.10041511058807373,44
train/explained_variance,3072,0.012221872806549072,44
train/explained_variance,3584,-0.05524015426635742,44
train/explained_variance,4096,-0.10801112651824951,44
train/explained_variance,4608,-0.10091555118560791,44
train/explained_variance,5120,-0.14303433895111084,44
train/explained_variance,5632,-0.03407740592956543,44
train/explained_variance,6144,-0.20050597190856934,44
train/explained_variance,6656,-0.01175999641418457,44
train/explained_variance,7168,0.08244216442108154,44
train/explained_variance,7680,0.06741315126419067,44
train/explained_variance,8192,0.0381242036819458,44
train/explained_variance,8704,0.02357858419418335,44
train/explained_variance,9216,0.19721382856369019,44
train/explained_variance,9728,0.13388240337371826,44
train/explained_variance,10240,0.1174154281616211,44
train/explained_variance,10752,0.1785581111907959,44
train/explained_variance,11264,0.12163859605789185,44
train/explained_variance,11776,0.17935281991958618,44
train/explained_variance,12288,0.15537071228027344,44
train/explained_variance,12800,0.14856672286987305,44
train/explained_variance,13312,0.21468478441238403,44
train/explained_variance,13824,0.2247920036315918,44
train/explained_variance,14336,0.295166552066803,44
train/explained_variance,14848,0.2367272973060608,44
train/explained_variance,15360,0.2314550280570984,44
train/explained_variance,15872,0.09021157026290894,44
train/explained_variance,16384,0.1876172423362732,44
train/explained_variance,16896,0.2617117166519165,44
train/explained_variance,17408,0.18030554056167603,44
train/explained_variance,17920,0.2807943820953369,44
train/explained_variance,18432,0.3023759126663208,44
train/explained_variance,18944,0.34098154306411743,44
train/explained_variance,19456,0.306323766708374,44
train/explained_variance,19968,0.24648219347000122,44
train/explained_variance,20480,0.3398195505142212,44
train/explained_variance,20992,0.22129637002944946,44
train/explained_variance,21504,0.344393789768219,44
train/explained_variance,22016,0.19875144958496094,44
train/explained_variance,22528,0.3859133720397949,44
train/explained_variance,23040,0.268793523311615,44
train/explained_variance,23552,0.2906583547592163,44
train/explained_variance,24064,0.412950336933136,44
train/explained_variance,24576,0.26706767082214355,44
train/explained_variance,25088,0.36287593841552734,44
train/explained_variance,25600,0.37991487979888916,44
train/explained_variance,26112,0.18937742710113525,44
train/explained_variance,26624,0.36576879024505615,44
train/explained_variance,27136,0.4014856219291687,44
train/explained_variance,27648,0.46612119674682617,44
train/explained_variance,28160,0.36103707551956177,44
train/explained_variance,28672,0.3876549005508423,44
train/explained_variance,29184,0.3390074372291565,44
train/explained_variance,29696,0.4378420114517212,44
train/explained_variance,30208,0.4072709083557129,44
train/explained_variance,30720,0.37222105264663696,44
train/explained_variance,31232,0.46979230642318726,44
train/explained_variance,31744,0.37994879484176636,44
train/explained_variance,32256,0.45351743698120117,44
train/learning_rate,1024,0.0003000000142492354,44
train/learning_rate,1536,0.0003000000142492354,44
train/learning_rate,2048,0.0003000000142492354,44
train/learning_rate,2560,0.0003000000142492354,44
train/learning_rate,3072,0.0003000000142492354,44
train/learning_rate,3584,0.0003000000142492354,44
train/learning_rate,4096,0.0003000000142492354,44
train/learning_rate,4608,0.0003000000142492354,44
train/learning_rate,5120,0.0003000000142492354,44
train/learning_rate,5632,0.0003000000142492354,44
train/learning_rate,6144,0.0003000000142492354,44
train/learning_rate,6656,0.0003000000142492354,44
train/learning_rate,7168,0.0003000000142492354,44
train/learning_rate,7680,0.0003000000142492354,44
train/learning_rate,8192,0.0003000000142492354,44
train/learning_rate,8704,0.0003000000142492354,44
train/learning_rate,9216,0.0003000000142492354,44
train/learning_rate,9728,0.0003000000142492354,44
train/learning_rate,10240,0.0003000000142492354,44
train/learning_rate,10752,0.0003000000142492354,44
train/learning_rate,11264,0.0003000000142492354,44
train/learning_rate,11776,0.0003000000142492354,44
train/learning_rate,12288,0.0003000000142492354,44
train/learning_rate,12800,0.0003000000142492354,44
train/learning_rate,13312,0.0003000000142492354,44
train/learning_rate,13824,0.0003000000142492354,44
train/learning_rate,14336,0.0003000000142492354,44
train/learning_rate,14848,0.0003000000142492354,44
train/learning_rate,15360,0.0003000000142492354,44
train/learning_rate,15872,0.0003000000142492354,44
train/learning_rate,16384,0.0003000000142492354,44
train/learning_rate,16896,0.0003000000142492354,44
train/learning_rate,17408,0.0003000000142492354,44
train/learning_rate,17920,0.0003000000142492354,44
train/learning_rate,18432,0.0003000000142492354,44
train/learning_rate,18944,0.0003000000142492354,44
train/learning_rate,19456,0.0003000000142492354,44
train/learning_rate,19968,0.0003000000142492354,44
train/learning_rate,20480,0.0003000000142492354,44
train/learning_rate,20992,0.0003000000142492354,44
train/learning_rate,21504,0.0003000000142492354,44
train/learning_rate,22016,0.0003000000142492354,44
train/learning_rate,22528,0.0003000000142492354,44
train/learning_rate,23040,0.0003000000142492354,44
train/learning_rate,23552,0.0003000000142492354,44
train/learning_rate,24064,0.0003000000142492354,44
train/learning_rate,24576,0.0003000000142492354,44
train/learning_rate,25088,0.0003000000142492354,44
train/learning_rate,25600,0.0003000000142492354,44
train/learning_rate,26112,0.0003000000142492354,44
train/learning_rate,26624,0.0003000000142492354,44
train/learning_rate,27136,0.0003000000142492354,44
train/learning_rate,27648,0.0003000000142492354,44
train/learning_rate,28160,0.0003000000142492354,44
train/learning_rate,28672,0.0003000000142492354,44
train/learning_rate,29184,0.0003000000142492354,44
train/learning_rate,29696,0.0003000000142492354,44
train/learning_rate,30208,0.0003000000142492354,44
train/learning_rate,30720,0.0003000000142492354,44
train/learning_rate,31232,0.0003000000142492354,44
train/learning_rate,31744,0.0003000000142492354,44
train/learning_rate,32256,0.0003000000142492354,44
train/loss,1024,0.4218818247318268,44
train/loss,1536,0.28739118576049805,44
train/loss,2048,0.1877366155385971,44
train/loss,2560,0.1292361617088318,44
train/loss,3072,0.03699948638677597,44
train/loss,3584,-0.014980271458625793,44
train/loss,4096,-0.025564271956682205,44
train/loss,4608,-0.023458944633603096,44
train/loss,5120,-0.02105436474084854,44
train/loss,5632,-0.0017549041658639908,44
train/loss,6144,-0.0018578674644231796,44
train/loss,6656,-0.031395405530929565,44
train/loss,7168,-0.024479392915964127,44
train/loss,7680,-0.014802621677517891,44
train/loss,8192,-0.032763637602329254,44
train/loss,8704,-0.019905203953385353,44
train/loss,9216,-0.03800979629158974,44
train/loss,9728,0.00987277366220951,44
train/loss,10240,-0.015226287767291069,44
train/loss,10752,-0.006341880187392235,44
train/loss,11264,-0.012939196079969406,44
train/loss,11776,-0.020283812656998634,44
train/loss,12288,-0.02160925418138504,44
train/loss,12800,-0.03757600858807564,44
train/loss,13312,-0.014797097072005272,44
train/loss,13824,-0.026528602465987206,44
train/loss,14336,-0.0311064925044775,44
train/loss,14848,-0.026942480355501175,44
train/loss,15360,-0.011461774818599224,44
train/loss,15872,-0.01961720734834671,44
train/loss,16384,-0.01596190594136715,44
train/loss,16896,-0.03387269750237465,44
train/loss,17408,-0.017132554203271866,44
train/loss,17920,-0.022120006382465363,44
train/loss,18432,-0.03540083393454552,44
train/loss,18944,-0.018837617710232735,44
train/loss,19456,-0.015114644542336464,44
train/loss,19968,-0.01124497875571251,44
train/loss,20480,-0.04002270847558975,44
train/loss,20992,-0.02571791596710682,44
train/loss,21504,-0.021226532757282257,44
train/loss,22016,-0.02571757510304451,44
train/loss,22528,-0.018144579604268074,44
train/loss,23040,-0.016214022412896156,44
train/loss,23552,-0.020993035286664963,44
train/loss,24064,-0.034226566553115845,44
train/loss,24576,-0.03596969321370125,44
train/loss,25088,-0.017458122223615646,44
train/loss,25600,-0.009480470791459084,44
train/loss,26112,-0.027270933613181114,44
train/loss,26624,-0.031025085598230362,44
train/loss,27136,-0.008643784560263157,44
train/loss,27648,-0.02732420340180397,44
train/loss,28160,-0.03373878449201584,44
train/loss,28672,-0.032660819590091705,44
train/loss,29184,-0.03591499850153923,44
train/loss,29696,-0.02696932666003704,44
train/loss,30208,-0.021502919495105743,44
train/loss,30720,-0.023202884942293167,44
train/loss,31232,-0.02541634999215603,44
train/loss,31744,-0.041067272424697876,44
train/loss,32256,-0.015399448573589325,44
train/policy_gradient_loss,1024,-0.014567130245268345,44
train/policy_gradient_loss,1536,-0.012436483055353165,44
train/policy_gradient_loss,2048,-0.023717772215604782,44
train/policy_gradient_loss,2560,-0.030181480571627617,44
train/policy_gradient_loss,3072,-0.026273969560861588,44
train/policy_gradient_loss,3584,-0.03575126454234123,44
train/policy_gradient_loss,4096,-0.031185755506157875,44
train/policy_gradient_loss,4608,-0.03141236677765846,44
train/policy_gradient_loss,5120,-0.028457824140787125,44
train/policy_gradient_loss,5632,-0.02409532107412815,44
train/policy_gradient_loss,6144,-0.021880440413951874,44
train/policy_gradient_loss,6656,-0.029932137578725815,44
train/policy_gradient_loss,7168,-0.01764005422592163,44
train/policy_gradient_loss,7680,-0.015911515802145004,44
train/policy_gradient_loss,8192,-0.02217172086238861,44
train/policy_gradient_loss,8704,-0.020645536482334137,44
train/policy_gradient_loss,9216,-0.019751155748963356,44
train/policy_gradient_loss,9728,-0.016243401914834976,44
train/policy_gradient_loss,10240,-0.02200532704591751,44
train/policy_gradient_loss,10752,-0.019656622782349586,44
train/policy_gradient_loss,11264,-0.014187850058078766,44
train/policy_gradient_loss,11776,-0.0202358216047287,44
train/policy_gradient_loss,12288,-0.019364530220627785,44
train/policy_gradient_loss,12800,-0.02298990823328495,44
train/policy_gradient_loss,13312,-0.022393731400370598,44
train/policy_gradient_loss,13824,-0.017364446073770523,44
train/policy_gradient_loss,14336,-0.022238003090023994,44
train/policy_gradient_loss,14848,-0.02329709194600582,44
train/policy_gradient_loss,15360,-0.015723614022135735,44
train/policy_gradient_loss,15872,-0.0161682590842247,44
train/policy_gradient_loss,16384,-0.01719873584806919,44
train/policy_gradient_loss,16896,-0.021596992388367653,44
train/policy_gradient_loss,17408,-0.01774347759783268,44
train/policy_gradient_loss,17920,-0.01869697868824005,44
train/policy_gradient_loss,18432,-0.024492405354976654,44
train/policy_gradient_loss,18944,-0.01466078869998455,44
train/policy_gradient_loss,19456,-0.020310090854763985,44
train/policy_gradient_loss,19968,-0.015640810132026672,44
train/policy_gradient_loss,20480,-0.02283882163465023,44
train/policy_gradient_loss,20992,-0.02025768905878067,44
train/policy_gradient_loss,21504,-0.02085494063794613,44
train/policy_gradient_loss,22016,-0.01693318970501423,44
train/policy_gradient_loss,22528,-0.01880553923547268,44
train/policy_gradient_loss,23040,-0.021319106221199036,44
train/policy_gradient_loss,23552,-0.020524760708212852,44
train/policy_gradient_loss,24064,-0.023534001782536507,44
train/policy_gradient_loss,24576,-0.018697863444685936,44
train/policy_gradient_loss,25088,-0.019110316410660744,44
train/policy_gradient_loss,25600,-0.01563684642314911,44
train/policy_gradient_loss,26112,-0.018840385600924492,44
train/policy_gradient_loss,26624,-0.02534390427172184,44
train/policy_gradient_loss,27136,-0.017534760758280754,44
train/policy_gradient_loss,27648,-0.01591884158551693,44
train/policy_gradient_loss,28160,-0.01735900342464447,44
train/policy_gradient_loss,28672,-0.020272133871912956,44
train/policy_gradient_loss,29184,-0.016442032530903816,44
train/policy_gradient_loss,29696,-0.02255866676568985,44
train/policy_gradient_loss,30208,-0.02021941728889942,44
train/policy_gradient_loss,30720,-0.02155960723757744,44
train/policy_gradient_loss,31232,-0.018526794388890266,44
train/policy_gradient_loss,31744,-0.019980449229478836,44
train/policy_gradient_loss,32256,-0.017025800421833992,44
train/std,1024,0.6043413281440735,44
train/std,1536,0.6029585599899292,44
train/std,2048,0.5996707677841187,44
train/std,2560,0.5965777039527893,44
train/std,3072,0.5924509763717651,44
train/std,3584,0.5870311260223389,44
train/std,4096,0.5811439156532288,44
train/std,4608,0.5789551734924316,44
train/std,5120,0.5764058232307434,44
train/std,5632,0.5710206627845764,44
train/std,6144,0.567537784576416,44
train/std,6656,0.5651187896728516,44
train/std,7168,0.5618553161621094,44
train/std,7680,0.5583930015563965,44
train/std,8192,0.5562529563903809,44
train/std,8704,0.5560871958732605,44
train/std,9216,0.5527620315551758,44
train/std,9728,0.550026535987854,44
train/std,10240,0.5470545291900635,44
train/std,10752,0.5431543588638306,44
train/std,11264,0.5402829647064209,44
train/std,11776,0.5377861261367798,44
train/std,12288,0.5349112749099731,44
train/std,12800,0.5319408774375916,44
train/std,13312,0.5288246870040894,44
train/std,13824,0.5260558128356934,44
train/std,14336,0.5231173634529114,44
train/std,14848,0.5183298587799072,44
train/std,15360,0.5158954858779907,44
train/std,15872,0.5136327147483826,44
train/std,16384,0.513450562953949,44
train/std,16896,0.5126557350158691,44
train/std,17408,0.5106348991394043,44
train/std,17920,0.5091190934181213,44
train/std,18432,0.5068196058273315,44
train/std,18944,0.5043903589248657,44
train/std,19456,0.5020317435264587,44
train/std,19968,0.500254213809967,44
train/std,20480,0.4985000491142273,44
train/std,20992,0.49565044045448303,44
train/std,21504,0.49357056617736816,44
train/std,22016,0.4920419454574585,44
train/std,22528,0.48896196484565735,44
train/std,23040,0.4863899052143097,44
train/std,23552,0.48454225063323975,44
train/std,24064,0.4828377962112427,44
train/std,24576,0.48142004013061523,44
train/std,25088,0.4787546396255493,44
train/std,25600,0.47638824582099915,44
train/std,26112,0.4747046232223511,44
train/std,26624,0.4735410809516907,44
train/std,27136,0.47130781412124634,44
train/std,27648,0.46918559074401855,44
train/std,28160,0.4664863348007202,44
train/std,28672,0.4638850688934326,44
train/std,29184,0.46254754066467285,44
train/std,29696,0.46140363812446594,44
train/std,30208,0.45836305618286133,44
train/std,30720,0.45746639370918274,44
train/std,31232,0.45595985651016235,44
train/std,31744,0.45480597019195557,44
train/std,32256,0.45242077112197876,44
train/value_loss,1024,1.115418791770935,44
train/value_loss,1536,0.8071708679199219,44
train/value_loss,2048,0.5763998031616211,44
train/value_loss,2560,0.40847915410995483,44
train/value_loss,3072,0.25835245847702026,44
train/value_loss,3584,0.13889150321483612,44
train/value_loss,4096,0.08262545615434647,44
train/value_loss,4608,0.05905112624168396,44
train/value_loss,5120,0.05515147000551224,44
train/value_loss,5632,0.05920380353927612,44
train/value_loss,6144,0.056905195116996765,44
train/value_loss,6656,0.04752049222588539,44
train/value_loss,7168,0.039695847779512405,44
train/value_loss,7680,0.04249043017625809,44
train/value_loss,8192,0.03926651179790497,44
train/value_loss,8704,0.03807646781206131,44
train/value_loss,9216,0.03715438395738602,44
train/value_loss,9728,0.04052825644612312,44
train/value_loss,10240,0.035545893013477325,44
train/value_loss,10752,0.03713035210967064,44
train/value_loss,11264,0.03605770692229271,44
train/value_loss,11776,0.02570260502398014,44
train/value_loss,12288,0.030521567910909653,44
train/value_loss,12800,0.032187320291996,44
train/value_loss,13312,0.026977496221661568,44
train/value_loss,13824,0.0270543210208416,44
train/value_loss,14336,0.024938493967056274,44
train/value_loss,14848,0.031480561941862106,44
train/value_loss,15360,0.03033558279275894,44
train/value_loss,15872,0.029405344277620316,44
train/value_loss,16384,0.03222191333770752,44
train/value_loss,16896,0.028420081362128258,44
train/value_loss,17408,0.026893513277173042,44
train/value_loss,17920,0.024340974166989326,44
train/value_loss,18432,0.02370203658938408,44
train/value_loss,18944,0.021708928048610687,44
train/value_loss,19456,0.03009233996272087,44
train/value_loss,19968,0.024257710203528404,44
train/value_loss,20480,0.01944008283317089,44
train/value_loss,20992,0.02295471541583538,44
train/value_loss,21504,0.019717952236533165,44
train/value_loss,22016,0.025171417742967606,44
train/value_loss,22528,0.022923067212104797,44
train/value_loss,23040,0.022440409287810326,44
train/value_loss,23552,0.024330154061317444,44
train/value_loss,24064,0.01787678152322769,44
train/value_loss,24576,0.02030038647353649,44
train/value_loss,25088,0.019967298954725266,44
train/value_loss,25600,0.01927700825035572,44
train/value_loss,26112,0.02340744063258171,44
train/value_loss,26624,0.016972897574305534,44
train/value_loss,27136,0.022276533767580986,44
train/value_loss,27648,0.014097640290856361,44
train/value_loss,28160,0.017381034791469574,44
train/value_loss,28672,0.016872568055987358,44
train/value_loss,29184,0.016245298087596893,44
train/value_loss,29696,0.015720773488283157,44
train/value_loss,30208,0.018493415787816048,44
train/value_loss,30720,0.017756570130586624,44
train/value_loss,31232,0.014065789990127087,44
train/value_loss,31744,0.01878368854522705,44
train/value_loss,32256,0.019260713830590248,44
rollout/ep_len_mean,512,1.0,45
rollout/ep_len_mean,1024,1.0,45
rollout/ep_len_mean,1536,1.0,45
rollout/ep_len_mean,2048,1.0,45
rollout/ep_len_mean,2560,1.0,45
rollout/ep_len_mean,3072,1.0,45
rollout/ep_len_mean,3584,1.0,45
rollout/ep_len_mean,4096,1.0,45
rollout/ep_len_mean,4608,1.0,45
rollout/ep_len_mean,5120,1.0,45
rollout/ep_len_mean,5632,1.0,45
rollout/ep_len_mean,6144,1.0,45
rollout/ep_len_mean,6656,1.0,45
rollout/ep_len_mean,7168,1.0,45
rollout/ep_len_mean,7680,1.0,45
rollout/ep_len_mean,8192,1.0,45
rollout/ep_len_mean,8704,1.0,45
rollout/ep_len_mean,9216,1.0,45
rollout/ep_len_mean,9728,1.0,45
rollout/ep_len_mean,10240,1.0,45
rollout/ep_len_mean,10752,1.0,45
rollout/ep_len_mean,11264,1.0,45
rollout/ep_len_mean,11776,1.0,45
rollout/ep_len_mean,12288,1.0,45
rollout/ep_len_mean,12800,1.0,45
rollout/ep_len_mean,13312,1.0,45
rollout/ep_len_mean,13824,1.0,45
rollout/ep_len_mean,14336,1.0,45
rollout/ep_len_mean,14848,1.0,45
rollout/ep_len_mean,15360,1.0,45
rollout/ep_len_mean,15872,1.0,45
rollout/ep_len_mean,16384,1.0,45
rollout/ep_len_mean,16896,1.0,45
rollout/ep_len_mean,17408,1.0,45
rollout/ep_len_mean,17920,1.0,45
rollout/ep_len_mean,18432,1.0,45
rollout/ep_len_mean,18944,1.0,45
rollout/ep_len_mean,19456,1.0,45
rollout/ep_len_mean,19968,1.0,45
rollout/ep_len_mean,20480,1.0,45
rollout/ep_len_mean,20992,1.0,45
rollout/ep_len_mean,21504,1.0,45
rollout/ep_len_mean,22016,1.0,45
rollout/ep_len_mean,22528,1.0,45
rollout/ep_len_mean,23040,1.0,45
rollout/ep_len_mean,23552,1.0,45
rollout/ep_len_mean,24064,1.0,45
rollout/ep_len_mean,24576,1.0,45
rollout/ep_len_mean,25088,1.0,45
rollout/ep_len_mean,25600,1.0,45
rollout/ep_len_mean,26112,1.0,45
rollout/ep_len_mean,26624,1.0,45
rollout/ep_len_mean,27136,1.0,45
rollout/ep_len_mean,27648,1.0,45
rollout/ep_len_mean,28160,1.0,45
rollout/ep_len_mean,28672,1.0,45
rollout/ep_len_mean,29184,1.0,45
rollout/ep_len_mean,29696,1.0,45
rollout/ep_len_mean,30208,1.0,45
rollout/ep_rew_mean,512,0.9866200685501099,45
rollout/ep_rew_mean,1024,0.9576314687728882,45
rollout/ep_rew_mean,1536,0.9770796895027161,45
rollout/ep_rew_mean,2048,0.9965833425521851,45
rollout/ep_rew_mean,2560,0.9759288430213928,45
rollout/ep_rew_mean,3072,1.0048099756240845,45
rollout/ep_rew_mean,3584,0.9931973814964294,45
rollout/ep_rew_mean,4096,1.0550363063812256,45
rollout/ep_rew_mean,4608,1.0874613523483276,45
rollout/ep_rew_mean,5120,1.0620472431182861,45
rollout/ep_rew_mean,5632,1.0396292209625244,45
rollout/ep_rew_mean,6144,1.1053621768951416,45
rollout/ep_rew_mean,6656,1.0989199876785278,45
rollout/ep_rew_mean,7168,1.0626089572906494,45
rollout/ep_rew_mean,7680,1.074454665184021,45
rollout/ep_rew_mean,8192,1.0971304178237915,45
rollout/ep_rew_mean,8704,1.1081931591033936,45
rollout/ep_rew_mean,9216,1.094375491142273,45
rollout/ep_rew_mean,9728,1.0769076347351074,45
rollout/ep_rew_mean,10240,1.0979242324829102,45
rollout/ep_rew_mean,10752,1.1181608438491821,45
rollout/ep_rew_mean,11264,1.1179298162460327,45
rollout/ep_rew_mean,11776,1.1214311122894287,45
rollout/ep_rew_mean,12288,1.0948971509933472,45
rollout/ep_rew_mean,12800,1.1441829204559326,45
rollout/ep_rew_mean,13312,1.1149928569793701,45
rollout/ep_rew_mean,13824,1.1157680749893188,45
rollout/ep_rew_mean,14336,1.1264728307724,45
rollout/ep_rew_mean,14848,1.1226556301116943,45
rollout/ep_rew_mean,15360,1.0904695987701416,45
rollout/ep_rew_mean,15872,1.0915577411651611,45
rollout/ep_rew_mean,16384,1.1097254753112793,45
rollout/ep_rew_mean,16896,1.1387676000595093,45
rollout/ep_rew_mean,17408,1.0943231582641602,45
rollout/ep_rew_mean,17920,1.151322364807129,45
rollout/ep_rew_mean,18432,1.0878781080245972,45
rollout/ep_rew_mean,18944,1.0957233905792236,45
rollout/ep_rew_mean,19456,1.117182731628418,45
rollout/ep_rew_mean,19968,1.129435658454895,45
rollout/ep_rew_mean,20480,1.13921320438385,45
rollout/ep_rew_mean,20992,1.1083685159683228,45
rollout/ep_rew_mean,21504,1.1659865379333496,45
rollout/ep_rew_mean,22016,1.151286244392395,45
rollout/ep_rew_mean,22528,1.153550386428833,45
rollout/ep_rew_mean,23040,1.1461800336837769,45
rollout/ep_rew_mean,23552,1.1748520135879517,45
rollout/ep_rew_mean,24064,1.1185853481292725,45
rollout/ep_rew_mean,24576,1.095097303390503,45
rollout/ep_rew_mean,25088,1.1398265361785889,45
rollout/ep_rew_mean,25600,1.151452660560608,45
rollout/ep_rew_mean,26112,1.1574366092681885,45
rollout/ep_rew_mean,26624,1.1272815465927124,45
rollout/ep_rew_mean,27136,1.126379370689392,45
rollout/ep_rew_mean,27648,1.1547701358795166,45
rollout/ep_rew_mean,28160,1.122713327407837,45
rollout/ep_rew_mean,28672,1.1610172986984253,45
rollout/ep_rew_mean,29184,1.1596629619598389,45
rollout/ep_rew_mean,29696,1.1324412822723389,45
rollout/ep_rew_mean,30208,1.133477807044983,45
time/fps,512,7.0,45
time/fps,1024,7.0,45
time/fps,1536,7.0,45
time/fps,2048,7.0,45
time/fps,2560,7.0,45
time/fps,3072,7.0,45
time/fps,3584,7.0,45
time/fps,4096,7.0,45
time/fps,4608,7.0,45
time/fps,5120,7.0,45
time/fps,5632,8.0,45
time/fps,6144,8.0,45
time/fps,6656,8.0,45
time/fps,7168,8.0,45
time/fps,7680,8.0,45
time/fps,8192,8.0,45
time/fps,8704,8.0,45
time/fps,9216,8.0,45
time/fps,9728,8.0,45
time/fps,10240,8.0,45
time/fps,10752,8.0,45
time/fps,11264,8.0,45
time/fps,11776,9.0,45
time/fps,12288,9.0,45
time/fps,12800,9.0,45
time/fps,13312,9.0,45
time/fps,13824,9.0,45
time/fps,14336,9.0,45
time/fps,14848,9.0,45
time/fps,15360,9.0,45
time/fps,15872,9.0,45
time/fps,16384,9.0,45
time/fps,16896,9.0,45
time/fps,17408,9.0,45
time/fps,17920,9.0,45
time/fps,18432,9.0,45
time/fps,18944,9.0,45
time/fps,19456,10.0,45
time/fps,19968,10.0,45
time/fps,20480,10.0,45
time/fps,20992,10.0,45
time/fps,21504,10.0,45
time/fps,22016,10.0,45
time/fps,22528,10.0,45
time/fps,23040,10.0,45
time/fps,23552,10.0,45
time/fps,24064,10.0,45
time/fps,24576,10.0,45
time/fps,25088,10.0,45
time/fps,25600,10.0,45
time/fps,26112,10.0,45
time/fps,26624,10.0,45
time/fps,27136,10.0,45
time/fps,27648,10.0,45
time/fps,28160,11.0,45
time/fps,28672,11.0,45
time/fps,29184,11.0,45
time/fps,29696,11.0,45
time/fps,30208,11.0,45
train/approx_kl,1024,0.004352562595158815,45
train/approx_kl,1536,0.00471964105963707,45
train/approx_kl,2048,0.011593794450163841,45
train/approx_kl,2560,0.01788468100130558,45
train/approx_kl,3072,0.01644459180533886,45
train/approx_kl,3584,0.019274942576885223,45
train/approx_kl,4096,0.018113449215888977,45
train/approx_kl,4608,0.017155971378087997,45
train/approx_kl,5120,0.018724557012319565,45
train/approx_kl,5632,0.018885847181081772,45
train/approx_kl,6144,0.01715533435344696,45
train/approx_kl,6656,0.011596005409955978,45
train/approx_kl,7168,0.017849944531917572,45
train/approx_kl,7680,0.012835782952606678,45
train/approx_kl,8192,0.016381070017814636,45
train/approx_kl,8704,0.016274981200695038,45
train/approx_kl,9216,0.013683725148439407,45
train/approx_kl,9728,0.016639910638332367,45
train/approx_kl,10240,0.014551580883562565,45
train/approx_kl,10752,0.018956944346427917,45
train/approx_kl,11264,0.014039009809494019,45
train/approx_kl,11776,0.018482457846403122,45
train/approx_kl,12288,0.013607046566903591,45
train/approx_kl,12800,0.016477234661579132,45
train/approx_kl,13312,0.016383185982704163,45
train/approx_kl,13824,0.011201447807252407,45
train/approx_kl,14336,0.011088873259723186,45
train/approx_kl,14848,0.010585278272628784,45
train/approx_kl,15360,0.017743434756994247,45
train/approx_kl,15872,0.014366449788212776,45
train/approx_kl,16384,0.017504911869764328,45
train/approx_kl,16896,0.01329890452325344,45
train/approx_kl,17408,0.01072637178003788,45
train/approx_kl,17920,0.01355704478919506,45
train/approx_kl,18432,0.009932253509759903,45
train/approx_kl,18944,0.013187249191105366,45
train/approx_kl,19456,0.013844097033143044,45
train/approx_kl,19968,0.012498217634856701,45
train/approx_kl,20480,0.01124199852347374,45
train/approx_kl,20992,0.011730989441275597,45
train/approx_kl,21504,0.01198881771415472,45
train/approx_kl,22016,0.016317613422870636,45
train/approx_kl,22528,0.013452013023197651,45
train/approx_kl,23040,0.009583044797182083,45
train/approx_kl,23552,0.012313500978052616,45
train/approx_kl,24064,0.00800754688680172,45
train/approx_kl,24576,0.009749813005328178,45
train/approx_kl,25088,0.009646392427384853,45
train/approx_kl,25600,0.01725132390856743,45
train/approx_kl,26112,0.01562404166907072,45
train/approx_kl,26624,0.014284688979387283,45
train/approx_kl,27136,0.016936667263507843,45
train/approx_kl,27648,0.015867475420236588,45
train/approx_kl,28160,0.01016839500516653,45
train/approx_kl,28672,0.009323366917669773,45
train/approx_kl,29184,0.011927841231226921,45
train/approx_kl,29696,0.010672306641936302,45
train/approx_kl,30208,0.009732073172926903,45
train/clip_fraction,1024,0.01210937462747097,45
train/clip_fraction,1536,0.00937500037252903,45
train/clip_fraction,2048,0.05898437649011612,45
train/clip_fraction,2560,0.09824218600988388,45
train/clip_fraction,3072,0.09453125298023224,45
train/clip_fraction,3584,0.11796875298023224,45
train/clip_fraction,4096,0.140625,45
train/clip_fraction,4608,0.10429687798023224,45
train/clip_fraction,5120,0.11171875149011612,45
train/clip_fraction,5632,0.13046875596046448,45
train/clip_fraction,6144,0.11191406100988388,45
train/clip_fraction,6656,0.08554687350988388,45
train/clip_fraction,7168,0.13710936903953552,45
train/clip_fraction,7680,0.07929687201976776,45
train/clip_fraction,8192,0.1171875,45
train/clip_fraction,8704,0.125,45
train/clip_fraction,9216,0.083984375,45
train/clip_fraction,9728,0.12070312350988388,45
train/clip_fraction,10240,0.10019531100988388,45
train/clip_fraction,10752,0.12050781399011612,45
train/clip_fraction,11264,0.12480469048023224,45
train/clip_fraction,11776,0.1298828125,45
train/clip_fraction,12288,0.10195312649011612,45
train/clip_fraction,12800,0.1279296875,45
train/clip_fraction,13312,0.1142578125,45
train/clip_fraction,13824,0.10195312649011612,45
train/clip_fraction,14336,0.07968749850988388,45
train/clip_fraction,14848,0.09511718899011612,45
train/clip_fraction,15360,0.10273437201976776,45
train/clip_fraction,15872,0.10683593899011612,45
train/clip_fraction,16384,0.13496093451976776,45
train/clip_fraction,16896,0.10585937649011612,45
train/clip_fraction,17408,0.09765625,45
train/clip_fraction,17920,0.10097656399011612,45
train/clip_fraction,18432,0.07929687201976776,45
train/clip_fraction,18944,0.09531249850988388,45
train/clip_fraction,19456,0.09042968600988388,45
train/clip_fraction,19968,0.07480468600988388,45
train/clip_fraction,20480,0.08613280951976776,45
train/clip_fraction,20992,0.07441405951976776,45
train/clip_fraction,21504,0.08203125,45
train/clip_fraction,22016,0.11972656100988388,45
train/clip_fraction,22528,0.09492187201976776,45
train/clip_fraction,23040,0.09355469048023224,45
train/clip_fraction,23552,0.09199218451976776,45
train/clip_fraction,24064,0.05976562574505806,45
train/clip_fraction,24576,0.07304687798023224,45
train/clip_fraction,25088,0.1015625,45
train/clip_fraction,25600,0.13652344048023224,45
train/clip_fraction,26112,0.109375,45
train/clip_fraction,26624,0.1044921875,45
train/clip_fraction,27136,0.13203124701976776,45
train/clip_fraction,27648,0.14492186903953552,45
train/clip_fraction,28160,0.08457031100988388,45
train/clip_fraction,28672,0.07304687798023224,45
train/clip_fraction,29184,0.09296874701976776,45
train/clip_fraction,29696,0.08613280951976776,45
train/clip_fraction,30208,0.06777343899011612,45
train/clip_range,1024,0.20000000298023224,45
train/clip_range,1536,0.20000000298023224,45
train/clip_range,2048,0.20000000298023224,45
train/clip_range,2560,0.20000000298023224,45
train/clip_range,3072,0.20000000298023224,45
train/clip_range,3584,0.20000000298023224,45
train/clip_range,4096,0.20000000298023224,45
train/clip_range,4608,0.20000000298023224,45
train/clip_range,5120,0.20000000298023224,45
train/clip_range,5632,0.20000000298023224,45
train/clip_range,6144,0.20000000298023224,45
train/clip_range,6656,0.20000000298023224,45
train/clip_range,7168,0.20000000298023224,45
train/clip_range,7680,0.20000000298023224,45
train/clip_range,8192,0.20000000298023224,45
train/clip_range,8704,0.20000000298023224,45
train/clip_range,9216,0.20000000298023224,45
train/clip_range,9728,0.20000000298023224,45
train/clip_range,10240,0.20000000298023224,45
train/clip_range,10752,0.20000000298023224,45
train/clip_range,11264,0.20000000298023224,45
train/clip_range,11776,0.20000000298023224,45
train/clip_range,12288,0.20000000298023224,45
train/clip_range,12800,0.20000000298023224,45
train/clip_range,13312,0.20000000298023224,45
train/clip_range,13824,0.20000000298023224,45
train/clip_range,14336,0.20000000298023224,45
train/clip_range,14848,0.20000000298023224,45
train/clip_range,15360,0.20000000298023224,45
train/clip_range,15872,0.20000000298023224,45
train/clip_range,16384,0.20000000298023224,45
train/clip_range,16896,0.20000000298023224,45
train/clip_range,17408,0.20000000298023224,45
train/clip_range,17920,0.20000000298023224,45
train/clip_range,18432,0.20000000298023224,45
train/clip_range,18944,0.20000000298023224,45
train/clip_range,19456,0.20000000298023224,45
train/clip_range,19968,0.20000000298023224,45
train/clip_range,20480,0.20000000298023224,45
train/clip_range,20992,0.20000000298023224,45
train/clip_range,21504,0.20000000298023224,45
train/clip_range,22016,0.20000000298023224,45
train/clip_range,22528,0.20000000298023224,45
train/clip_range,23040,0.20000000298023224,45
train/clip_range,23552,0.20000000298023224,45
train/clip_range,24064,0.20000000298023224,45
train/clip_range,24576,0.20000000298023224,45
train/clip_range,25088,0.20000000298023224,45
train/clip_range,25600,0.20000000298023224,45
train/clip_range,26112,0.20000000298023224,45
train/clip_range,26624,0.20000000298023224,45
train/clip_range,27136,0.20000000298023224,45
train/clip_range,27648,0.20000000298023224,45
train/clip_range,28160,0.20000000298023224,45
train/clip_range,28672,0.20000000298023224,45
train/clip_range,29184,0.20000000298023224,45
train/clip_range,29696,0.20000000298023224,45
train/clip_range,30208,0.20000000298023224,45
train/entropy_loss,1024,-3.6722514629364014,45
train/entropy_loss,1536,-3.6570982933044434,45
train/entropy_loss,2048,-3.6311864852905273,45
train/entropy_loss,2560,-3.611661195755005,45
train/entropy_loss,3072,-3.5765950679779053,45
train/entropy_loss,3584,-3.5402684211730957,45
train/entropy_loss,4096,-3.5049383640289307,45
train/entropy_loss,4608,-3.4690334796905518,45
train/entropy_loss,5120,-3.43911075592041,45
train/entropy_loss,5632,-3.4108874797821045,45
train/entropy_loss,6144,-3.3802576065063477,45
train/entropy_loss,6656,-3.3503544330596924,45
train/entropy_loss,7168,-3.3248302936553955,45
train/entropy_loss,7680,-3.3033883571624756,45
train/entropy_loss,8192,-3.2838029861450195,45
train/entropy_loss,8704,-3.2560107707977295,45
train/entropy_loss,9216,-3.2332558631896973,45
train/entropy_loss,9728,-3.215618371963501,45
train/entropy_loss,10240,-3.197711944580078,45
train/entropy_loss,10752,-3.1823010444641113,45
train/entropy_loss,11264,-3.1756033897399902,45
train/entropy_loss,11776,-3.1593611240386963,45
train/entropy_loss,12288,-3.1382052898406982,45
train/entropy_loss,12800,-3.120236873626709,45
train/entropy_loss,13312,-3.114001750946045,45
train/entropy_loss,13824,-3.1103405952453613,45
train/entropy_loss,14336,-3.0915074348449707,45
train/entropy_loss,14848,-3.0678553581237793,45
train/entropy_loss,15360,-3.0474765300750732,45
train/entropy_loss,15872,-3.0340688228607178,45
train/entropy_loss,16384,-3.024528741836548,45
train/entropy_loss,16896,-3.0018651485443115,45
train/entropy_loss,17408,-2.9815335273742676,45
train/entropy_loss,17920,-2.96793794631958,45
train/entropy_loss,18432,-2.954562187194824,45
train/entropy_loss,18944,-2.936981201171875,45
train/entropy_loss,19456,-2.9239602088928223,45
train/entropy_loss,19968,-2.913714647293091,45
train/entropy_loss,20480,-2.8929383754730225,45
train/entropy_loss,20992,-2.8756680488586426,45
train/entropy_loss,21504,-2.8659656047821045,45
train/entropy_loss,22016,-2.8551666736602783,45
train/entropy_loss,22528,-2.8344264030456543,45
train/entropy_loss,23040,-2.8181192874908447,45
train/entropy_loss,23552,-2.8083884716033936,45
train/entropy_loss,24064,-2.794142961502075,45
train/entropy_loss,24576,-2.770920515060425,45
train/entropy_loss,25088,-2.7436411380767822,45
train/entropy_loss,25600,-2.7197842597961426,45
train/entropy_loss,26112,-2.7017648220062256,45
train/entropy_loss,26624,-2.686724901199341,45
train/entropy_loss,27136,-2.668381690979004,45
train/entropy_loss,27648,-2.656588554382324,45
train/entropy_loss,28160,-2.6360526084899902,45
train/entropy_loss,28672,-2.6202521324157715,45
train/entropy_loss,29184,-2.6029975414276123,45
train/entropy_loss,29696,-2.580493450164795,45
train/entropy_loss,30208,-2.5587124824523926,45
train/explained_variance,1024,-2.9842875003814697,45
train/explained_variance,1536,-0.4634532928466797,45
train/explained_variance,2048,-0.08452069759368896,45
train/explained_variance,2560,0.03413057327270508,45
train/explained_variance,3072,0.015233457088470459,45
train/explained_variance,3584,0.022169172763824463,45
train/explained_variance,4096,-0.011612534523010254,45
train/explained_variance,4608,-0.09744715690612793,45
train/explained_variance,5120,-0.11262142658233643,45
train/explained_variance,5632,-0.05960738658905029,45
train/explained_variance,6144,0.0005916953086853027,45
train/explained_variance,6656,0.1346868872642517,45
train/explained_variance,7168,0.10152637958526611,45
train/explained_variance,7680,0.12830811738967896,45
train/explained_variance,8192,0.11908704042434692,45
train/explained_variance,8704,0.09190458059310913,45
train/explained_variance,9216,0.2617042660713196,45
train/explained_variance,9728,0.3092424273490906,45
train/explained_variance,10240,0.2036501169204712,45
train/explained_variance,10752,0.2638304829597473,45
train/explained_variance,11264,0.20381534099578857,45
train/explained_variance,11776,0.2695370316505432,45
train/explained_variance,12288,0.13323712348937988,45
train/explained_variance,12800,0.23989152908325195,45
train/explained_variance,13312,0.220211923122406,45
train/explained_variance,13824,0.24982738494873047,45
train/explained_variance,14336,0.25101011991500854,45
train/explained_variance,14848,0.22930508852005005,45
train/explained_variance,15360,0.3047242760658264,45
train/explained_variance,15872,0.1595383882522583,45
train/explained_variance,16384,0.24643880128860474,45
train/explained_variance,16896,0.2718856930732727,45
train/explained_variance,17408,0.14240217208862305,45
train/explained_variance,17920,0.21875745058059692,45
train/explained_variance,18432,0.2857464551925659,45
train/explained_variance,18944,0.3462401032447815,45
train/explained_variance,19456,0.3792235255241394,45
train/explained_variance,19968,0.26194924116134644,45
train/explained_variance,20480,0.28999799489974976,45
train/explained_variance,20992,0.25932472944259644,45
train/explained_variance,21504,0.3822914958000183,45
train/explained_variance,22016,0.25102460384368896,45
train/explained_variance,22528,0.39916712045669556,45
train/explained_variance,23040,0.2746567726135254,45
train/explained_variance,23552,0.2928820252418518,45
train/explained_variance,24064,0.4209024906158447,45
train/explained_variance,24576,0.3325132131576538,45
train/explained_variance,25088,0.3497995138168335,45
train/explained_variance,25600,0.3522602915763855,45
train/explained_variance,26112,0.32260972261428833,45
train/explained_variance,26624,0.325656533241272,45
train/explained_variance,27136,0.3931658864021301,45
train/explained_variance,27648,0.43712884187698364,45
train/explained_variance,28160,0.386211097240448,45
train/explained_variance,28672,0.37519073486328125,45
train/explained_variance,29184,0.2654363512992859,45
train/explained_variance,29696,0.4746888279914856,45
train/explained_variance,30208,0.4307085871696472,45
train/learning_rate,1024,0.0003000000142492354,45
train/learning_rate,1536,0.0003000000142492354,45
train/learning_rate,2048,0.0003000000142492354,45
train/learning_rate,2560,0.0003000000142492354,45
train/learning_rate,3072,0.0003000000142492354,45
train/learning_rate,3584,0.0003000000142492354,45
train/learning_rate,4096,0.0003000000142492354,45
train/learning_rate,4608,0.0003000000142492354,45
train/learning_rate,5120,0.0003000000142492354,45
train/learning_rate,5632,0.0003000000142492354,45
train/learning_rate,6144,0.0003000000142492354,45
train/learning_rate,6656,0.0003000000142492354,45
train/learning_rate,7168,0.0003000000142492354,45
train/learning_rate,7680,0.0003000000142492354,45
train/learning_rate,8192,0.0003000000142492354,45
train/learning_rate,8704,0.0003000000142492354,45
train/learning_rate,9216,0.0003000000142492354,45
train/learning_rate,9728,0.0003000000142492354,45
train/learning_rate,10240,0.0003000000142492354,45
train/learning_rate,10752,0.0003000000142492354,45
train/learning_rate,11264,0.0003000000142492354,45
train/learning_rate,11776,0.0003000000142492354,45
train/learning_rate,12288,0.0003000000142492354,45
train/learning_rate,12800,0.0003000000142492354,45
train/learning_rate,13312,0.0003000000142492354,45
train/learning_rate,13824,0.0003000000142492354,45
train/learning_rate,14336,0.0003000000142492354,45
train/learning_rate,14848,0.0003000000142492354,45
train/learning_rate,15360,0.0003000000142492354,45
train/learning_rate,15872,0.0003000000142492354,45
train/learning_rate,16384,0.0003000000142492354,45
train/learning_rate,16896,0.0003000000142492354,45
train/learning_rate,17408,0.0003000000142492354,45
train/learning_rate,17920,0.0003000000142492354,45
train/learning_rate,18432,0.0003000000142492354,45
train/learning_rate,18944,0.0003000000142492354,45
train/learning_rate,19456,0.0003000000142492354,45
train/learning_rate,19968,0.0003000000142492354,45
train/learning_rate,20480,0.0003000000142492354,45
train/learning_rate,20992,0.0003000000142492354,45
train/learning_rate,21504,0.0003000000142492354,45
train/learning_rate,22016,0.0003000000142492354,45
train/learning_rate,22528,0.0003000000142492354,45
train/learning_rate,23040,0.0003000000142492354,45
train/learning_rate,23552,0.0003000000142492354,45
train/learning_rate,24064,0.0003000000142492354,45
train/learning_rate,24576,0.0003000000142492354,45
train/learning_rate,25088,0.0003000000142492354,45
train/learning_rate,25600,0.0003000000142492354,45
train/learning_rate,26112,0.0003000000142492354,45
train/learning_rate,26624,0.0003000000142492354,45
train/learning_rate,27136,0.0003000000142492354,45
train/learning_rate,27648,0.0003000000142492354,45
train/learning_rate,28160,0.0003000000142492354,45
train/learning_rate,28672,0.0003000000142492354,45
train/learning_rate,29184,0.0003000000142492354,45
train/learning_rate,29696,0.0003000000142492354,45
train/learning_rate,30208,0.0003000000142492354,45
train/loss,1024,0.4714438319206238,45
train/loss,1536,0.29589125514030457,45
train/loss,2048,0.19055025279521942,45
train/loss,2560,0.09588100016117096,45
train/loss,3072,0.031646087765693665,45
train/loss,3584,-0.013809192925691605,45
train/loss,4096,-0.03692983090877533,45
train/loss,4608,0.0014426186680793762,45
train/loss,5120,-0.0008344221860170364,45
train/loss,5632,-0.013656403869390488,45
train/loss,6144,-0.010278956964612007,45
train/loss,6656,0.0038441214710474014,45
train/loss,7168,-0.041597411036491394,45
train/loss,7680,-0.00272989459335804,45
train/loss,8192,-0.014804378151893616,45
train/loss,8704,-0.025333547964692116,45
train/loss,9216,-0.028427161276340485,45
train/loss,9728,-0.012303865514695644,45
train/loss,10240,-0.0019697537645697594,45
train/loss,10752,-0.019646963104605675,45
train/loss,11264,-0.008667894639074802,45
train/loss,11776,-0.011029042303562164,45
train/loss,12288,-0.029888486489653587,45
train/loss,12800,-0.019167976453900337,45
train/loss,13312,-0.02191857621073723,45
train/loss,13824,-0.02197851613163948,45
train/loss,14336,-0.010211382061243057,45
train/loss,14848,-0.019442860037088394,45
train/loss,15360,-0.01845269650220871,45
train/loss,15872,-0.030333667993545532,45
train/loss,16384,-0.03220947086811066,45
train/loss,16896,-0.015644878149032593,45
train/loss,17408,-0.012619536370038986,45
train/loss,17920,-0.022526457905769348,45
train/loss,18432,-0.017768122255802155,45
train/loss,18944,-0.012379158288240433,45
train/loss,19456,-0.024834444746375084,45
train/loss,19968,-0.00697428360581398,45
train/loss,20480,-0.004160691983997822,45
train/loss,20992,-0.021378759294748306,45
train/loss,21504,-0.01844857446849346,45
train/loss,22016,-0.022264394909143448,45
train/loss,22528,-0.017335347831249237,45
train/loss,23040,-0.012023204937577248,45
train/loss,23552,-0.021834181621670723,45
train/loss,24064,-0.0172211155295372,45
train/loss,24576,-0.018317636102437973,45
train/loss,25088,-0.006619347259402275,45
train/loss,25600,-0.01920504681766033,45
train/loss,26112,-0.040557194501161575,45
train/loss,26624,-0.013876796700060368,45
train/loss,27136,-0.033572178333997726,45
train/loss,27648,-0.03227349370718002,45
train/loss,28160,-0.020977851003408432,45
train/loss,28672,-0.022211391478776932,45
train/loss,29184,-0.031286220997571945,45
train/loss,29696,-0.02527027018368244,45
train/loss,30208,-0.03173794969916344,45
train/policy_gradient_loss,1024,-0.009422401897609234,45
train/policy_gradient_loss,1536,-0.012915965169668198,45
train/policy_gradient_loss,2048,-0.02773243561387062,45
train/policy_gradient_loss,2560,-0.032924942672252655,45
train/policy_gradient_loss,3072,-0.029363520443439484,45
train/policy_gradient_loss,3584,-0.030460147187113762,45
train/policy_gradient_loss,4096,-0.03152548149228096,45
train/policy_gradient_loss,4608,-0.030421212315559387,45
train/policy_gradient_loss,5120,-0.026128195226192474,45
train/policy_gradient_loss,5632,-0.02604529820382595,45
train/policy_gradient_loss,6144,-0.02455049939453602,45
train/policy_gradient_loss,6656,-0.016358710825443268,45
train/policy_gradient_loss,7168,-0.02838914282619953,45
train/policy_gradient_loss,7680,-0.021235797554254532,45
train/policy_gradient_loss,8192,-0.024094900116324425,45
train/policy_gradient_loss,8704,-0.027959056198596954,45
train/policy_gradient_loss,9216,-0.01833326742053032,45
train/policy_gradient_loss,9728,-0.024943644180893898,45
train/policy_gradient_loss,10240,-0.021774861961603165,45
train/policy_gradient_loss,10752,-0.024185705929994583,45
train/policy_gradient_loss,11264,-0.020389486104249954,45
train/policy_gradient_loss,11776,-0.023205898702144623,45
train/policy_gradient_loss,12288,-0.02507350966334343,45
train/policy_gradient_loss,12800,-0.021166302263736725,45
train/policy_gradient_loss,13312,-0.01926599256694317,45
train/policy_gradient_loss,13824,-0.017699550837278366,45
train/policy_gradient_loss,14336,-0.017208192497491837,45
train/policy_gradient_loss,14848,-0.020371008664369583,45
train/policy_gradient_loss,15360,-0.024197909981012344,45
train/policy_gradient_loss,15872,-0.01960531622171402,45
train/policy_gradient_loss,16384,-0.01979772374033928,45
train/policy_gradient_loss,16896,-0.021556101739406586,45
train/policy_gradient_loss,17408,-0.01726348325610161,45
train/policy_gradient_loss,17920,-0.021706638857722282,45
train/policy_gradient_loss,18432,-0.018426423892378807,45
train/policy_gradient_loss,18944,-0.019497154280543327,45
train/policy_gradient_loss,19456,-0.015969205647706985,45
train/policy_gradient_loss,19968,-0.015638431534171104,45
train/policy_gradient_loss,20480,-0.01707487553358078,45
train/policy_gradient_loss,20992,-0.01562412828207016,45
train/policy_gradient_loss,21504,-0.018041979521512985,45
train/policy_gradient_loss,22016,-0.020677095279097557,45
train/policy_gradient_loss,22528,-0.021917955949902534,45
train/policy_gradient_loss,23040,-0.01572612300515175,45
train/policy_gradient_loss,23552,-0.017867639660835266,45
train/policy_gradient_loss,24064,-0.01608317345380783,45
train/policy_gradient_loss,24576,-0.0184682235121727,45
train/policy_gradient_loss,25088,-0.020082443952560425,45
train/policy_gradient_loss,25600,-0.02664201334118843,45
train/policy_gradient_loss,26112,-0.024872824549674988,45
train/policy_gradient_loss,26624,-0.017929933965206146,45
train/policy_gradient_loss,27136,-0.022991608828306198,45
train/policy_gradient_loss,27648,-0.02503126673400402,45
train/policy_gradient_loss,28160,-0.018300170078873634,45
train/policy_gradient_loss,28672,-0.018474362790584564,45
train/policy_gradient_loss,29184,-0.019603703171014786,45
train/policy_gradient_loss,29696,-0.018930543214082718,45
train/policy_gradient_loss,30208,-0.02110711671411991,45
train/std,1024,0.6055110096931458,45
train/std,1536,0.6013690233230591,45
train/std,2048,0.598828136920929,45
train/std,2560,0.5945391654968262,45
train/std,3072,0.5888091921806335,45
train/std,3584,0.5839083194732666,45
train/std,4096,0.5783573985099792,45
train/std,4608,0.5738527774810791,45
train/std,5120,0.5697558522224426,45
train/std,5632,0.5658515691757202,45
train/std,6144,0.5613522529602051,45
train/std,6656,0.557658851146698,45
train/std,7168,0.5544512271881104,45
train/std,7680,0.5519673824310303,45
train/std,8192,0.5487598180770874,45
train/std,8704,0.545174241065979,45
train/std,9216,0.5427793264389038,45
train/std,9728,0.5405533313751221,45
train/std,10240,0.5381572842597961,45
train/std,10752,0.5372868180274963,45
train/std,11264,0.535712480545044,45
train/std,11776,0.5330461859703064,45
train/std,12288,0.5303443670272827,45
train/std,12800,0.5287648439407349,45
train/std,13312,0.5289851427078247,45
train/std,13824,0.5271079540252686,45
train/std,14336,0.5241490006446838,45
train/std,14848,0.521465539932251,45
train/std,15360,0.518867015838623,45
train/std,15872,0.5182592272758484,45
train/std,16384,0.515915036201477,45
train/std,16896,0.5129910111427307,45
train/std,17408,0.5109685659408569,45
train/std,17920,0.509487509727478,45
train/std,18432,0.5075688362121582,45
train/std,18944,0.5053485631942749,45
train/std,19456,0.5043393969535828,45
train/std,19968,0.5024622678756714,45
train/std,20480,0.4995807409286499,45
train/std,20992,0.49818915128707886,45
train/std,21504,0.4974766969680786,45
train/std,22016,0.49520424008369446,45
train/std,22528,0.49274513125419617,45
train/std,23040,0.4914780855178833,45
train/std,23552,0.49036818742752075,45
train/std,24064,0.4881766438484192,45
train/std,24576,0.4849773049354553,45
train/std,25088,0.48175740242004395,45
train/std,25600,0.4791901409626007,45
train/std,26112,0.4777846932411194,45
train/std,26624,0.47540146112442017,45
train/std,27136,0.4744049906730652,45
train/std,27648,0.47242459654808044,45
train/std,28160,0.4706072509288788,45
train/std,28672,0.46893057227134705,45
train/std,29184,0.4667888879776001,45
train/std,29696,0.4641779959201813,45
train/std,30208,0.4621669054031372,45
train/value_loss,1024,1.1015405654907227,45
train/value_loss,1536,0.8053564429283142,45
train/value_loss,2048,0.5640178322792053,45
train/value_loss,2560,0.41521623730659485,45
train/value_loss,3072,0.2527243196964264,45
train/value_loss,3584,0.11923979967832565,45
train/value_loss,4096,0.06752361357212067,45
train/value_loss,4608,0.057487256824970245,45
train/value_loss,5120,0.060567282140254974,45
train/value_loss,5632,0.060011621564626694,45
train/value_loss,6144,0.06027177721261978,45
train/value_loss,6656,0.043308719992637634,45
train/value_loss,7168,0.03758248686790466,45
train/value_loss,7680,0.04158749058842659,45
train/value_loss,8192,0.03979317098855972,45
train/value_loss,8704,0.03959397226572037,45
train/value_loss,9216,0.03349171578884125,45
train/value_loss,9728,0.03463525325059891,45
train/value_loss,10240,0.03169458732008934,45
train/value_loss,10752,0.034706369042396545,45
train/value_loss,11264,0.029917864128947258,45
train/value_loss,11776,0.028718268498778343,45
train/value_loss,12288,0.02934185229241848,45
train/value_loss,12800,0.033457040786743164,45
train/value_loss,13312,0.030011078342795372,45
train/value_loss,13824,0.027252603322267532,45
train/value_loss,14336,0.028118835762143135,45
train/value_loss,14848,0.03233697637915611,45
train/value_loss,15360,0.03349456936120987,45
train/value_loss,15872,0.03412000462412834,45
train/value_loss,16384,0.036294277757406235,45
train/value_loss,16896,0.034277234226465225,45
train/value_loss,17408,0.02541525289416313,45
train/value_loss,17920,0.033399879932403564,45
train/value_loss,18432,0.029643230140209198,45
train/value_loss,18944,0.02717898227274418,45
train/value_loss,19456,0.02586783468723297,45
train/value_loss,19968,0.02611733414232731,45
train/value_loss,20480,0.022955510765314102,45
train/value_loss,20992,0.020474841818213463,45
train/value_loss,21504,0.021957678720355034,45
train/value_loss,22016,0.02245950698852539,45
train/value_loss,22528,0.02211715094745159,45
train/value_loss,23040,0.019472386687994003,45
train/value_loss,23552,0.019701804965734482,45
train/value_loss,24064,0.019137568771839142,45
train/value_loss,24576,0.023416059091687202,45
train/value_loss,25088,0.020504716783761978,45
train/value_loss,25600,0.016436254605650902,45
train/value_loss,26112,0.019588567316532135,45
train/value_loss,26624,0.017294272780418396,45
train/value_loss,27136,0.018785355612635612,45
train/value_loss,27648,0.01650695875287056,45
train/value_loss,28160,0.018893292173743248,45
train/value_loss,28672,0.0157922375947237,45
train/value_loss,29184,0.019950151443481445,45
train/value_loss,29696,0.016381993889808655,45
train/value_loss,30208,0.01536300964653492,45
rollout/ep_len_mean,512,1.0,46
rollout/ep_len_mean,1024,1.0,46
rollout/ep_len_mean,1536,1.0,46
rollout/ep_len_mean,2048,1.0,46
rollout/ep_len_mean,2560,1.0,46
rollout/ep_len_mean,3072,1.0,46
rollout/ep_len_mean,3584,1.0,46
rollout/ep_len_mean,4096,1.0,46
rollout/ep_len_mean,4608,1.0,46
rollout/ep_len_mean,5120,1.0,46
rollout/ep_len_mean,5632,1.0,46
rollout/ep_len_mean,6144,1.0,46
rollout/ep_len_mean,6656,1.0,46
rollout/ep_len_mean,7168,1.0,46
rollout/ep_len_mean,7680,1.0,46
rollout/ep_len_mean,8192,1.0,46
rollout/ep_len_mean,8704,1.0,46
rollout/ep_len_mean,9216,1.0,46
rollout/ep_len_mean,9728,1.0,46
rollout/ep_len_mean,10240,1.0,46
rollout/ep_len_mean,10752,1.0,46
rollout/ep_len_mean,11264,1.0,46
rollout/ep_len_mean,11776,1.0,46
rollout/ep_len_mean,12288,1.0,46
rollout/ep_len_mean,12800,1.0,46
rollout/ep_len_mean,13312,1.0,46
rollout/ep_len_mean,13824,1.0,46
rollout/ep_len_mean,14336,1.0,46
rollout/ep_len_mean,14848,1.0,46
rollout/ep_len_mean,15360,1.0,46
rollout/ep_len_mean,15872,1.0,46
rollout/ep_len_mean,16384,1.0,46
rollout/ep_len_mean,16896,1.0,46
rollout/ep_len_mean,17408,1.0,46
rollout/ep_len_mean,17920,1.0,46
rollout/ep_len_mean,18432,1.0,46
rollout/ep_len_mean,18944,1.0,46
rollout/ep_len_mean,19456,1.0,46
rollout/ep_len_mean,19968,1.0,46
rollout/ep_len_mean,20480,1.0,46
rollout/ep_len_mean,20992,1.0,46
rollout/ep_len_mean,21504,1.0,46
rollout/ep_len_mean,22016,1.0,46
rollout/ep_len_mean,22528,1.0,46
rollout/ep_len_mean,23040,1.0,46
rollout/ep_len_mean,23552,1.0,46
rollout/ep_len_mean,24064,1.0,46
rollout/ep_len_mean,24576,1.0,46
rollout/ep_len_mean,25088,1.0,46
rollout/ep_len_mean,25600,1.0,46
rollout/ep_len_mean,26112,1.0,46
rollout/ep_len_mean,26624,1.0,46
rollout/ep_len_mean,27136,1.0,46
rollout/ep_len_mean,27648,1.0,46
rollout/ep_len_mean,28160,1.0,46
rollout/ep_len_mean,28672,1.0,46
rollout/ep_len_mean,29184,1.0,46
rollout/ep_len_mean,29696,1.0,46
rollout/ep_len_mean,30208,1.0,46
rollout/ep_rew_mean,512,0.9254569411277771,46
rollout/ep_rew_mean,1024,0.9846797585487366,46
rollout/ep_rew_mean,1536,1.004162073135376,46
rollout/ep_rew_mean,2048,0.961442768573761,46
rollout/ep_rew_mean,2560,0.9855263233184814,46
rollout/ep_rew_mean,3072,1.0306668281555176,46
rollout/ep_rew_mean,3584,0.9846934676170349,46
rollout/ep_rew_mean,4096,1.0536879301071167,46
rollout/ep_rew_mean,4608,1.0633525848388672,46
rollout/ep_rew_mean,5120,1.0542681217193604,46
rollout/ep_rew_mean,5632,1.0166434049606323,46
rollout/ep_rew_mean,6144,1.1091407537460327,46
rollout/ep_rew_mean,6656,1.0994678735733032,46
rollout/ep_rew_mean,7168,1.0453699827194214,46
rollout/ep_rew_mean,7680,1.0916141271591187,46
rollout/ep_rew_mean,8192,1.070834994316101,46
rollout/ep_rew_mean,8704,1.1187782287597656,46
rollout/ep_rew_mean,9216,1.1024320125579834,46
rollout/ep_rew_mean,9728,1.0907198190689087,46
rollout/ep_rew_mean,10240,1.1187087297439575,46
rollout/ep_rew_mean,10752,1.1026605367660522,46
rollout/ep_rew_mean,11264,1.1264177560806274,46
rollout/ep_rew_mean,11776,1.0973496437072754,46
rollout/ep_rew_mean,12288,1.0991570949554443,46
rollout/ep_rew_mean,12800,1.131577491760254,46
rollout/ep_rew_mean,13312,1.1063793897628784,46
rollout/ep_rew_mean,13824,1.1143474578857422,46
rollout/ep_rew_mean,14336,1.1165931224822998,46
rollout/ep_rew_mean,14848,1.1098101139068604,46
rollout/ep_rew_mean,15360,1.1061147451400757,46
rollout/ep_rew_mean,15872,1.096867561340332,46
rollout/ep_rew_mean,16384,1.1075676679611206,46
rollout/ep_rew_mean,16896,1.1182701587677002,46
rollout/ep_rew_mean,17408,1.0914428234100342,46
rollout/ep_rew_mean,17920,1.1285892724990845,46
rollout/ep_rew_mean,18432,1.1201289892196655,46
rollout/ep_rew_mean,18944,1.0949409008026123,46
rollout/ep_rew_mean,19456,1.1379616260528564,46
rollout/ep_rew_mean,19968,1.1332443952560425,46
rollout/ep_rew_mean,20480,1.1296013593673706,46
rollout/ep_rew_mean,20992,1.131658911705017,46
rollout/ep_rew_mean,21504,1.1733763217926025,46
rollout/ep_rew_mean,22016,1.1538084745407104,46
rollout/ep_rew_mean,22528,1.1693960428237915,46
rollout/ep_rew_mean,23040,1.137320637702942,46
rollout/ep_rew_mean,23552,1.1789391040802002,46
rollout/ep_rew_mean,24064,1.1240774393081665,46
rollout/ep_rew_mean,24576,1.1100914478302002,46
rollout/ep_rew_mean,25088,1.1428509950637817,46
rollout/ep_rew_mean,25600,1.153062343597412,46
rollout/ep_rew_mean,26112,1.1662187576293945,46
rollout/ep_rew_mean,26624,1.1512655019760132,46
rollout/ep_rew_mean,27136,1.155151605606079,46
rollout/ep_rew_mean,27648,1.1459672451019287,46
rollout/ep_rew_mean,28160,1.1289525032043457,46
rollout/ep_rew_mean,28672,1.1489284038543701,46
rollout/ep_rew_mean,29184,1.1524509191513062,46
rollout/ep_rew_mean,29696,1.143025279045105,46
rollout/ep_rew_mean,30208,1.1307026147842407,46
time/fps,512,7.0,46
time/fps,1024,7.0,46
time/fps,1536,7.0,46
time/fps,2048,7.0,46
time/fps,2560,7.0,46
time/fps,3072,7.0,46
time/fps,3584,7.0,46
time/fps,4096,7.0,46
time/fps,4608,7.0,46
time/fps,5120,7.0,46
time/fps,5632,7.0,46
time/fps,6144,7.0,46
time/fps,6656,7.0,46
time/fps,7168,7.0,46
time/fps,7680,8.0,46
time/fps,8192,8.0,46
time/fps,8704,8.0,46
time/fps,9216,8.0,46
time/fps,9728,8.0,46
time/fps,10240,8.0,46
time/fps,10752,8.0,46
time/fps,11264,8.0,46
time/fps,11776,8.0,46
time/fps,12288,8.0,46
time/fps,12800,8.0,46
time/fps,13312,8.0,46
time/fps,13824,8.0,46
time/fps,14336,9.0,46
time/fps,14848,9.0,46
time/fps,15360,9.0,46
time/fps,15872,9.0,46
time/fps,16384,9.0,46
time/fps,16896,9.0,46
time/fps,17408,9.0,46
time/fps,17920,9.0,46
time/fps,18432,9.0,46
time/fps,18944,9.0,46
time/fps,19456,9.0,46
time/fps,19968,9.0,46
time/fps,20480,9.0,46
time/fps,20992,9.0,46
time/fps,21504,10.0,46
time/fps,22016,10.0,46
time/fps,22528,10.0,46
time/fps,23040,10.0,46
time/fps,23552,10.0,46
time/fps,24064,10.0,46
time/fps,24576,10.0,46
time/fps,25088,10.0,46
time/fps,25600,10.0,46
time/fps,26112,10.0,46
time/fps,26624,10.0,46
time/fps,27136,10.0,46
time/fps,27648,10.0,46
time/fps,28160,10.0,46
time/fps,28672,10.0,46
time/fps,29184,10.0,46
time/fps,29696,10.0,46
time/fps,30208,10.0,46
train/approx_kl,1024,0.007559353951364756,46
train/approx_kl,1536,0.009290218353271484,46
train/approx_kl,2048,0.011571149341762066,46
train/approx_kl,2560,0.015344176441431046,46
train/approx_kl,3072,0.013583161868155003,46
train/approx_kl,3584,0.010421528480947018,46
train/approx_kl,4096,0.018361464142799377,46
train/approx_kl,4608,0.0246114581823349,46
train/approx_kl,5120,0.02346155047416687,46
train/approx_kl,5632,0.01972860097885132,46
train/approx_kl,6144,0.012896347790956497,46
train/approx_kl,6656,0.018500953912734985,46
train/approx_kl,7168,0.015231946483254433,46
train/approx_kl,7680,0.019322216510772705,46
train/approx_kl,8192,0.019751347601413727,46
train/approx_kl,8704,0.016697419807314873,46
train/approx_kl,9216,0.017187580466270447,46
train/approx_kl,9728,0.012455583550035954,46
train/approx_kl,10240,0.015099010430276394,46
train/approx_kl,10752,0.013990783132612705,46
train/approx_kl,11264,0.014901907183229923,46
train/approx_kl,11776,0.012687020003795624,46
train/approx_kl,12288,0.009032564237713814,46
train/approx_kl,12800,0.010971546173095703,46
train/approx_kl,13312,0.00797272752970457,46
train/approx_kl,13824,0.012657754123210907,46
train/approx_kl,14336,0.013081636279821396,46
train/approx_kl,14848,0.011483523063361645,46
train/approx_kl,15360,0.015063476748764515,46
train/approx_kl,15872,0.011045578867197037,46
train/approx_kl,16384,0.013520385138690472,46
train/approx_kl,16896,0.016766738146543503,46
train/approx_kl,17408,0.010509301908314228,46
train/approx_kl,17920,0.010867491364479065,46
train/approx_kl,18432,0.009016248397529125,46
train/approx_kl,18944,0.012084230780601501,46
train/approx_kl,19456,0.015056231990456581,46
train/approx_kl,19968,0.011732101440429688,46
train/approx_kl,20480,0.013756982982158661,46
train/approx_kl,20992,0.011749770492315292,46
train/approx_kl,21504,0.010531392879784107,46
train/approx_kl,22016,0.010628007352352142,46
train/approx_kl,22528,0.012352569960057735,46
train/approx_kl,23040,0.012104176916182041,46
train/approx_kl,23552,0.015069263055920601,46
train/approx_kl,24064,0.011537482962012291,46
train/approx_kl,24576,0.01457731332629919,46
train/approx_kl,25088,0.01226220652461052,46
train/approx_kl,25600,0.009909171611070633,46
train/approx_kl,26112,0.012963331304490566,46
train/approx_kl,26624,0.010872172191739082,46
train/approx_kl,27136,0.012125334702432156,46
train/approx_kl,27648,0.010150766931474209,46
train/approx_kl,28160,0.011079559102654457,46
train/approx_kl,28672,0.015615977346897125,46
train/approx_kl,29184,0.013941630721092224,46
train/approx_kl,29696,0.01034289225935936,46
train/approx_kl,30208,0.017484894022345543,46
train/clip_fraction,1024,0.04042968899011612,46
train/clip_fraction,1536,0.03339843824505806,46
train/clip_fraction,2048,0.05488281324505806,46
train/clip_fraction,2560,0.09160156548023224,46
train/clip_fraction,3072,0.08574219048023224,46
train/clip_fraction,3584,0.05976562574505806,46
train/clip_fraction,4096,0.10976562649011612,46
train/clip_fraction,4608,0.15644530951976776,46
train/clip_fraction,5120,0.15761718153953552,46
train/clip_fraction,5632,0.11660156399011612,46
train/clip_fraction,6144,0.09199218451976776,46
train/clip_fraction,6656,0.13710936903953552,46
train/clip_fraction,7168,0.11054687201976776,46
train/clip_fraction,7680,0.13808593153953552,46
train/clip_fraction,8192,0.13242188096046448,46
train/clip_fraction,8704,0.09707031399011612,46
train/clip_fraction,9216,0.10722656548023224,46
train/clip_fraction,9728,0.09804687649011612,46
train/clip_fraction,10240,0.10468749701976776,46
train/clip_fraction,10752,0.087890625,46
train/clip_fraction,11264,0.10468749701976776,46
train/clip_fraction,11776,0.0849609375,46
train/clip_fraction,12288,0.083984375,46
train/clip_fraction,12800,0.08945312350988388,46
train/clip_fraction,13312,0.04433593899011612,46
train/clip_fraction,13824,0.10546875,46
train/clip_fraction,14336,0.09394530951976776,46
train/clip_fraction,14848,0.07597656548023224,46
train/clip_fraction,15360,0.10722656548023224,46
train/clip_fraction,15872,0.09199218451976776,46
train/clip_fraction,16384,0.11445312201976776,46
train/clip_fraction,16896,0.14589843153953552,46
train/clip_fraction,17408,0.06953124701976776,46
train/clip_fraction,17920,0.08769531548023224,46
train/clip_fraction,18432,0.05976562574505806,46
train/clip_fraction,18944,0.08535156399011612,46
train/clip_fraction,19456,0.10292968899011612,46
train/clip_fraction,19968,0.07207031548023224,46
train/clip_fraction,20480,0.11152343451976776,46
train/clip_fraction,20992,0.09765625,46
train/clip_fraction,21504,0.09746094048023224,46
train/clip_fraction,22016,0.138671875,46
train/clip_fraction,22528,0.1201171875,46
train/clip_fraction,23040,0.11562500149011612,46
train/clip_fraction,23552,0.1123046875,46
train/clip_fraction,24064,0.09140624850988388,46
train/clip_fraction,24576,0.11933593451976776,46
train/clip_fraction,25088,0.09628906100988388,46
train/clip_fraction,25600,0.07949218899011612,46
train/clip_fraction,26112,0.12050781399011612,46
train/clip_fraction,26624,0.09335937350988388,46
train/clip_fraction,27136,0.08242187649011612,46
train/clip_fraction,27648,0.08261718600988388,46
train/clip_fraction,28160,0.10722656548023224,46
train/clip_fraction,28672,0.13242188096046448,46
train/clip_fraction,29184,0.11367187649011612,46
train/clip_fraction,29696,0.10976562649011612,46
train/clip_fraction,30208,0.12890625,46
train/clip_range,1024,0.20000000298023224,46
train/clip_range,1536,0.20000000298023224,46
train/clip_range,2048,0.20000000298023224,46
train/clip_range,2560,0.20000000298023224,46
train/clip_range,3072,0.20000000298023224,46
train/clip_range,3584,0.20000000298023224,46
train/clip_range,4096,0.20000000298023224,46
train/clip_range,4608,0.20000000298023224,46
train/clip_range,5120,0.20000000298023224,46
train/clip_range,5632,0.20000000298023224,46
train/clip_range,6144,0.20000000298023224,46
train/clip_range,6656,0.20000000298023224,46
train/clip_range,7168,0.20000000298023224,46
train/clip_range,7680,0.20000000298023224,46
train/clip_range,8192,0.20000000298023224,46
train/clip_range,8704,0.20000000298023224,46
train/clip_range,9216,0.20000000298023224,46
train/clip_range,9728,0.20000000298023224,46
train/clip_range,10240,0.20000000298023224,46
train/clip_range,10752,0.20000000298023224,46
train/clip_range,11264,0.20000000298023224,46
train/clip_range,11776,0.20000000298023224,46
train/clip_range,12288,0.20000000298023224,46
train/clip_range,12800,0.20000000298023224,46
train/clip_range,13312,0.20000000298023224,46
train/clip_range,13824,0.20000000298023224,46
train/clip_range,14336,0.20000000298023224,46
train/clip_range,14848,0.20000000298023224,46
train/clip_range,15360,0.20000000298023224,46
train/clip_range,15872,0.20000000298023224,46
train/clip_range,16384,0.20000000298023224,46
train/clip_range,16896,0.20000000298023224,46
train/clip_range,17408,0.20000000298023224,46
train/clip_range,17920,0.20000000298023224,46
train/clip_range,18432,0.20000000298023224,46
train/clip_range,18944,0.20000000298023224,46
train/clip_range,19456,0.20000000298023224,46
train/clip_range,19968,0.20000000298023224,46
train/clip_range,20480,0.20000000298023224,46
train/clip_range,20992,0.20000000298023224,46
train/clip_range,21504,0.20000000298023224,46
train/clip_range,22016,0.20000000298023224,46
train/clip_range,22528,0.20000000298023224,46
train/clip_range,23040,0.20000000298023224,46
train/clip_range,23552,0.20000000298023224,46
train/clip_range,24064,0.20000000298023224,46
train/clip_range,24576,0.20000000298023224,46
train/clip_range,25088,0.20000000298023224,46
train/clip_range,25600,0.20000000298023224,46
train/clip_range,26112,0.20000000298023224,46
train/clip_range,26624,0.20000000298023224,46
train/clip_range,27136,0.20000000298023224,46
train/clip_range,27648,0.20000000298023224,46
train/clip_range,28160,0.20000000298023224,46
train/clip_range,28672,0.20000000298023224,46
train/clip_range,29184,0.20000000298023224,46
train/clip_range,29696,0.20000000298023224,46
train/clip_range,30208,0.20000000298023224,46
train/entropy_loss,1024,-3.6729166507720947,46
train/entropy_loss,1536,-3.6596879959106445,46
train/entropy_loss,2048,-3.633904218673706,46
train/entropy_loss,2560,-3.614335775375366,46
train/entropy_loss,3072,-3.582521677017212,46
train/entropy_loss,3584,-3.549992084503174,46
train/entropy_loss,4096,-3.5223658084869385,46
train/entropy_loss,4608,-3.4986114501953125,46
train/entropy_loss,5120,-3.4758479595184326,46
train/entropy_loss,5632,-3.457268476486206,46
train/entropy_loss,6144,-3.433622360229492,46
train/entropy_loss,6656,-3.4103596210479736,46
train/entropy_loss,7168,-3.384829521179199,46
train/entropy_loss,7680,-3.3619298934936523,46
train/entropy_loss,8192,-3.3421707153320312,46
train/entropy_loss,8704,-3.324143886566162,46
train/entropy_loss,9216,-3.30212664604187,46
train/entropy_loss,9728,-3.2747368812561035,46
train/entropy_loss,10240,-3.239834785461426,46
train/entropy_loss,10752,-3.2090036869049072,46
train/entropy_loss,11264,-3.191845417022705,46
train/entropy_loss,11776,-3.171633243560791,46
train/entropy_loss,12288,-3.1505963802337646,46
train/entropy_loss,12800,-3.132772445678711,46
train/entropy_loss,13312,-3.107043981552124,46
train/entropy_loss,13824,-3.0759565830230713,46
train/entropy_loss,14336,-3.050868511199951,46
train/entropy_loss,14848,-3.021043062210083,46
train/entropy_loss,15360,-2.9953739643096924,46
train/entropy_loss,15872,-2.9767489433288574,46
train/entropy_loss,16384,-2.964080333709717,46
train/entropy_loss,16896,-2.9438180923461914,46
train/entropy_loss,17408,-2.931600570678711,46
train/entropy_loss,17920,-2.920377016067505,46
train/entropy_loss,18432,-2.90731143951416,46
train/entropy_loss,18944,-2.879697799682617,46
train/entropy_loss,19456,-2.862595558166504,46
train/entropy_loss,19968,-2.838907241821289,46
train/entropy_loss,20480,-2.81736159324646,46
train/entropy_loss,20992,-2.805954933166504,46
train/entropy_loss,21504,-2.7998101711273193,46
train/entropy_loss,22016,-2.78877592086792,46
train/entropy_loss,22528,-2.7707509994506836,46
train/entropy_loss,23040,-2.7468979358673096,46
train/entropy_loss,23552,-2.7272233963012695,46
train/entropy_loss,24064,-2.7104814052581787,46
train/entropy_loss,24576,-2.6962718963623047,46
train/entropy_loss,25088,-2.690542697906494,46
train/entropy_loss,25600,-2.679530620574951,46
train/entropy_loss,26112,-2.666306734085083,46
train/entropy_loss,26624,-2.6555099487304688,46
train/entropy_loss,27136,-2.6389341354370117,46
train/entropy_loss,27648,-2.6230785846710205,46
train/entropy_loss,28160,-2.6053786277770996,46
train/entropy_loss,28672,-2.5935049057006836,46
train/entropy_loss,29184,-2.5751070976257324,46
train/entropy_loss,29696,-2.5569233894348145,46
train/entropy_loss,30208,-2.5287322998046875,46
train/explained_variance,1024,-6.682819366455078,46
train/explained_variance,1536,-1.7484545707702637,46
train/explained_variance,2048,-0.4064987897872925,46
train/explained_variance,2560,-0.0793381929397583,46
train/explained_variance,3072,0.03157097101211548,46
train/explained_variance,3584,-0.06630945205688477,46
train/explained_variance,4096,0.017272531986236572,46
train/explained_variance,4608,-0.18986105918884277,46
train/explained_variance,5120,0.07267200946807861,46
train/explained_variance,5632,0.025261342525482178,46
train/explained_variance,6144,0.050807833671569824,46
train/explained_variance,6656,0.013111293315887451,46
train/explained_variance,7168,-0.05012357234954834,46
train/explained_variance,7680,0.07073181867599487,46
train/explained_variance,8192,0.08007127046585083,46
train/explained_variance,8704,0.16174650192260742,46
train/explained_variance,9216,0.1340181827545166,46
train/explained_variance,9728,0.09107661247253418,46
train/explained_variance,10240,0.08836114406585693,46
train/explained_variance,10752,0.236719012260437,46
train/explained_variance,11264,0.24737274646759033,46
train/explained_variance,11776,0.17708826065063477,46
train/explained_variance,12288,0.057659149169921875,46
train/explained_variance,12800,0.143662691116333,46
train/explained_variance,13312,0.13156187534332275,46
train/explained_variance,13824,0.22993159294128418,46
train/explained_variance,14336,0.2611619234085083,46
train/explained_variance,14848,0.1434241533279419,46
train/explained_variance,15360,0.23143267631530762,46
train/explained_variance,15872,0.2039380669593811,46
train/explained_variance,16384,0.2509550452232361,46
train/explained_variance,16896,0.2449021339416504,46
train/explained_variance,17408,0.1394607424736023,46
train/explained_variance,17920,0.23880678415298462,46
train/explained_variance,18432,0.2906465530395508,46
train/explained_variance,18944,0.2876971364021301,46
train/explained_variance,19456,0.3083115220069885,46
train/explained_variance,19968,0.1711602807044983,46
train/explained_variance,20480,0.31024277210235596,46
train/explained_variance,20992,0.19383788108825684,46
train/explained_variance,21504,0.3553195595741272,46
train/explained_variance,22016,0.1680443286895752,46
train/explained_variance,22528,0.3165069818496704,46
train/explained_variance,23040,0.24090296030044556,46
train/explained_variance,23552,0.32843226194381714,46
train/explained_variance,24064,0.3200184106826782,46
train/explained_variance,24576,0.2135031819343567,46
train/explained_variance,25088,0.3307921886444092,46
train/explained_variance,25600,0.26505768299102783,46
train/explained_variance,26112,0.2768140435218811,46
train/explained_variance,26624,0.34646809101104736,46
train/explained_variance,27136,0.361955463886261,46
train/explained_variance,27648,0.352133572101593,46
train/explained_variance,28160,0.3930779695510864,46
train/explained_variance,28672,0.3364744782447815,46
train/explained_variance,29184,0.3111138343811035,46
train/explained_variance,29696,0.38825416564941406,46
train/explained_variance,30208,0.3047175407409668,46
train/learning_rate,1024,0.0003000000142492354,46
train/learning_rate,1536,0.0003000000142492354,46
train/learning_rate,2048,0.0003000000142492354,46
train/learning_rate,2560,0.0003000000142492354,46
train/learning_rate,3072,0.0003000000142492354,46
train/learning_rate,3584,0.0003000000142492354,46
train/learning_rate,4096,0.0003000000142492354,46
train/learning_rate,4608,0.0003000000142492354,46
train/learning_rate,5120,0.0003000000142492354,46
train/learning_rate,5632,0.0003000000142492354,46
train/learning_rate,6144,0.0003000000142492354,46
train/learning_rate,6656,0.0003000000142492354,46
train/learning_rate,7168,0.0003000000142492354,46
train/learning_rate,7680,0.0003000000142492354,46
train/learning_rate,8192,0.0003000000142492354,46
train/learning_rate,8704,0.0003000000142492354,46
train/learning_rate,9216,0.0003000000142492354,46
train/learning_rate,9728,0.0003000000142492354,46
train/learning_rate,10240,0.0003000000142492354,46
train/learning_rate,10752,0.0003000000142492354,46
train/learning_rate,11264,0.0003000000142492354,46
train/learning_rate,11776,0.0003000000142492354,46
train/learning_rate,12288,0.0003000000142492354,46
train/learning_rate,12800,0.0003000000142492354,46
train/learning_rate,13312,0.0003000000142492354,46
train/learning_rate,13824,0.0003000000142492354,46
train/learning_rate,14336,0.0003000000142492354,46
train/learning_rate,14848,0.0003000000142492354,46
train/learning_rate,15360,0.0003000000142492354,46
train/learning_rate,15872,0.0003000000142492354,46
train/learning_rate,16384,0.0003000000142492354,46
train/learning_rate,16896,0.0003000000142492354,46
train/learning_rate,17408,0.0003000000142492354,46
train/learning_rate,17920,0.0003000000142492354,46
train/learning_rate,18432,0.0003000000142492354,46
train/learning_rate,18944,0.0003000000142492354,46
train/learning_rate,19456,0.0003000000142492354,46
train/learning_rate,19968,0.0003000000142492354,46
train/learning_rate,20480,0.0003000000142492354,46
train/learning_rate,20992,0.0003000000142492354,46
train/learning_rate,21504,0.0003000000142492354,46
train/learning_rate,22016,0.0003000000142492354,46
train/learning_rate,22528,0.0003000000142492354,46
train/learning_rate,23040,0.0003000000142492354,46
train/learning_rate,23552,0.0003000000142492354,46
train/learning_rate,24064,0.0003000000142492354,46
train/learning_rate,24576,0.0003000000142492354,46
train/learning_rate,25088,0.0003000000142492354,46
train/learning_rate,25600,0.0003000000142492354,46
train/learning_rate,26112,0.0003000000142492354,46
train/learning_rate,26624,0.0003000000142492354,46
train/learning_rate,27136,0.0003000000142492354,46
train/learning_rate,27648,0.0003000000142492354,46
train/learning_rate,28160,0.0003000000142492354,46
train/learning_rate,28672,0.0003000000142492354,46
train/learning_rate,29184,0.0003000000142492354,46
train/learning_rate,29696,0.0003000000142492354,46
train/learning_rate,30208,0.0003000000142492354,46
train/loss,1024,0.43401315808296204,46
train/loss,1536,0.3574807345867157,46
train/loss,2048,0.21854561567306519,46
train/loss,2560,0.1334557831287384,46
train/loss,3072,0.055723145604133606,46
train/loss,3584,0.011535461992025375,46
train/loss,4096,-0.03780953586101532,46
train/loss,4608,-0.02577756717801094,46
train/loss,5120,-0.02079908549785614,46
train/loss,5632,-0.025754988193511963,46
train/loss,6144,-0.006488028913736343,46
train/loss,6656,-0.007647596299648285,46
train/loss,7168,-0.011993782594799995,46
train/loss,7680,-0.019532058387994766,46
train/loss,8192,-0.016027254983782768,46
train/loss,8704,-0.027799434959888458,46
train/loss,9216,-0.02216578833758831,46
train/loss,9728,-0.005701247602701187,46
train/loss,10240,-0.027505364269018173,46
train/loss,10752,-0.024091510102152824,46
train/loss,11264,-0.0016044769436120987,46
train/loss,11776,-0.026002954691648483,46
train/loss,12288,0.0012962855398654938,46
train/loss,12800,-0.012614776380360126,46
train/loss,13312,-0.014322564005851746,46
train/loss,13824,-0.012531012296676636,46
train/loss,14336,-0.03854537755250931,46
train/loss,14848,-0.015045969747006893,46
train/loss,15360,-0.03215920925140381,46
train/loss,15872,-0.02173786796629429,46
train/loss,16384,-0.017058655619621277,46
train/loss,16896,-0.018510419875383377,46
train/loss,17408,-0.025101210922002792,46
train/loss,17920,-0.008396126329898834,46
train/loss,18432,-0.007857166230678558,46
train/loss,18944,-0.01111578568816185,46
train/loss,19456,-0.020890556275844574,46
train/loss,19968,-0.013999325223267078,46
train/loss,20480,-0.023755181580781937,46
train/loss,20992,-0.02197899855673313,46
train/loss,21504,-0.011081450618803501,46
train/loss,22016,-0.03628040850162506,46
train/loss,22528,-0.01510619092732668,46
train/loss,23040,-0.020665455609560013,46
train/loss,23552,-0.011259058490395546,46
train/loss,24064,-0.023555900901556015,46
train/loss,24576,-0.03029143065214157,46
train/loss,25088,-0.030237406492233276,46
train/loss,25600,-0.018345337361097336,46
train/loss,26112,-0.03222189471125603,46
train/loss,26624,-0.020251767709851265,46
train/loss,27136,-0.01854630373418331,46
train/loss,27648,-0.02111715078353882,46
train/loss,28160,-0.024063169956207275,46
train/loss,28672,-0.030593469738960266,46
train/loss,29184,-0.008187168277800083,46
train/loss,29696,-0.006808809004724026,46
train/loss,30208,-0.017678486183285713,46
train/policy_gradient_loss,1024,-0.012885372154414654,46
train/policy_gradient_loss,1536,-0.017773384228348732,46
train/policy_gradient_loss,2048,-0.018517358228564262,46
train/policy_gradient_loss,2560,-0.031023941934108734,46
train/policy_gradient_loss,3072,-0.02658437192440033,46
train/policy_gradient_loss,3584,-0.01936512440443039,46
train/policy_gradient_loss,4096,-0.03152550384402275,46
train/policy_gradient_loss,4608,-0.03714163973927498,46
train/policy_gradient_loss,5120,-0.032363444566726685,46
train/policy_gradient_loss,5632,-0.024623708799481392,46
train/policy_gradient_loss,6144,-0.018671618774533272,46
train/policy_gradient_loss,6656,-0.02725197561085224,46
train/policy_gradient_loss,7168,-0.023099664598703384,46
train/policy_gradient_loss,7680,-0.02744234725832939,46
train/policy_gradient_loss,8192,-0.024272708222270012,46
train/policy_gradient_loss,8704,-0.020522836595773697,46
train/policy_gradient_loss,9216,-0.02033386193215847,46
train/policy_gradient_loss,9728,-0.020326877012848854,46
train/policy_gradient_loss,10240,-0.026995085179805756,46
train/policy_gradient_loss,10752,-0.01863188110291958,46
train/policy_gradient_loss,11264,-0.021529734134674072,46
train/policy_gradient_loss,11776,-0.018917877227067947,46
train/policy_gradient_loss,12288,-0.016796480864286423,46
train/policy_gradient_loss,12800,-0.018653037026524544,46
train/policy_gradient_loss,13312,-0.013180936686694622,46
train/policy_gradient_loss,13824,-0.0193646140396595,46
train/policy_gradient_loss,14336,-0.019726350903511047,46
train/policy_gradient_loss,14848,-0.016533683985471725,46
train/policy_gradient_loss,15360,-0.022465255111455917,46
train/policy_gradient_loss,15872,-0.01913514733314514,46
train/policy_gradient_loss,16384,-0.0199260413646698,46
train/policy_gradient_loss,16896,-0.022921837866306305,46
train/policy_gradient_loss,17408,-0.018429476767778397,46
train/policy_gradient_loss,17920,-0.02069202996790409,46
train/policy_gradient_loss,18432,-0.01629781909286976,46
train/policy_gradient_loss,18944,-0.015527608804404736,46
train/policy_gradient_loss,19456,-0.0199827179312706,46
train/policy_gradient_loss,19968,-0.017696881666779518,46
train/policy_gradient_loss,20480,-0.019853638485074043,46
train/policy_gradient_loss,20992,-0.02002335712313652,46
train/policy_gradient_loss,21504,-0.017139123752713203,46
train/policy_gradient_loss,22016,-0.02417035400867462,46
train/policy_gradient_loss,22528,-0.019206471741199493,46
train/policy_gradient_loss,23040,-0.02023785561323166,46
train/policy_gradient_loss,23552,-0.017225904390215874,46
train/policy_gradient_loss,24064,-0.019887711852788925,46
train/policy_gradient_loss,24576,-0.019996795803308487,46
train/policy_gradient_loss,25088,-0.017425445839762688,46
train/policy_gradient_loss,25600,-0.014735639095306396,46
train/policy_gradient_loss,26112,-0.021029405295848846,46
train/policy_gradient_loss,26624,-0.01849181391298771,46
train/policy_gradient_loss,27136,-0.016873281449079514,46
train/policy_gradient_loss,27648,-0.01850862056016922,46
train/policy_gradient_loss,28160,-0.01972193457186222,46
train/policy_gradient_loss,28672,-0.022077923640608788,46
train/policy_gradient_loss,29184,-0.021540043875575066,46
train/policy_gradient_loss,29696,-0.019898444414138794,46
train/policy_gradient_loss,30208,-0.023528866469860077,46
train/std,1024,0.6058789491653442,46
train/std,1536,0.6016607880592346,46
train/std,2048,0.5991564989089966,46
train/std,2560,0.5950890183448792,46
train/std,3072,0.5901957750320435,46
train/std,3584,0.5854895114898682,46
train/std,4096,0.5821850299835205,46
train/std,4608,0.5786662697792053,46
train/std,5120,0.5758495330810547,46
train/std,5632,0.5729718804359436,46
train/std,6144,0.5698331594467163,46
train/std,6656,0.5663337111473083,46
train/std,7168,0.562886118888855,46
train/std,7680,0.5602234601974487,46
train/std,8192,0.5575063228607178,46
train/std,8704,0.5550346970558167,46
train/std,9216,0.5515699982643127,46
train/std,9728,0.5475927591323853,46
train/std,10240,0.5422163009643555,46
train/std,10752,0.5398492813110352,46
train/std,11264,0.5373970866203308,46
train/std,11776,0.5347495675086975,46
train/std,12288,0.5322781205177307,46
train/std,12800,0.5298757553100586,46
train/std,13312,0.525581955909729,46
train/std,13824,0.5225510001182556,46
train/std,14336,0.5185004472732544,46
train/std,14848,0.5152584910392761,46
train/std,15360,0.5120689272880554,46
train/std,15872,0.5111369490623474,46
train/std,16384,0.5084627866744995,46
train/std,16896,0.5066658854484558,46
train/std,17408,0.5049364566802979,46
train/std,17920,0.5044347643852234,46
train/std,18432,0.5012098550796509,46
train/std,18944,0.49907511472702026,46
train/std,19456,0.4964205026626587,46
train/std,19968,0.49346116185188293,46
train/std,20480,0.49175187945365906,46
train/std,20992,0.49092379212379456,46
train/std,21504,0.49010777473449707,46
train/std,22016,0.48865675926208496,46
train/std,22528,0.4856429696083069,46
train/std,23040,0.483014851808548,46
train/std,23552,0.4810762405395508,46
train/std,24064,0.4788737893104553,46
train/std,24576,0.47819799184799194,46
train/std,25088,0.4773205518722534,46
train/std,25600,0.47591468691825867,46
train/std,26112,0.4748135209083557,46
train/std,26624,0.47305697202682495,46
train/std,27136,0.4717300236225128,46
train/std,27648,0.46908628940582275,46
train/std,28160,0.4682900905609131,46
train/std,28672,0.46622157096862793,46
train/std,29184,0.46473321318626404,46
train/std,29696,0.46176648139953613,46
train/std,30208,0.4585903584957123,46
train/value_loss,1024,1.1643388271331787,46
train/value_loss,1536,0.9075360894203186,46
train/value_loss,2048,0.6360825300216675,46
train/value_loss,2560,0.47873756289482117,46
train/value_loss,3072,0.28002074360847473,46
train/value_loss,3584,0.15966558456420898,46
train/value_loss,4096,0.07776263356208801,46
train/value_loss,4608,0.0653478130698204,46
train/value_loss,5120,0.05540682002902031,46
train/value_loss,5632,0.05615820735692978,46
train/value_loss,6144,0.05223848670721054,46
train/value_loss,6656,0.046550214290618896,46
train/value_loss,7168,0.04265550151467323,46
train/value_loss,7680,0.04486983269453049,46
train/value_loss,8192,0.03671851009130478,46
train/value_loss,8704,0.04027872905135155,46
train/value_loss,9216,0.03678085282444954,46
train/value_loss,9728,0.040583666414022446,46
train/value_loss,10240,0.03973710164427757,46
train/value_loss,10752,0.03002810664474964,46
train/value_loss,11264,0.03108641318976879,46
train/value_loss,11776,0.02818887121975422,46
train/value_loss,12288,0.033520281314849854,46
train/value_loss,12800,0.032523106783628464,46
train/value_loss,13312,0.026929818093776703,46
train/value_loss,13824,0.03179232403635979,46
train/value_loss,14336,0.030335810035467148,46
train/value_loss,14848,0.02837037295103073,46
train/value_loss,15360,0.028218461200594902,46
train/value_loss,15872,0.026959221810102463,46
train/value_loss,16384,0.03092069737613201,46
train/value_loss,16896,0.028334390372037888,46
train/value_loss,17408,0.027457106858491898,46
train/value_loss,17920,0.027603624388575554,46
train/value_loss,18432,0.023287298157811165,46
train/value_loss,18944,0.02278420515358448,46
train/value_loss,19456,0.02232932671904564,46
train/value_loss,19968,0.02365274913609028,46
train/value_loss,20480,0.020474165678024292,46
train/value_loss,20992,0.021395113319158554,46
train/value_loss,21504,0.020640503615140915,46
train/value_loss,22016,0.021688081324100494,46
train/value_loss,22528,0.023768587037920952,46
train/value_loss,23040,0.018086696043610573,46
train/value_loss,23552,0.02247643657028675,46
train/value_loss,24064,0.022265255451202393,46
train/value_loss,24576,0.02577986940741539,46
train/value_loss,25088,0.018648674711585045,46
train/value_loss,25600,0.019110938534140587,46
train/value_loss,26112,0.022591587156057358,46
train/value_loss,26624,0.017069244757294655,46
train/value_loss,27136,0.019832931458950043,46
train/value_loss,27648,0.01863636076450348,46
train/value_loss,28160,0.01993485726416111,46
train/value_loss,28672,0.01493366714566946,46
train/value_loss,29184,0.019471092149615288,46
train/value_loss,29696,0.018139012157917023,46
train/value_loss,30208,0.016825847327709198,46
